File Name,Date Modified,Date Created,Date Last Opened,Kind,Size,Files,Path,Parent Folder,Location
.DS_Store,2026-09-15 06:25:45 +0000,2026-09-06 17:32:36 +0000,,,8 KB,1,/Users/pq/aikagan-web/.DS_Store,aikagan-web,/Users/pq/aikagan-web
run.sh,2026-09-15 03:01:55 +0000,2026-09-15 03:01:55 +0000,,Shell Script,360 bytes,1,/Users/pq/aikagan-web/run.sh,aikagan-web,/Users/pq/aikagan-web
.codex,2026-09-07 00:12:33 +0000,2026-09-02 07:20:43 +0000,,Folder,2 bytes,0,/Users/pq/aikagan-web/.codex,aikagan-web,/Users/pq/aikagan-web/.codex
.DS_Store,2026-09-07 00:12:33 +0000,2026-09-07 00:12:33 +0000,,,6 KB,1,/Users/pq/aikagan-web/.codex/.DS_Store,.codex,/Users/pq/aikagan-web/.codex
environments,2026-09-02 07:20:43 +0000,2026-09-02 07:20:43 +0000,,Folder,1 byte,0,/Users/pq/aikagan-web/.codex/environments,.codex,/Users/pq/aikagan-web/.codex/environments
environment.toml,2026-09-02 07:20:43 +0000,2026-09-02 07:20:43 +0000,,Toml Source File,100 bytes,1,/Users/pq/aikagan-web/.codex/environments/environment.toml,environments,/Users/pq/aikagan-web/.codex/environments
.opencode,2026-09-07 00:11:58 +0000,2026-09-06 17:27:55 +0000,,Folder,6 bytes,0,/Users/pq/aikagan-web/.opencode,aikagan-web,/Users/pq/aikagan-web/.opencode
.DS_Store,2026-09-07 00:12:33 +0000,2026-09-07 00:11:58 +0000,,,6 KB,1,/Users/pq/aikagan-web/.opencode/.DS_Store,.opencode,/Users/pq/aikagan-web/.opencode
.gitignore,2026-09-06 17:27:56 +0000,2026-09-06 17:27:56 +0000,,Data,63 bytes,1,/Users/pq/aikagan-web/.opencode/.gitignore,.opencode,/Users/pq/aikagan-web/.opencode
openwork.json,2026-09-06 17:27:55 +0000,2026-09-06 17:27:55 +0000,,Json,198 bytes,1,/Users/pq/aikagan-web/.opencode/openwork.json,.opencode,/Users/pq/aikagan-web/.opencode
package-lock.json,2026-09-06 17:28:08 +0000,2026-09-06 17:28:08 +0000,,Json,14 KB,1,/Users/pq/aikagan-web/.opencode/package-lock.json,.opencode,/Users/pq/aikagan-web/.opencode
package.json,2026-09-06 17:28:08 +0000,2026-09-06 17:28:08 +0000,,Json,64 bytes,1,/Users/pq/aikagan-web/.opencode/package.json,.opencode,/Users/pq/aikagan-web/.opencode
node_modules,2026-09-07 00:12:03 +0000,2026-09-06 17:28:03 +0000,,Folder,27 bytes,0,/Users/pq/aikagan-web/.opencode/node_modules,.opencode,/Users/pq/aikagan-web/.opencode/node_modules
.DS_Store,2026-09-07 00:12:33 +0000,2026-09-07 00:12:03 +0000,,,14 KB,1,/Users/pq/aikagan-web/.opencode/node_modules/.DS_Store,node_modules,/Users/pq/aikagan-web/.opencode/node_modules
.package-lock.json,2026-09-06 17:28:08 +0000,2026-09-06 17:28:08 +0000,,Json,11 KB,1,/Users/pq/aikagan-web/.opencode/node_modules/.package-lock.json,node_modules,/Users/pq/aikagan-web/.opencode/node_modules
.bin,2026-09-06 17:28:08 +0000,2026-09-06 17:28:08 +0000,,Folder,7 bytes,0,/Users/pq/aikagan-web/.opencode/node_modules/.bin,node_modules,/Users/pq/aikagan-web/.opencode/node_modules/.bin
download-msgpackr-prebuilds,2026-09-06 17:28:08 +0000,2026-09-06 17:28:08 +0000,,Symbolic Link,336 bytes,1,/Users/pq/aikagan-web/.opencode/node_modules/.bin/download-msgpackr-prebuilds,.bin,/Users/pq/aikagan-web/.opencode/node_modules/.bin
node-gyp-build-optional-packages,2026-09-06 17:28:08 +0000,2026-09-06 17:28:08 +0000,,Symbolic Link,2 KB,1,/Users/pq/aikagan-web/.opencode/node_modules/.bin/node-gyp-build-optional-packages,.bin,/Users/pq/aikagan-web/.opencode/node_modules/.bin
node-gyp-build-optional-packages-optional,2026-09-06 17:28:08 +0000,2026-09-06 17:28:08 +0000,,Symbolic Link,143 bytes,1,/Users/pq/aikagan-web/.opencode/node_modules/.bin/node-gyp-build-optional-packages-optional,.bin,/Users/pq/aikagan-web/.opencode/node_modules/.bin
node-gyp-build-optional-packages-test,2026-09-06 17:28:08 +0000,2026-09-06 17:28:08 +0000,,Symbolic Link,398 bytes,1,/Users/pq/aikagan-web/.opencode/node_modules/.bin/node-gyp-build-optional-packages-test,.bin,/Users/pq/aikagan-web/.opencode/node_modules/.bin
node-which,2026-09-06 17:28:08 +0000,2026-09-06 17:28:08 +0000,,Symbolic Link,985 bytes,1,/Users/pq/aikagan-web/.opencode/node_modules/.bin/node-which,.bin,/Users/pq/aikagan-web/.opencode/node_modules/.bin
uuid,2026-09-06 17:28:08 +0000,2026-09-06 17:28:08 +0000,,Symbolic Link,45 bytes,1,/Users/pq/aikagan-web/.opencode/node_modules/.bin/uuid,.bin,/Users/pq/aikagan-web/.opencode/node_modules/.bin
yaml,2026-09-06 17:28:08 +0000,2026-09-06 17:28:08 +0000,,Symbolic Link,310 bytes,1,/Users/pq/aikagan-web/.opencode/node_modules/.bin/yaml,.bin,/Users/pq/aikagan-web/.opencode/node_modules/.bin
@msgpackr-extract,2026-09-06 17:28:03 +0000,2026-09-06 17:28:03 +0000,,Folder,1 byte,0,/Users/pq/aikagan-web/.opencode/node_modules/@msgpackr-extract,node_modules,/Users/pq/aikagan-web/.opencode/node_modules/@msgpackr-extract
msgpackr-extract-darwin-arm64,2026-09-06 17:28:04 +0000,2026-09-06 17:28:03 +0000,,Folder,4 bytes,0,/Users/pq/aikagan-web/.opencode/node_modules/@msgpackr-extract/msgpackr-extract-darwin-arm64,@msgpackr-extract,/Users/pq/aikagan-web/.opencode/node_modules/@msgpackr-extract/msgpackr-extract-darwin-arm64
README.md,2026-09-06 17:28:04 +0000,2026-09-06 17:28:04 +0000,,Markdown Text,82 bytes,1,/Users/pq/aikagan-web/.opencode/node_modules/@msgpackr-extract/msgpackr-extract-darwin-arm64/README.md,msgpackr-extract-darwin-arm64,/Users/pq/aikagan-web/.opencode/node_modules/@msgpackr-extract/msgpackr-extract-darwin-arm64
index.js,2026-09-06 17:28:04 +0000,2026-09-06 17:28:04 +0000,,Javascript,Zero KB,1,/Users/pq/aikagan-web/.opencode/node_modules/@msgpackr-extract/msgpackr-extract-darwin-arm64/index.js,msgpackr-extract-darwin-arm64,/Users/pq/aikagan-web/.opencode/node_modules/@msgpackr-extract/msgpackr-extract-darwin-arm64
node.napi.glibc.node,2026-09-06 17:28:04 +0000,2026-09-06 17:28:04 +0000,,,53 KB,1,/Users/pq/aikagan-web/.opencode/node_modules/@msgpackr-extract/msgpackr-extract-darwin-arm64/node.napi.glibc.node,msgpackr-extract-darwin-arm64,/Users/pq/aikagan-web/.opencode/node_modules/@msgpackr-extract/msgpackr-extract-darwin-arm64
package.json,2026-09-06 17:28:04 +0000,2026-09-06 17:28:04 +0000,,Json,386 bytes,1,/Users/pq/aikagan-web/.opencode/node_modules/@msgpackr-extract/msgpackr-extract-darwin-arm64/package.json,msgpackr-extract-darwin-arm64,/Users/pq/aikagan-web/.opencode/node_modules/@msgpackr-extract/msgpackr-extract-darwin-arm64
@opencode-ai,2026-09-07 00:12:03 +0000,2026-09-06 17:28:03 +0000,,Folder,3 bytes,0,/Users/pq/aikagan-web/.opencode/node_modules/@opencode-ai,node_modules,/Users/pq/aikagan-web/.opencode/node_modules/@opencode-ai
.DS_Store,2026-09-07 00:12:03 +0000,2026-09-07 00:12:03 +0000,,,6 KB,1,/Users/pq/aikagan-web/.opencode/node_modules/@opencode-ai/.DS_Store,@opencode-ai,/Users/pq/aikagan-web/.opencode/node_modules/@opencode-ai
plugin,2026-09-06 17:28:04 +0000,2026-09-06 17:28:03 +0000,,Folder,2 bytes,0,/Users/pq/aikagan-web/.opencode/node_modules/@opencode-ai/plugin,@opencode-ai,/Users/pq/aikagan-web/.opencode/node_modules/@opencode-ai/plugin
package.json,2026-09-06 17:28:04 +0000,2026-09-06 17:28:04 +0000,,Json,1 KB,1,/Users/pq/aikagan-web/.opencode/node_modules/@opencode-ai/plugin/package.json,plugin,/Users/pq/aikagan-web/.opencode/node_modules/@opencode-ai/plugin
dist,2026-09-06 17:28:04 +0000,2026-09-06 17:28:04 +0000,,Folder,12 bytes,0,/Users/pq/aikagan-web/.opencode/node_modules/@opencode-ai/plugin/dist,plugin,/Users/pq/aikagan-web/.opencode/node_modules/@opencode-ai/plugin/dist
example-workspace.d.ts,2026-09-06 17:28:04 +0000,2026-09-06 17:28:04 +0000,,Mpeg-2 Transport Stream,141 bytes,1,/Users/pq/aikagan-web/.opencode/node_modules/@opencode-ai/plugin/dist/example-workspace.d.ts,dist,/Users/pq/aikagan-web/.opencode/node_modules/@opencode-ai/plugin/dist
example-workspace.js,2026-09-06 17:28:04 +0000,2026-09-06 17:28:04 +0000,,Javascript,938 bytes,1,/Users/pq/aikagan-web/.opencode/node_modules/@opencode-ai/plugin/dist/example-workspace.js,dist,/Users/pq/aikagan-web/.opencode/node_modules/@opencode-ai/plugin/dist
example.d.ts,2026-09-06 17:28:04 +0000,2026-09-06 17:28:04 +0000,,Mpeg-2 Transport Stream,81 bytes,1,/Users/pq/aikagan-web/.opencode/node_modules/@opencode-ai/plugin/dist/example.d.ts,dist,/Users/pq/aikagan-web/.opencode/node_modules/@opencode-ai/plugin/dist
example.js,2026-09-06 17:28:04 +0000,2026-09-06 17:28:04 +0000,,Javascript,440 bytes,1,/Users/pq/aikagan-web/.opencode/node_modules/@opencode-ai/plugin/dist/example.js,dist,/Users/pq/aikagan-web/.opencode/node_modules/@opencode-ai/plugin/dist
index.d.ts,2026-09-06 17:28:04 +0000,2026-09-06 17:28:04 +0000,,Mpeg-2 Transport Stream,9 KB,1,/Users/pq/aikagan-web/.opencode/node_modules/@opencode-ai/plugin/dist/index.d.ts,dist,/Users/pq/aikagan-web/.opencode/node_modules/@opencode-ai/plugin/dist
index.js,2026-09-06 17:28:04 +0000,2026-09-06 17:28:04 +0000,,Javascript,27 bytes,1,/Users/pq/aikagan-web/.opencode/node_modules/@opencode-ai/plugin/dist/index.js,dist,/Users/pq/aikagan-web/.opencode/node_modules/@opencode-ai/plugin/dist
shell.d.ts,2026-09-06 17:28:04 +0000,2026-09-06 17:28:04 +0000,,Mpeg-2 Transport Stream,3 KB,1,/Users/pq/aikagan-web/.opencode/node_modules/@opencode-ai/plugin/dist/shell.d.ts,dist,/Users/pq/aikagan-web/.opencode/node_modules/@opencode-ai/plugin/dist
shell.js,2026-09-06 17:28:04 +0000,2026-09-06 17:28:04 +0000,,Javascript,11 bytes,1,/Users/pq/aikagan-web/.opencode/node_modules/@opencode-ai/plugin/dist/shell.js,dist,/Users/pq/aikagan-web/.opencode/node_modules/@opencode-ai/plugin/dist
tool.d.ts,2026-09-06 17:28:04 +0000,2026-09-06 17:28:04 +0000,,Mpeg-2 Transport Stream,2 KB,1,/Users/pq/aikagan-web/.opencode/node_modules/@opencode-ai/plugin/dist/tool.d.ts,dist,/Users/pq/aikagan-web/.opencode/node_modules/@opencode-ai/plugin/dist
tool.js,2026-09-06 17:28:04 +0000,2026-09-06 17:28:04 +0000,,Javascript,92 bytes,1,/Users/pq/aikagan-web/.opencode/node_modules/@opencode-ai/plugin/dist/tool.js,dist,/Users/pq/aikagan-web/.opencode/node_modules/@opencode-ai/plugin/dist
tui.d.ts,2026-09-06 17:28:04 +0000,2026-09-06 17:28:04 +0000,,Mpeg-2 Transport Stream,18 KB,1,/Users/pq/aikagan-web/.opencode/node_modules/@opencode-ai/plugin/dist/tui.d.ts,dist,/Users/pq/aikagan-web/.opencode/node_modules/@opencode-ai/plugin/dist
tui.js,2026-09-06 17:28:04 +0000,2026-09-06 17:28:04 +0000,,Javascript,480 bytes,1,/Users/pq/aikagan-web/.opencode/node_modules/@opencode-ai/plugin/dist/tui.js,dist,/Users/pq/aikagan-web/.opencode/node_modules/@opencode-ai/plugin/dist
sdk,2026-09-06 17:28:04 +0000,2026-09-06 17:28:03 +0000,,Folder,2 bytes,0,/Users/pq/aikagan-web/.opencode/node_modules/@opencode-ai/sdk,@opencode-ai,/Users/pq/aikagan-web/.opencode/node_modules/@opencode-ai/sdk
package.json,2026-09-06 17:28:04 +0000,2026-09-06 17:28:04 +0000,,Json,1 KB,1,/Users/pq/aikagan-web/.opencode/node_modules/@opencode-ai/sdk/package.json,sdk,/Users/pq/aikagan-web/.opencode/node_modules/@opencode-ai/sdk
dist,2026-09-06 17:28:04 +0000,2026-09-06 17:28:04 +0000,,Folder,12 bytes,0,/Users/pq/aikagan-web/.opencode/node_modules/@opencode-ai/sdk/dist,sdk,/Users/pq/aikagan-web/.opencode/node_modules/@opencode-ai/sdk/dist
client.d.ts,2026-09-06 17:28:04 +0000,2026-09-06 17:28:04 +0000,,Mpeg-2 Transport Stream,317 bytes,1,/Users/pq/aikagan-web/.opencode/node_modules/@opencode-ai/sdk/dist/client.d.ts,dist,/Users/pq/aikagan-web/.opencode/node_modules/@opencode-ai/sdk/dist
client.js,2026-09-06 17:28:04 +0000,2026-09-06 17:28:04 +0000,,Javascript,2 KB,1,/Users/pq/aikagan-web/.opencode/node_modules/@opencode-ai/sdk/dist/client.js,dist,/Users/pq/aikagan-web/.opencode/node_modules/@opencode-ai/sdk/dist
error-interceptor.d.ts,2026-09-06 17:28:04 +0000,2026-09-06 17:28:04 +0000,,Mpeg-2 Transport Stream,776 bytes,1,/Users/pq/aikagan-web/.opencode/node_modules/@opencode-ai/sdk/dist/error-interceptor.d.ts,dist,/Users/pq/aikagan-web/.opencode/node_modules/@opencode-ai/sdk/dist
error-interceptor.js,2026-09-06 17:28:04 +0000,2026-09-06 17:28:04 +0000,,Javascript,2 KB,1,/Users/pq/aikagan-web/.opencode/node_modules/@opencode-ai/sdk/dist/error-interceptor.js,dist,/Users/pq/aikagan-web/.opencode/node_modules/@opencode-ai/sdk/dist
index.d.ts,2026-09-06 17:28:04 +0000,2026-09-06 17:28:04 +0000,,Mpeg-2 Transport Stream,302 bytes,1,/Users/pq/aikagan-web/.opencode/node_modules/@opencode-ai/sdk/dist/index.d.ts,dist,/Users/pq/aikagan-web/.opencode/node_modules/@opencode-ai/sdk/dist
index.js,2026-09-06 17:28:04 +0000,2026-09-06 17:28:04 +0000,,Javascript,419 bytes,1,/Users/pq/aikagan-web/.opencode/node_modules/@opencode-ai/sdk/dist/index.js,dist,/Users/pq/aikagan-web/.opencode/node_modules/@opencode-ai/sdk/dist
process.d.ts,2026-09-06 17:28:04 +0000,2026-09-06 17:28:04 +0000,,Mpeg-2 Transport Stream,223 bytes,1,/Users/pq/aikagan-web/.opencode/node_modules/@opencode-ai/sdk/dist/process.d.ts,dist,/Users/pq/aikagan-web/.opencode/node_modules/@opencode-ai/sdk/dist
process.js,2026-09-06 17:28:04 +0000,2026-09-06 17:28:04 +0000,,Javascript,1 KB,1,/Users/pq/aikagan-web/.opencode/node_modules/@opencode-ai/sdk/dist/process.js,dist,/Users/pq/aikagan-web/.opencode/node_modules/@opencode-ai/sdk/dist
server.d.ts,2026-09-06 17:28:04 +0000,2026-09-06 17:28:04 +0000,,Mpeg-2 Transport Stream,565 bytes,1,/Users/pq/aikagan-web/.opencode/node_modules/@opencode-ai/sdk/dist/server.d.ts,dist,/Users/pq/aikagan-web/.opencode/node_modules/@opencode-ai/sdk/dist
server.js,2026-09-06 17:28:04 +0000,2026-09-06 17:28:04 +0000,,Javascript,3 KB,1,/Users/pq/aikagan-web/.opencode/node_modules/@opencode-ai/sdk/dist/server.js,dist,/Users/pq/aikagan-web/.opencode/node_modules/@opencode-ai/sdk/dist
gen,2026-09-06 17:28:04 +0000,2026-09-06 17:28:04 +0000,,Folder,8 bytes,0,/Users/pq/aikagan-web/.opencode/node_modules/@opencode-ai/sdk/dist/gen,dist,/Users/pq/aikagan-web/.opencode/node_modules/@opencode-ai/sdk/dist/gen
client.gen.d.ts,2026-09-06 17:28:04 +0000,2026-09-06 17:28:04 +0000,,Mpeg-2 Transport Stream,749 bytes,1,/Users/pq/aikagan-web/.opencode/node_modules/@opencode-ai/sdk/dist/gen/client.gen.d.ts,gen,/Users/pq/aikagan-web/.opencode/node_modules/@opencode-ai/sdk/dist/gen
client.gen.js,2026-09-06 17:28:04 +0000,2026-09-06 17:28:04 +0000,,Javascript,211 bytes,1,/Users/pq/aikagan-web/.opencode/node_modules/@opencode-ai/sdk/dist/gen/client.gen.js,gen,/Users/pq/aikagan-web/.opencode/node_modules/@opencode-ai/sdk/dist/gen
sdk.gen.d.ts,2026-09-06 17:28:04 +0000,2026-09-06 17:28:04 +0000,,Mpeg-2 Transport Stream,27 KB,1,/Users/pq/aikagan-web/.opencode/node_modules/@opencode-ai/sdk/dist/gen/sdk.gen.d.ts,gen,/Users/pq/aikagan-web/.opencode/node_modules/@opencode-ai/sdk/dist/gen
sdk.gen.js,2026-09-06 17:28:04 +0000,2026-09-06 17:28:04 +0000,,Javascript,22 KB,1,/Users/pq/aikagan-web/.opencode/node_modules/@opencode-ai/sdk/dist/gen/sdk.gen.js,gen,/Users/pq/aikagan-web/.opencode/node_modules/@opencode-ai/sdk/dist/gen
types.gen.d.ts,2026-09-06 17:28:04 +0000,2026-09-06 17:28:04 +0000,,Mpeg-2 Transport Stream,77 KB,1,/Users/pq/aikagan-web/.opencode/node_modules/@opencode-ai/sdk/dist/gen/types.gen.d.ts,gen,/Users/pq/aikagan-web/.opencode/node_modules/@opencode-ai/sdk/dist/gen
types.gen.js,2026-09-06 17:28:04 +0000,2026-09-06 17:28:04 +0000,,Javascript,65 bytes,1,/Users/pq/aikagan-web/.opencode/node_modules/@opencode-ai/sdk/dist/gen/types.gen.js,gen,/Users/pq/aikagan-web/.opencode/node_modules/@opencode-ai/sdk/dist/gen
client,2026-09-06 17:28:04 +0000,2026-09-06 17:28:04 +0000,,Folder,8 bytes,0,/Users/pq/aikagan-web/.opencode/node_modules/@opencode-ai/sdk/dist/gen/client,gen,/Users/pq/aikagan-web/.opencode/node_modules/@opencode-ai/sdk/dist/gen/client
client.gen.d.ts,2026-09-06 17:28:04 +0000,2026-09-06 17:28:04 +0000,,Mpeg-2 Transport Stream,118 bytes,1,/Users/pq/aikagan-web/.opencode/node_modules/@opencode-ai/sdk/dist/gen/client/client.gen.d.ts,client,/Users/pq/aikagan-web/.opencode/node_modules/@opencode-ai/sdk/dist/gen/client
client.gen.js,2026-09-06 17:28:04 +0000,2026-09-06 17:28:04 +0000,,Javascript,6 KB,1,/Users/pq/aikagan-web/.opencode/node_modules/@opencode-ai/sdk/dist/gen/client/client.gen.js,client,/Users/pq/aikagan-web/.opencode/node_modules/@opencode-ai/sdk/dist/gen/client
index.d.ts,2026-09-06 17:28:04 +0000,2026-09-06 17:28:04 +0000,,Mpeg-2 Transport Stream,620 bytes,1,/Users/pq/aikagan-web/.opencode/node_modules/@opencode-ai/sdk/dist/gen/client/index.d.ts,client,/Users/pq/aikagan-web/.opencode/node_modules/@opencode-ai/sdk/dist/gen/client
index.js,2026-09-06 17:28:04 +0000,2026-09-06 17:28:04 +0000,,Javascript,346 bytes,1,/Users/pq/aikagan-web/.opencode/node_modules/@opencode-ai/sdk/dist/gen/client/index.js,client,/Users/pq/aikagan-web/.opencode/node_modules/@opencode-ai/sdk/dist/gen/client
types.gen.d.ts,2026-09-06 17:28:04 +0000,2026-09-06 17:28:04 +0000,,Mpeg-2 Transport Stream,7 KB,1,/Users/pq/aikagan-web/.opencode/node_modules/@opencode-ai/sdk/dist/gen/client/types.gen.d.ts,client,/Users/pq/aikagan-web/.opencode/node_modules/@opencode-ai/sdk/dist/gen/client
types.gen.js,2026-09-06 17:28:04 +0000,2026-09-06 17:28:04 +0000,,Javascript,65 bytes,1,/Users/pq/aikagan-web/.opencode/node_modules/@opencode-ai/sdk/dist/gen/client/types.gen.js,client,/Users/pq/aikagan-web/.opencode/node_modules/@opencode-ai/sdk/dist/gen/client
utils.gen.d.ts,2026-09-06 17:28:04 +0000,2026-09-06 17:28:04 +0000,,Mpeg-2 Transport Stream,2 KB,1,/Users/pq/aikagan-web/.opencode/node_modules/@opencode-ai/sdk/dist/gen/client/utils.gen.d.ts,client,/Users/pq/aikagan-web/.opencode/node_modules/@opencode-ai/sdk/dist/gen/client
utils.gen.js,2026-09-06 17:28:04 +0000,2026-09-06 17:28:04 +0000,,Javascript,7 KB,1,/Users/pq/aikagan-web/.opencode/node_modules/@opencode-ai/sdk/dist/gen/client/utils.gen.js,client,/Users/pq/aikagan-web/.opencode/node_modules/@opencode-ai/sdk/dist/gen/client
core,2026-09-06 17:28:04 +0000,2026-09-06 17:28:04 +0000,,Folder,16 bytes,0,/Users/pq/aikagan-web/.opencode/node_modules/@opencode-ai/sdk/dist/gen/core,gen,/Users/pq/aikagan-web/.opencode/node_modules/@opencode-ai/sdk/dist/gen/core
auth.gen.d.ts,2026-09-06 17:28:04 +0000,2026-09-06 17:28:04 +0000,,Mpeg-2 Transport Stream,546 bytes,1,/Users/pq/aikagan-web/.opencode/node_modules/@opencode-ai/sdk/dist/gen/core/auth.gen.d.ts,core,/Users/pq/aikagan-web/.opencode/node_modules/@opencode-ai/sdk/dist/gen/core
auth.gen.js,2026-09-06 17:28:04 +0000,2026-09-06 17:28:04 +0000,,Javascript,411 bytes,1,/Users/pq/aikagan-web/.opencode/node_modules/@opencode-ai/sdk/dist/gen/core/auth.gen.js,core,/Users/pq/aikagan-web/.opencode/node_modules/@opencode-ai/sdk/dist/gen/core
bodySerializer.gen.d.ts,2026-09-06 17:28:04 +0000,2026-09-06 17:28:04 +0000,,Mpeg-2 Transport Stream,776 bytes,1,/Users/pq/aikagan-web/.opencode/node_modules/@opencode-ai/sdk/dist/gen/core/bodySerializer.gen.d.ts,core,/Users/pq/aikagan-web/.opencode/node_modules/@opencode-ai/sdk/dist/gen/core
bodySerializer.gen.js,2026-09-06 17:28:04 +0000,2026-09-06 17:28:04 +0000,,Javascript,2 KB,1,/Users/pq/aikagan-web/.opencode/node_modules/@opencode-ai/sdk/dist/gen/core/bodySerializer.gen.js,core,/Users/pq/aikagan-web/.opencode/node_modules/@opencode-ai/sdk/dist/gen/core
params.gen.d.ts,2026-09-06 17:28:04 +0000,2026-09-06 17:28:04 +0000,,Mpeg-2 Transport Stream,927 bytes,1,/Users/pq/aikagan-web/.opencode/node_modules/@opencode-ai/sdk/dist/gen/core/params.gen.d.ts,core,/Users/pq/aikagan-web/.opencode/node_modules/@opencode-ai/sdk/dist/gen/core
params.gen.js,2026-09-06 17:28:04 +0000,2026-09-06 17:28:04 +0000,,Javascript,3 KB,1,/Users/pq/aikagan-web/.opencode/node_modules/@opencode-ai/sdk/dist/gen/core/params.gen.js,core,/Users/pq/aikagan-web/.opencode/node_modules/@opencode-ai/sdk/dist/gen/core
pathSerializer.gen.d.ts,2026-09-06 17:28:04 +0000,2026-09-06 17:28:04 +0000,,Mpeg-2 Transport Stream,1 KB,1,/Users/pq/aikagan-web/.opencode/node_modules/@opencode-ai/sdk/dist/gen/core/pathSerializer.gen.d.ts,core,/Users/pq/aikagan-web/.opencode/node_modules/@opencode-ai/sdk/dist/gen/core
pathSerializer.gen.js,2026-09-06 17:28:04 +0000,2026-09-06 17:28:04 +0000,,Javascript,4 KB,1,/Users/pq/aikagan-web/.opencode/node_modules/@opencode-ai/sdk/dist/gen/core/pathSerializer.gen.js,core,/Users/pq/aikagan-web/.opencode/node_modules/@opencode-ai/sdk/dist/gen/core
queryKeySerializer.gen.d.ts,2026-09-06 17:28:04 +0000,2026-09-06 17:28:04 +0000,,Mpeg-2 Transport Stream,705 bytes,1,/Users/pq/aikagan-web/.opencode/node_modules/@opencode-ai/sdk/dist/gen/core/queryKeySerializer.gen.d.ts,core,/Users/pq/aikagan-web/.opencode/node_modules/@opencode-ai/sdk/dist/gen/core
queryKeySerializer.gen.js,2026-09-06 17:28:04 +0000,2026-09-06 17:28:04 +0000,,Javascript,3 KB,1,/Users/pq/aikagan-web/.opencode/node_modules/@opencode-ai/sdk/dist/gen/core/queryKeySerializer.gen.js,core,/Users/pq/aikagan-web/.opencode/node_modules/@opencode-ai/sdk/dist/gen/core
serverSentEvents.gen.d.ts,2026-09-06 17:28:04 +0000,2026-09-06 17:28:04 +0000,,Mpeg-2 Transport Stream,2 KB,1,/Users/pq/aikagan-web/.opencode/node_modules/@opencode-ai/sdk/dist/gen/core/serverSentEvents.gen.d.ts,core,/Users/pq/aikagan-web/.opencode/node_modules/@opencode-ai/sdk/dist/gen/core
serverSentEvents.gen.js,2026-09-06 17:28:04 +0000,2026-09-06 17:28:04 +0000,,Javascript,5 KB,1,/Users/pq/aikagan-web/.opencode/node_modules/@opencode-ai/sdk/dist/gen/core/serverSentEvents.gen.js,core,/Users/pq/aikagan-web/.opencode/node_modules/@opencode-ai/sdk/dist/gen/core
types.gen.d.ts,2026-09-06 17:28:04 +0000,2026-09-06 17:28:04 +0000,,Mpeg-2 Transport Stream,3 KB,1,/Users/pq/aikagan-web/.opencode/node_modules/@opencode-ai/sdk/dist/gen/core/types.gen.d.ts,core,/Users/pq/aikagan-web/.opencode/node_modules/@opencode-ai/sdk/dist/gen/core
types.gen.js,2026-09-06 17:28:04 +0000,2026-09-06 17:28:04 +0000,,Javascript,65 bytes,1,/Users/pq/aikagan-web/.opencode/node_modules/@opencode-ai/sdk/dist/gen/core/types.gen.js,core,/Users/pq/aikagan-web/.opencode/node_modules/@opencode-ai/sdk/dist/gen/core
utils.gen.d.ts,2026-09-06 17:28:04 +0000,2026-09-06 17:28:04 +0000,,Mpeg-2 Transport Stream,540 bytes,1,/Users/pq/aikagan-web/.opencode/node_modules/@opencode-ai/sdk/dist/gen/core/utils.gen.d.ts,core,/Users/pq/aikagan-web/.opencode/node_modules/@opencode-ai/sdk/dist/gen/core
utils.gen.js,2026-09-06 17:28:04 +0000,2026-09-06 17:28:04 +0000,,Javascript,2 KB,1,/Users/pq/aikagan-web/.opencode/node_modules/@opencode-ai/sdk/dist/gen/core/utils.gen.js,core,/Users/pq/aikagan-web/.opencode/node_modules/@opencode-ai/sdk/dist/gen/core
v2,2026-09-06 17:28:04 +0000,2026-09-06 17:28:04 +0000,,Folder,9 bytes,0,/Users/pq/aikagan-web/.opencode/node_modules/@opencode-ai/sdk/dist/v2,dist,/Users/pq/aikagan-web/.opencode/node_modules/@opencode-ai/sdk/dist/v2
client.d.ts,2026-09-06 17:28:04 +0000,2026-09-06 17:28:04 +0000,,Mpeg-2 Transport Stream,491 bytes,1,/Users/pq/aikagan-web/.opencode/node_modules/@opencode-ai/sdk/dist/v2/client.d.ts,v2,/Users/pq/aikagan-web/.opencode/node_modules/@opencode-ai/sdk/dist/v2
client.js,2026-09-06 17:28:04 +0000,2026-09-06 17:28:04 +0000,,Javascript,3 KB,1,/Users/pq/aikagan-web/.opencode/node_modules/@opencode-ai/sdk/dist/v2/client.js,v2,/Users/pq/aikagan-web/.opencode/node_modules/@opencode-ai/sdk/dist/v2
data.d.ts,2026-09-06 17:28:04 +0000,2026-09-06 17:28:04 +0000,,Mpeg-2 Transport Stream,281 bytes,1,/Users/pq/aikagan-web/.opencode/node_modules/@opencode-ai/sdk/dist/v2/data.d.ts,v2,/Users/pq/aikagan-web/.opencode/node_modules/@opencode-ai/sdk/dist/v2
data.js,2026-09-06 17:28:04 +0000,2026-09-06 17:28:04 +0000,,Javascript,527 bytes,1,/Users/pq/aikagan-web/.opencode/node_modules/@opencode-ai/sdk/dist/v2/data.js,v2,/Users/pq/aikagan-web/.opencode/node_modules/@opencode-ai/sdk/dist/v2
index.d.ts,2026-09-06 17:28:04 +0000,2026-09-06 17:28:04 +0000,,Mpeg-2 Transport Stream,337 bytes,1,/Users/pq/aikagan-web/.opencode/node_modules/@opencode-ai/sdk/dist/v2/index.d.ts,v2,/Users/pq/aikagan-web/.opencode/node_modules/@opencode-ai/sdk/dist/v2
index.js,2026-09-06 17:28:04 +0000,2026-09-06 17:28:04 +0000,,Javascript,454 bytes,1,/Users/pq/aikagan-web/.opencode/node_modules/@opencode-ai/sdk/dist/v2/index.js,v2,/Users/pq/aikagan-web/.opencode/node_modules/@opencode-ai/sdk/dist/v2
server.d.ts,2026-09-06 17:28:04 +0000,2026-09-06 17:28:04 +0000,,Mpeg-2 Transport Stream,565 bytes,1,/Users/pq/aikagan-web/.opencode/node_modules/@opencode-ai/sdk/dist/v2/server.d.ts,v2,/Users/pq/aikagan-web/.opencode/node_modules/@opencode-ai/sdk/dist/v2
server.js,2026-09-06 17:28:04 +0000,2026-09-06 17:28:04 +0000,,Javascript,3 KB,1,/Users/pq/aikagan-web/.opencode/node_modules/@opencode-ai/sdk/dist/v2/server.js,v2,/Users/pq/aikagan-web/.opencode/node_modules/@opencode-ai/sdk/dist/v2
gen,2026-09-06 17:28:04 +0000,2026-09-06 17:28:04 +0000,,Folder,8 bytes,0,/Users/pq/aikagan-web/.opencode/node_modules/@opencode-ai/sdk/dist/v2/gen,v2,/Users/pq/aikagan-web/.opencode/node_modules/@opencode-ai/sdk/dist/v2/gen
client.gen.d.ts,2026-09-06 17:28:04 +0000,2026-09-06 17:28:04 +0000,,Mpeg-2 Transport Stream,723 bytes,1,/Users/pq/aikagan-web/.opencode/node_modules/@opencode-ai/sdk/dist/v2/gen/client.gen.d.ts,gen,/Users/pq/aikagan-web/.opencode/node_modules/@opencode-ai/sdk/dist/v2/gen
client.gen.js,2026-09-06 17:28:04 +0000,2026-09-06 17:28:04 +0000,,Javascript,206 bytes,1,/Users/pq/aikagan-web/.opencode/node_modules/@opencode-ai/sdk/dist/v2/gen/client.gen.js,gen,/Users/pq/aikagan-web/.opencode/node_modules/@opencode-ai/sdk/dist/v2/gen
sdk.gen.d.ts,2026-09-06 17:28:04 +0000,2026-09-06 17:28:04 +0000,,Mpeg-2 Transport Stream,85 KB,1,/Users/pq/aikagan-web/.opencode/node_modules/@opencode-ai/sdk/dist/v2/gen/sdk.gen.d.ts,gen,/Users/pq/aikagan-web/.opencode/node_modules/@opencode-ai/sdk/dist/v2/gen
sdk.gen.js,2026-09-06 17:28:04 +0000,2026-09-06 17:28:04 +0000,,Javascript,112 KB,1,/Users/pq/aikagan-web/.opencode/node_modules/@opencode-ai/sdk/dist/v2/gen/sdk.gen.js,gen,/Users/pq/aikagan-web/.opencode/node_modules/@opencode-ai/sdk/dist/v2/gen
types.gen.d.ts,2026-09-06 17:28:04 +0000,2026-09-06 17:28:04 +0000,,Mpeg-2 Transport Stream,220 KB,1,/Users/pq/aikagan-web/.opencode/node_modules/@opencode-ai/sdk/dist/v2/gen/types.gen.d.ts,gen,/Users/pq/aikagan-web/.opencode/node_modules/@opencode-ai/sdk/dist/v2/gen
types.gen.js,2026-09-06 17:28:04 +0000,2026-09-06 17:28:04 +0000,,Javascript,65 bytes,1,/Users/pq/aikagan-web/.opencode/node_modules/@opencode-ai/sdk/dist/v2/gen/types.gen.js,gen,/Users/pq/aikagan-web/.opencode/node_modules/@opencode-ai/sdk/dist/v2/gen
client,2026-09-06 17:28:04 +0000,2026-09-06 17:28:04 +0000,,Folder,8 bytes,0,/Users/pq/aikagan-web/.opencode/node_modules/@opencode-ai/sdk/dist/v2/gen/client,gen,/Users/pq/aikagan-web/.opencode/node_modules/@opencode-ai/sdk/dist/v2/gen/client
client.gen.d.ts,2026-09-06 17:28:04 +0000,2026-09-06 17:28:04 +0000,,Mpeg-2 Transport Stream,118 bytes,1,/Users/pq/aikagan-web/.opencode/node_modules/@opencode-ai/sdk/dist/v2/gen/client/client.gen.d.ts,client,/Users/pq/aikagan-web/.opencode/node_modules/@opencode-ai/sdk/dist/v2/gen/client
client.gen.js,2026-09-06 17:28:04 +0000,2026-09-06 17:28:04 +0000,,Javascript,8 KB,1,/Users/pq/aikagan-web/.opencode/node_modules/@opencode-ai/sdk/dist/v2/gen/client/client.gen.js,client,/Users/pq/aikagan-web/.opencode/node_modules/@opencode-ai/sdk/dist/v2/gen/client
index.d.ts,2026-09-06 17:28:04 +0000,2026-09-06 17:28:04 +0000,,Mpeg-2 Transport Stream,675 bytes,1,/Users/pq/aikagan-web/.opencode/node_modules/@opencode-ai/sdk/dist/v2/gen/client/index.d.ts,client,/Users/pq/aikagan-web/.opencode/node_modules/@opencode-ai/sdk/dist/v2/gen/client
index.js,2026-09-06 17:28:04 +0000,2026-09-06 17:28:04 +0000,,Javascript,422 bytes,1,/Users/pq/aikagan-web/.opencode/node_modules/@opencode-ai/sdk/dist/v2/gen/client/index.js,client,/Users/pq/aikagan-web/.opencode/node_modules/@opencode-ai/sdk/dist/v2/gen/client
types.gen.d.ts,2026-09-06 17:28:04 +0000,2026-09-06 17:28:04 +0000,,Mpeg-2 Transport Stream,6 KB,1,/Users/pq/aikagan-web/.opencode/node_modules/@opencode-ai/sdk/dist/v2/gen/client/types.gen.d.ts,client,/Users/pq/aikagan-web/.opencode/node_modules/@opencode-ai/sdk/dist/v2/gen/client
types.gen.js,2026-09-06 17:28:04 +0000,2026-09-06 17:28:04 +0000,,Javascript,65 bytes,1,/Users/pq/aikagan-web/.opencode/node_modules/@opencode-ai/sdk/dist/v2/gen/client/types.gen.js,client,/Users/pq/aikagan-web/.opencode/node_modules/@opencode-ai/sdk/dist/v2/gen/client
utils.gen.d.ts,2026-09-06 17:28:04 +0000,2026-09-06 17:28:04 +0000,,Mpeg-2 Transport Stream,2 KB,1,/Users/pq/aikagan-web/.opencode/node_modules/@opencode-ai/sdk/dist/v2/gen/client/utils.gen.d.ts,client,/Users/pq/aikagan-web/.opencode/node_modules/@opencode-ai/sdk/dist/v2/gen/client
utils.gen.js,2026-09-06 17:28:04 +0000,2026-09-06 17:28:04 +0000,,Javascript,7 KB,1,/Users/pq/aikagan-web/.opencode/node_modules/@opencode-ai/sdk/dist/v2/gen/client/utils.gen.js,client,/Users/pq/aikagan-web/.opencode/node_modules/@opencode-ai/sdk/dist/v2/gen/client
core,2026-09-06 17:28:04 +0000,2026-09-06 17:28:04 +0000,,Folder,16 bytes,0,/Users/pq/aikagan-web/.opencode/node_modules/@opencode-ai/sdk/dist/v2/gen/core,gen,/Users/pq/aikagan-web/.opencode/node_modules/@opencode-ai/sdk/dist/v2/gen/core
auth.gen.d.ts,2026-09-06 17:28:04 +0000,2026-09-06 17:28:04 +0000,,Mpeg-2 Transport Stream,546 bytes,1,/Users/pq/aikagan-web/.opencode/node_modules/@opencode-ai/sdk/dist/v2/gen/core/auth.gen.d.ts,core,/Users/pq/aikagan-web/.opencode/node_modules/@opencode-ai/sdk/dist/v2/gen/core
auth.gen.js,2026-09-06 17:28:04 +0000,2026-09-06 17:28:04 +0000,,Javascript,411 bytes,1,/Users/pq/aikagan-web/.opencode/node_modules/@opencode-ai/sdk/dist/v2/gen/core/auth.gen.js,core,/Users/pq/aikagan-web/.opencode/node_modules/@opencode-ai/sdk/dist/v2/gen/core
bodySerializer.gen.d.ts,2026-09-06 17:28:04 +0000,2026-09-06 17:28:04 +0000,,Mpeg-2 Transport Stream,1 KB,1,/Users/pq/aikagan-web/.opencode/node_modules/@opencode-ai/sdk/dist/v2/gen/core/bodySerializer.gen.d.ts,core,/Users/pq/aikagan-web/.opencode/node_modules/@opencode-ai/sdk/dist/v2/gen/core
bodySerializer.gen.js,2026-09-06 17:28:04 +0000,2026-09-06 17:28:04 +0000,,Javascript,2 KB,1,/Users/pq/aikagan-web/.opencode/node_modules/@opencode-ai/sdk/dist/v2/gen/core/bodySerializer.gen.js,core,/Users/pq/aikagan-web/.opencode/node_modules/@opencode-ai/sdk/dist/v2/gen/core
params.gen.d.ts,2026-09-06 17:28:04 +0000,2026-09-06 17:28:04 +0000,,Mpeg-2 Transport Stream,1 KB,1,/Users/pq/aikagan-web/.opencode/node_modules/@opencode-ai/sdk/dist/v2/gen/core/params.gen.d.ts,core,/Users/pq/aikagan-web/.opencode/node_modules/@opencode-ai/sdk/dist/v2/gen/core
params.gen.js,2026-09-06 17:28:04 +0000,2026-09-06 17:28:04 +0000,,Javascript,3 KB,1,/Users/pq/aikagan-web/.opencode/node_modules/@opencode-ai/sdk/dist/v2/gen/core/params.gen.js,core,/Users/pq/aikagan-web/.opencode/node_modules/@opencode-ai/sdk/dist/v2/gen/core
pathSerializer.gen.d.ts,2026-09-06 17:28:04 +0000,2026-09-06 17:28:04 +0000,,Mpeg-2 Transport Stream,1 KB,1,/Users/pq/aikagan-web/.opencode/node_modules/@opencode-ai/sdk/dist/v2/gen/core/pathSerializer.gen.d.ts,core,/Users/pq/aikagan-web/.opencode/node_modules/@opencode-ai/sdk/dist/v2/gen/core
pathSerializer.gen.js,2026-09-06 17:28:04 +0000,2026-09-06 17:28:04 +0000,,Javascript,4 KB,1,/Users/pq/aikagan-web/.opencode/node_modules/@opencode-ai/sdk/dist/v2/gen/core/pathSerializer.gen.js,core,/Users/pq/aikagan-web/.opencode/node_modules/@opencode-ai/sdk/dist/v2/gen/core
queryKeySerializer.gen.d.ts,2026-09-06 17:28:04 +0000,2026-09-06 17:28:04 +0000,,Mpeg-2 Transport Stream,705 bytes,1,/Users/pq/aikagan-web/.opencode/node_modules/@opencode-ai/sdk/dist/v2/gen/core/queryKeySerializer.gen.d.ts,core,/Users/pq/aikagan-web/.opencode/node_modules/@opencode-ai/sdk/dist/v2/gen/core
queryKeySerializer.gen.js,2026-09-06 17:28:04 +0000,2026-09-06 17:28:04 +0000,,Javascript,3 KB,1,/Users/pq/aikagan-web/.opencode/node_modules/@opencode-ai/sdk/dist/v2/gen/core/queryKeySerializer.gen.js,core,/Users/pq/aikagan-web/.opencode/node_modules/@opencode-ai/sdk/dist/v2/gen/core
serverSentEvents.gen.d.ts,2026-09-06 17:28:04 +0000,2026-09-06 17:28:04 +0000,,Mpeg-2 Transport Stream,3 KB,1,/Users/pq/aikagan-web/.opencode/node_modules/@opencode-ai/sdk/dist/v2/gen/core/serverSentEvents.gen.d.ts,core,/Users/pq/aikagan-web/.opencode/node_modules/@opencode-ai/sdk/dist/v2/gen/core
serverSentEvents.gen.js,2026-09-06 17:28:04 +0000,2026-09-06 17:28:04 +0000,,Javascript,6 KB,1,/Users/pq/aikagan-web/.opencode/node_modules/@opencode-ai/sdk/dist/v2/gen/core/serverSentEvents.gen.js,core,/Users/pq/aikagan-web/.opencode/node_modules/@opencode-ai/sdk/dist/v2/gen/core
types.gen.d.ts,2026-09-06 17:28:04 +0000,2026-09-06 17:28:04 +0000,,Mpeg-2 Transport Stream,3 KB,1,/Users/pq/aikagan-web/.opencode/node_modules/@opencode-ai/sdk/dist/v2/gen/core/types.gen.d.ts,core,/Users/pq/aikagan-web/.opencode/node_modules/@opencode-ai/sdk/dist/v2/gen/core
types.gen.js,2026-09-06 17:28:04 +0000,2026-09-06 17:28:04 +0000,,Javascript,65 bytes,1,/Users/pq/aikagan-web/.opencode/node_modules/@opencode-ai/sdk/dist/v2/gen/core/types.gen.js,core,/Users/pq/aikagan-web/.opencode/node_modules/@opencode-ai/sdk/dist/v2/gen/core
utils.gen.d.ts,2026-09-06 17:28:04 +0000,2026-09-06 17:28:04 +0000,,Mpeg-2 Transport Stream,718 bytes,1,/Users/pq/aikagan-web/.opencode/node_modules/@opencode-ai/sdk/dist/v2/gen/core/utils.gen.d.ts,core,/Users/pq/aikagan-web/.opencode/node_modules/@opencode-ai/sdk/dist/v2/gen/core
utils.gen.js,2026-09-06 17:28:04 +0000,2026-09-06 17:28:04 +0000,,Javascript,3 KB,1,/Users/pq/aikagan-web/.opencode/node_modules/@opencode-ai/sdk/dist/v2/gen/core/utils.gen.js,core,/Users/pq/aikagan-web/.opencode/node_modules/@opencode-ai/sdk/dist/v2/gen/core
@standard-schema,2026-09-06 17:28:03 +0000,2026-09-06 17:28:03 +0000,,Folder,1 byte,0,/Users/pq/aikagan-web/.opencode/node_modules/@standard-schema,node_modules,/Users/pq/aikagan-web/.opencode/node_modules/@standard-schema
spec,2026-09-06 17:28:04 +0000,2026-09-06 17:28:03 +0000,,Folder,4 bytes,0,/Users/pq/aikagan-web/.opencode/node_modules/@standard-schema/spec,@standard-schema,/Users/pq/aikagan-web/.opencode/node_modules/@standard-schema/spec
LICENSE,2026-09-06 17:28:04 +0000,2026-09-06 17:28:04 +0000,,Text,1 KB,1,/Users/pq/aikagan-web/.opencode/node_modules/@standard-schema/spec/LICENSE,spec,/Users/pq/aikagan-web/.opencode/node_modules/@standard-schema/spec
README.md,2026-09-06 17:28:04 +0000,2026-09-06 17:28:04 +0000,,Markdown Text,8 KB,1,/Users/pq/aikagan-web/.opencode/node_modules/@standard-schema/spec/README.md,spec,/Users/pq/aikagan-web/.opencode/node_modules/@standard-schema/spec
package.json,2026-09-06 17:28:04 +0000,2026-09-06 17:28:04 +0000,,Json,1 KB,1,/Users/pq/aikagan-web/.opencode/node_modules/@standard-schema/spec/package.json,spec,/Users/pq/aikagan-web/.opencode/node_modules/@standard-schema/spec
dist,2026-09-06 17:28:04 +0000,2026-09-06 17:28:04 +0000,,Folder,4 bytes,0,/Users/pq/aikagan-web/.opencode/node_modules/@standard-schema/spec/dist,spec,/Users/pq/aikagan-web/.opencode/node_modules/@standard-schema/spec/dist
index.cjs,2026-09-06 17:28:04 +0000,2026-09-06 17:28:04 +0000,,Source Code Document,754 bytes,1,/Users/pq/aikagan-web/.opencode/node_modules/@standard-schema/spec/dist/index.cjs,dist,/Users/pq/aikagan-web/.opencode/node_modules/@standard-schema/spec/dist
index.d.cts,2026-09-06 17:28:04 +0000,2026-09-06 17:28:04 +0000,,,6 KB,1,/Users/pq/aikagan-web/.opencode/node_modules/@standard-schema/spec/dist/index.d.cts,dist,/Users/pq/aikagan-web/.opencode/node_modules/@standard-schema/spec/dist
index.d.ts,2026-09-06 17:28:04 +0000,2026-09-06 17:28:04 +0000,,Mpeg-2 Transport Stream,6 KB,1,/Users/pq/aikagan-web/.opencode/node_modules/@standard-schema/spec/dist/index.d.ts,dist,/Users/pq/aikagan-web/.opencode/node_modules/@standard-schema/spec/dist
index.js,2026-09-06 17:28:04 +0000,2026-09-06 17:28:04 +0000,,Javascript,Zero KB,1,/Users/pq/aikagan-web/.opencode/node_modules/@standard-schema/spec/dist/index.js,dist,/Users/pq/aikagan-web/.opencode/node_modules/@standard-schema/spec/dist
cross-spawn,2026-09-06 17:28:04 +0000,2026-09-06 17:28:03 +0000,,Folder,5 bytes,0,/Users/pq/aikagan-web/.opencode/node_modules/cross-spawn,node_modules,/Users/pq/aikagan-web/.opencode/node_modules/cross-spawn
LICENSE,2026-09-06 17:28:04 +0000,2026-09-06 17:28:03 +0000,,Text,1 KB,1,/Users/pq/aikagan-web/.opencode/node_modules/cross-spawn/LICENSE,cross-spawn,/Users/pq/aikagan-web/.opencode/node_modules/cross-spawn
README.md,2026-09-06 17:28:04 +0000,2026-09-06 17:28:04 +0000,,Markdown Text,4 KB,1,/Users/pq/aikagan-web/.opencode/node_modules/cross-spawn/README.md,cross-spawn,/Users/pq/aikagan-web/.opencode/node_modules/cross-spawn
index.js,2026-09-06 17:28:04 +0000,2026-09-06 17:28:04 +0000,,Javascript,1 KB,1,/Users/pq/aikagan-web/.opencode/node_modules/cross-spawn/index.js,cross-spawn,/Users/pq/aikagan-web/.opencode/node_modules/cross-spawn
package.json,2026-09-06 17:28:04 +0000,2026-09-06 17:28:04 +0000,,Json,2 KB,1,/Users/pq/aikagan-web/.opencode/node_modules/cross-spawn/package.json,cross-spawn,/Users/pq/aikagan-web/.opencode/node_modules/cross-spawn
lib,2026-09-06 17:28:04 +0000,2026-09-06 17:28:03 +0000,,Folder,3 bytes,0,/Users/pq/aikagan-web/.opencode/node_modules/cross-spawn/lib,cross-spawn,/Users/pq/aikagan-web/.opencode/node_modules/cross-spawn/lib
enoent.js,2026-09-06 17:28:04 +0000,2026-09-06 17:28:04 +0000,,Javascript,1 KB,1,/Users/pq/aikagan-web/.opencode/node_modules/cross-spawn/lib/enoent.js,lib,/Users/pq/aikagan-web/.opencode/node_modules/cross-spawn/lib
parse.js,2026-09-06 17:28:04 +0000,2026-09-06 17:28:04 +0000,,Javascript,3 KB,1,/Users/pq/aikagan-web/.opencode/node_modules/cross-spawn/lib/parse.js,lib,/Users/pq/aikagan-web/.opencode/node_modules/cross-spawn/lib
util,2026-09-06 17:28:04 +0000,2026-09-06 17:28:04 +0000,,Folder,3 bytes,0,/Users/pq/aikagan-web/.opencode/node_modules/cross-spawn/lib/util,lib,/Users/pq/aikagan-web/.opencode/node_modules/cross-spawn/lib/util
escape.js,2026-09-06 17:28:04 +0000,2026-09-06 17:28:04 +0000,,Javascript,1 KB,1,/Users/pq/aikagan-web/.opencode/node_modules/cross-spawn/lib/util/escape.js,util,/Users/pq/aikagan-web/.opencode/node_modules/cross-spawn/lib/util
readShebang.js,2026-09-06 17:28:04 +0000,2026-09-06 17:28:04 +0000,,Javascript,549 bytes,1,/Users/pq/aikagan-web/.opencode/node_modules/cross-spawn/lib/util/readShebang.js,util,/Users/pq/aikagan-web/.opencode/node_modules/cross-spawn/lib/util
resolveCommand.js,2026-09-06 17:28:04 +0000,2026-09-06 17:28:04 +0000,,Javascript,2 KB,1,/Users/pq/aikagan-web/.opencode/node_modules/cross-spawn/lib/util/resolveCommand.js,util,/Users/pq/aikagan-web/.opencode/node_modules/cross-spawn/lib/util
detect-libc,2026-09-06 17:28:04 +0000,2026-09-06 17:28:03 +0000,,Folder,5 bytes,0,/Users/pq/aikagan-web/.opencode/node_modules/detect-libc,node_modules,/Users/pq/aikagan-web/.opencode/node_modules/detect-libc
LICENSE,2026-09-06 17:28:04 +0000,2026-09-06 17:28:04 +0000,,Text,11 KB,1,/Users/pq/aikagan-web/.opencode/node_modules/detect-libc/LICENSE,detect-libc,/Users/pq/aikagan-web/.opencode/node_modules/detect-libc
README.md,2026-09-06 17:28:04 +0000,2026-09-06 17:28:04 +0000,,Markdown Text,3 KB,1,/Users/pq/aikagan-web/.opencode/node_modules/detect-libc/README.md,detect-libc,/Users/pq/aikagan-web/.opencode/node_modules/detect-libc
index.d.ts,2026-09-06 17:28:04 +0000,2026-09-06 17:28:04 +0000,,Mpeg-2 Transport Stream,436 bytes,1,/Users/pq/aikagan-web/.opencode/node_modules/detect-libc/index.d.ts,detect-libc,/Users/pq/aikagan-web/.opencode/node_modules/detect-libc
package.json,2026-09-06 17:28:04 +0000,2026-09-06 17:28:04 +0000,,Json,1 KB,1,/Users/pq/aikagan-web/.opencode/node_modules/detect-libc/package.json,detect-libc,/Users/pq/aikagan-web/.opencode/node_modules/detect-libc
lib,2026-09-06 17:28:04 +0000,2026-09-06 17:28:04 +0000,,Folder,4 bytes,0,/Users/pq/aikagan-web/.opencode/node_modules/detect-libc/lib,detect-libc,/Users/pq/aikagan-web/.opencode/node_modules/detect-libc/lib
detect-libc.js,2026-09-06 17:28:04 +0000,2026-09-06 17:28:04 +0000,,Javascript,8 KB,1,/Users/pq/aikagan-web/.opencode/node_modules/detect-libc/lib/detect-libc.js,lib,/Users/pq/aikagan-web/.opencode/node_modules/detect-libc/lib
elf.js,2026-09-06 17:28:04 +0000,2026-09-06 17:28:04 +0000,,Javascript,982 bytes,1,/Users/pq/aikagan-web/.opencode/node_modules/detect-libc/lib/elf.js,lib,/Users/pq/aikagan-web/.opencode/node_modules/detect-libc/lib
filesystem.js,2026-09-06 17:28:04 +0000,2026-09-06 17:28:04 +0000,,Javascript,1 KB,1,/Users/pq/aikagan-web/.opencode/node_modules/detect-libc/lib/filesystem.js,lib,/Users/pq/aikagan-web/.opencode/node_modules/detect-libc/lib
process.js,2026-09-06 17:28:04 +0000,2026-09-06 17:28:04 +0000,,Javascript,569 bytes,1,/Users/pq/aikagan-web/.opencode/node_modules/detect-libc/lib/process.js,lib,/Users/pq/aikagan-web/.opencode/node_modules/detect-libc/lib
effect,2026-09-06 17:28:07 +0000,2026-09-06 17:28:03 +0000,,Folder,5 bytes,0,/Users/pq/aikagan-web/.opencode/node_modules/effect,node_modules,/Users/pq/aikagan-web/.opencode/node_modules/effect
LICENSE,2026-09-06 17:28:04 +0000,2026-09-06 17:28:04 +0000,,Text,1 KB,1,/Users/pq/aikagan-web/.opencode/node_modules/effect/LICENSE,effect,/Users/pq/aikagan-web/.opencode/node_modules/effect
README.md,2026-09-06 17:28:07 +0000,2026-09-06 17:28:07 +0000,,Markdown Text,3 KB,1,/Users/pq/aikagan-web/.opencode/node_modules/effect/README.md,effect,/Users/pq/aikagan-web/.opencode/node_modules/effect
package.json,2026-09-06 17:28:05 +0000,2026-09-06 17:28:05 +0000,,Json,3 KB,1,/Users/pq/aikagan-web/.opencode/node_modules/effect/package.json,effect,/Users/pq/aikagan-web/.opencode/node_modules/effect
dist,2026-09-06 17:28:08 +0000,2026-09-06 17:28:04 +0000,,Folder,551 bytes,0,/Users/pq/aikagan-web/.opencode/node_modules/effect/dist,effect,/Users/pq/aikagan-web/.opencode/node_modules/effect/dist
Array.d.ts,2026-09-06 17:28:07 +0000,2026-09-06 17:28:07 +0000,,Mpeg-2 Transport Stream,272 KB,1,/Users/pq/aikagan-web/.opencode/node_modules/effect/dist/Array.d.ts,dist,/Users/pq/aikagan-web/.opencode/node_modules/effect/dist
Array.d.ts.map,2026-09-06 17:28:05 +0000,2026-09-06 17:28:05 +0000,,,60 KB,1,/Users/pq/aikagan-web/.opencode/node_modules/effect/dist/Array.d.ts.map,dist,/Users/pq/aikagan-web/.opencode/node_modules/effect/dist
Array.js,2026-09-06 17:28:04 +0000,2026-09-06 17:28:04 +0000,,Javascript,108 KB,1,/Users/pq/aikagan-web/.opencode/node_modules/effect/dist/Array.js,dist,/Users/pq/aikagan-web/.opencode/node_modules/effect/dist
Array.js.map,2026-09-06 17:28:05 +0000,2026-09-06 17:28:05 +0000,,,37 KB,1,/Users/pq/aikagan-web/.opencode/node_modules/effect/dist/Array.js.map,dist,/Users/pq/aikagan-web/.opencode/node_modules/effect/dist
BigDecimal.d.ts,2026-09-06 17:28:07 +0000,2026-09-06 17:28:07 +0000,,Mpeg-2 Transport Stream,83 KB,1,/Users/pq/aikagan-web/.opencode/node_modules/effect/dist/BigDecimal.d.ts,dist,/Users/pq/aikagan-web/.opencode/node_modules/effect/dist
BigDecimal.d.ts.map,2026-09-06 17:28:05 +0000,2026-09-06 17:28:05 +0000,,,9 KB,1,/Users/pq/aikagan-web/.opencode/node_modules/effect/dist/BigDecimal.d.ts.map,dist,/Users/pq/aikagan-web/.opencode/node_modules/effect/dist
BigDecimal.js,2026-09-06 17:28:04 +0000,2026-09-06 17:28:04 +0000,,Javascript,50 KB,1,/Users/pq/aikagan-web/.opencode/node_modules/effect/dist/BigDecimal.js,dist,/Users/pq/aikagan-web/.opencode/node_modules/effect/dist
BigDecimal.js.map,2026-09-06 17:28:05 +0000,2026-09-06 17:28:05 +0000,,,22 KB,1,/Users/pq/aikagan-web/.opencode/node_modules/effect/dist/BigDecimal.js.map,dist,/Users/pq/aikagan-web/.opencode/node_modules/effect/dist
BigInt.d.ts,2026-09-06 17:28:07 +0000,2026-09-06 17:28:07 +0000,,Mpeg-2 Transport Stream,48 KB,1,/Users/pq/aikagan-web/.opencode/node_modules/effect/dist/BigInt.d.ts,dist,/Users/pq/aikagan-web/.opencode/node_modules/effect/dist
BigInt.d.ts.map,2026-09-06 17:28:05 +0000,2026-09-06 17:28:05 +0000,,,7 KB,1,/Users/pq/aikagan-web/.opencode/node_modules/effect/dist/BigInt.d.ts.map,dist,/Users/pq/aikagan-web/.opencode/node_modules/effect/dist
BigInt.js,2026-09-06 17:28:04 +0000,2026-09-06 17:28:04 +0000,,Javascript,26 KB,1,/Users/pq/aikagan-web/.opencode/node_modules/effect/dist/BigInt.js,dist,/Users/pq/aikagan-web/.opencode/node_modules/effect/dist
BigInt.js.map,2026-09-06 17:28:05 +0000,2026-09-06 17:28:05 +0000,,,7 KB,1,/Users/pq/aikagan-web/.opencode/node_modules/effect/dist/BigInt.js.map,dist,/Users/pq/aikagan-web/.opencode/node_modules/effect/dist
Boolean.d.ts,2026-09-06 17:28:07 +0000,2026-09-06 17:28:07 +0000,,Mpeg-2 Transport Stream,24 KB,1,/Users/pq/aikagan-web/.opencode/node_modules/effect/dist/Boolean.d.ts,dist,/Users/pq/aikagan-web/.opencode/node_modules/effect/dist
Boolean.d.ts.map,2026-09-06 17:28:05 +0000,2026-09-06 17:28:05 +0000,,,3 KB,1,/Users/pq/aikagan-web/.opencode/node_modules/effect/dist/Boolean.d.ts.map,dist,/Users/pq/aikagan-web/.opencode/node_modules/effect/dist
Boolean.js,2026-09-06 17:28:04 +0000,2026-09-06 17:28:04 +0000,,Javascript,13 KB,1,/Users/pq/aikagan-web/.opencode/node_modules/effect/dist/Boolean.js,dist,/Users/pq/aikagan-web/.opencode/node_modules/effect/dist
Boolean.js.map,2026-09-06 17:28:05 +0000,2026-09-06 17:28:05 +0000,,,3 KB,1,/Users/pq/aikagan-web/.opencode/node_modules/effect/dist/Boolean.js.map,dist,/Users/pq/aikagan-web/.opencode/node_modules/effect/dist
Brand.d.ts,2026-09-06 17:28:07 +0000,2026-09-06 17:28:07 +0000,,Mpeg-2 Transport Stream,8 KB,1,/Users/pq/aikagan-web/.opencode/node_modules/effect/dist/Brand.d.ts,dist,/Users/pq/aikagan-web/.opencode/node_modules/effect/dist
Brand.d.ts.map,2026-09-06 17:28:05 +0000,2026-09-06 17:28:05 +0000,,,4 KB,1,/Users/pq/aikagan-web/.opencode/node_modules/effect/dist/Brand.d.ts.map,dist,/Users/pq/aikagan-web/.opencode/node_modules/effect/dist
Brand.js,2026-09-06 17:28:04 +0000,2026-09-06 17:28:04 +0000,,Javascript,6 KB,1,/Users/pq/aikagan-web/.opencode/node_modules/effect/dist/Brand.js,dist,/Users/pq/aikagan-web/.opencode/node_modules/effect/dist
Brand.js.map,2026-09-06 17:28:05 +0000,2026-09-06 17:28:05 +0000,,,2 KB,1,/Users/pq/aikagan-web/.opencode/node_modules/effect/dist/Brand.js.map,dist,/Users/pq/aikagan-web/.opencode/node_modules/effect/dist
Cache.d.ts,2026-09-06 17:28:07 +0000,2026-09-06 17:28:07 +0000,,Mpeg-2 Transport Stream,69 KB,1,/Users/pq/aikagan-web/.opencode/node_modules/effect/dist/Cache.d.ts,dist,/Users/pq/aikagan-web/.opencode/node_modules/effect/dist
Cache.d.ts.map,2026-09-06 17:28:05 +0000,2026-09-06 17:28:05 +0000,,,9 KB,1,/Users/pq/aikagan-web/.opencode/node_modules/effect/dist/Cache.d.ts.map,dist,/Users/pq/aikagan-web/.opencode/node_modules/effect/dist
Cache.js,2026-09-06 17:28:04 +0000,2026-09-06 17:28:04 +0000,,Javascript,33 KB,1,/Users/pq/aikagan-web/.opencode/node_modules/effect/dist/Cache.js,dist,/Users/pq/aikagan-web/.opencode/node_modules/effect/dist
Cache.js.map,2026-09-06 17:28:05 +0000,2026-09-06 17:28:05 +0000,,,12 KB,1,/Users/pq/aikagan-web/.opencode/node_modules/effect/dist/Cache.js.map,dist,/Users/pq/aikagan-web/.opencode/node_modules/effect/dist
Cause.d.ts,2026-09-06 17:28:07 +0000,2026-09-06 17:28:07 +0000,,Mpeg-2 Transport Stream,62 KB,1,/Users/pq/aikagan-web/.opencode/node_modules/effect/dist/Cause.d.ts,dist,/Users/pq/aikagan-web/.opencode/node_modules/effect/dist
Cause.d.ts.map,2026-09-06 17:28:05 +0000,2026-09-06 17:28:05 +0000,,,12 KB,1,/Users/pq/aikagan-web/.opencode/node_modules/effect/dist/Cause.d.ts.map,dist,/Users/pq/aikagan-web/.opencode/node_modules/effect/dist
Cause.js,2026-09-06 17:28:04 +0000,2026-09-06 17:28:04 +0000,,Javascript,39 KB,1,/Users/pq/aikagan-web/.opencode/node_modules/effect/dist/Cause.js,dist,/Users/pq/aikagan-web/.opencode/node_modules/effect/dist
Cause.js.map,2026-09-06 17:28:05 +0000,2026-09-06 17:28:05 +0000,,,6 KB,1,/Users/pq/aikagan-web/.opencode/node_modules/effect/dist/Cause.js.map,dist,/Users/pq/aikagan-web/.opencode/node_modules/effect/dist
Channel.d.ts,2026-09-06 17:28:07 +0000,2026-09-06 17:28:07 +0000,,Mpeg-2 Transport Stream,277 KB,1,/Users/pq/aikagan-web/.opencode/node_modules/effect/dist/Channel.d.ts,dist,/Users/pq/aikagan-web/.opencode/node_modules/effect/dist
Channel.d.ts.map,2026-09-06 17:28:05 +0000,2026-09-06 17:28:05 +0000,,,122 KB,1,/Users/pq/aikagan-web/.opencode/node_modules/effect/dist/Channel.d.ts.map,dist,/Users/pq/aikagan-web/.opencode/node_modules/effect/dist
Channel.js,2026-09-06 17:28:04 +0000,2026-09-06 17:28:04 +0000,,Javascript,133 KB,1,/Users/pq/aikagan-web/.opencode/node_modules/effect/dist/Channel.js,dist,/Users/pq/aikagan-web/.opencode/node_modules/effect/dist
Channel.js.map,2026-09-06 17:28:05 +0000,2026-09-06 17:28:05 +0000,,,74 KB,1,/Users/pq/aikagan-web/.opencode/node_modules/effect/dist/Channel.js.map,dist,/Users/pq/aikagan-web/.opencode/node_modules/effect/dist
ChannelSchema.d.ts,2026-09-06 17:28:07 +0000,2026-09-06 17:28:07 +0000,,Mpeg-2 Transport Stream,13 KB,1,/Users/pq/aikagan-web/.opencode/node_modules/effect/dist/ChannelSchema.d.ts,dist,/Users/pq/aikagan-web/.opencode/node_modules/effect/dist
ChannelSchema.d.ts.map,2026-09-06 17:28:05 +0000,2026-09-06 17:28:05 +0000,,,5 KB,1,/Users/pq/aikagan-web/.opencode/node_modules/effect/dist/ChannelSchema.d.ts.map,dist,/Users/pq/aikagan-web/.opencode/node_modules/effect/dist
ChannelSchema.js,2026-09-06 17:28:04 +0000,2026-09-06 17:28:04 +0000,,Javascript,5 KB,1,/Users/pq/aikagan-web/.opencode/node_modules/effect/dist/ChannelSchema.js,dist,/Users/pq/aikagan-web/.opencode/node_modules/effect/dist
ChannelSchema.js.map,2026-09-06 17:28:05 +0000,2026-09-06 17:28:05 +0000,,,2 KB,1,/Users/pq/aikagan-web/.opencode/node_modules/effect/dist/ChannelSchema.js.map,dist,/Users/pq/aikagan-web/.opencode/node_modules/effect/dist
Chunk.d.ts,2026-09-06 17:28:07 +0000,2026-09-06 17:28:07 +0000,,Mpeg-2 Transport Stream,158 KB,1,/Users/pq/aikagan-web/.opencode/node_modules/effect/dist/Chunk.d.ts,dist,/Users/pq/aikagan-web/.opencode/node_modules/effect/dist
Chunk.d.ts.map,2026-09-06 17:28:05 +0000,2026-09-06 17:28:05 +0000,,,31 KB,1,/Users/pq/aikagan-web/.opencode/node_modules/effect/dist/Chunk.d.ts.map,dist,/Users/pq/aikagan-web/.opencode/node_modules/effect/dist
Chunk.js,2026-09-06 17:28:04 +0000,2026-09-06 17:28:04 +0000,,Javascript,69 KB,1,/Users/pq/aikagan-web/.opencode/node_modules/effect/dist/Chunk.js,dist,/Users/pq/aikagan-web/.opencode/node_modules/effect/dist
Chunk.js.map,2026-09-06 17:28:05 +0000,2026-09-06 17:28:05 +0000,,,26 KB,1,/Users/pq/aikagan-web/.opencode/node_modules/effect/dist/Chunk.js.map,dist,/Users/pq/aikagan-web/.opencode/node_modules/effect/dist
Clock.d.ts,2026-09-06 17:28:07 +0000,2026-09-06 17:28:07 +0000,,Mpeg-2 Transport Stream,7 KB,1,/Users/pq/aikagan-web/.opencode/node_modules/effect/dist/Clock.d.ts,dist,/Users/pq/aikagan-web/.opencode/node_modules/effect/dist
Clock.d.ts.map,2026-09-06 17:28:05 +0000,2026-09-06 17:28:05 +0000,,,1 KB,1,/Users/pq/aikagan-web/.opencode/node_modules/effect/dist/Clock.d.ts.map,dist,/Users/pq/aikagan-web/.opencode/node_modules/effect/dist
Clock.js,2026-09-06 17:28:04 +0000,2026-09-06 17:28:04 +0000,,Javascript,3 KB,1,/Users/pq/aikagan-web/.opencode/node_modules/effect/dist/Clock.js,dist,/Users/pq/aikagan-web/.opencode/node_modules/effect/dist
Clock.js.map,2026-09-06 17:28:05 +0000,2026-09-06 17:28:05 +0000,,,549 bytes,1,/Users/pq/aikagan-web/.opencode/node_modules/effect/dist/Clock.js.map,dist,/Users/pq/aikagan-web/.opencode/node_modules/effect/dist
Combiner.d.ts,2026-09-06 17:28:07 +0000,2026-09-06 17:28:07 +0000,,Mpeg-2 Transport Stream,10 KB,1,/Users/pq/aikagan-web/.opencode/node_modules/effect/dist/Combiner.d.ts,dist,/Users/pq/aikagan-web/.opencode/node_modules/effect/dist
Combiner.d.ts.map,2026-09-06 17:28:05 +0000,2026-09-06 17:28:05 +0000,,,1 KB,1,/Users/pq/aikagan-web/.opencode/node_modules/effect/dist/Combiner.d.ts.map,dist,/Users/pq/aikagan-web/.opencode/node_modules/effect/dist
Combiner.js,2026-09-06 17:28:04 +0000,2026-09-06 17:28:04 +0000,,Javascript,6 KB,1,/Users/pq/aikagan-web/.opencode/node_modules/effect/dist/Combiner.js,dist,/Users/pq/aikagan-web/.opencode/node_modules/effect/dist
Combiner.js.map,2026-09-06 17:28:05 +0000,2026-09-06 17:28:05 +0000,,,2 KB,1,/Users/pq/aikagan-web/.opencode/node_modules/effect/dist/Combiner.js.map,dist,/Users/pq/aikagan-web/.opencode/node_modules/effect/dist
Config.d.ts,2026-09-06 17:28:07 +0000,2026-09-06 17:28:07 +0000,,Mpeg-2 Transport Stream,44 KB,1,/Users/pq/aikagan-web/.opencode/node_modules/effect/dist/Config.d.ts,dist,/Users/pq/aikagan-web/.opencode/node_modules/effect/dist
Config.d.ts.map,2026-09-06 17:28:05 +0000,2026-09-06 17:28:05 +0000,,,8 KB,1,/Users/pq/aikagan-web/.opencode/node_modules/effect/dist/Config.d.ts.map,dist,/Users/pq/aikagan-web/.opencode/node_modules/effect/dist
Config.js,2026-09-06 17:28:04 +0000,2026-09-06 17:28:04 +0000,,Javascript,33 KB,1,/Users/pq/aikagan-web/.opencode/node_modules/effect/dist/Config.js,dist,/Users/pq/aikagan-web/.opencode/node_modules/effect/dist
Config.js.map,2026-09-06 17:28:05 +0000,2026-09-06 17:28:05 +0000,,,14 KB,1,/Users/pq/aikagan-web/.opencode/node_modules/effect/dist/Config.js.map,dist,/Users/pq/aikagan-web/.opencode/node_modules/effect/dist
ConfigProvider.d.ts,2026-09-06 17:28:07 +0000,2026-09-06 17:28:07 +0000,,Mpeg-2 Transport Stream,35 KB,1,/Users/pq/aikagan-web/.opencode/node_modules/effect/dist/ConfigProvider.d.ts,dist,/Users/pq/aikagan-web/.opencode/node_modules/effect/dist
ConfigProvider.d.ts.map,2026-09-06 17:28:05 +0000,2026-09-06 17:28:05 +0000,,,5 KB,1,/Users/pq/aikagan-web/.opencode/node_modules/effect/dist/ConfigProvider.d.ts.map,dist,/Users/pq/aikagan-web/.opencode/node_modules/effect/dist
ConfigProvider.js,2026-09-06 17:28:04 +0000,2026-09-06 17:28:04 +0000,,Javascript,30 KB,1,/Users/pq/aikagan-web/.opencode/node_modules/effect/dist/ConfigProvider.js,dist,/Users/pq/aikagan-web/.opencode/node_modules/effect/dist
ConfigProvider.js.map,2026-09-06 17:28:05 +0000,2026-09-06 17:28:05 +0000,,,12 KB,1,/Users/pq/aikagan-web/.opencode/node_modules/effect/dist/ConfigProvider.js.map,dist,/Users/pq/aikagan-web/.opencode/node_modules/effect/dist
Console.d.ts,2026-09-06 17:28:07 +0000,2026-09-06 17:28:07 +0000,,Mpeg-2 Transport Stream,17 KB,1,/Users/pq/aikagan-web/.opencode/node_modules/effect/dist/Console.d.ts,dist,/Users/pq/aikagan-web/.opencode/node_modules/effect/dist
Console.d.ts.map,2026-09-06 17:28:05 +0000,2026-09-06 17:28:05 +0000,,,5 KB,1,/Users/pq/aikagan-web/.opencode/node_modules/effect/dist/Console.d.ts.map,dist,/Users/pq/aikagan-web/.opencode/node_modules/effect/dist
Console.js,2026-09-06 17:28:04 +0000,2026-09-06 17:28:04 +0000,,Javascript,14 KB,1,/Users/pq/aikagan-web/.opencode/node_modules/effect/dist/Console.js,dist,/Users/pq/aikagan-web/.opencode/node_modules/effect/dist
Console.js.map,2026-09-06 17:28:05 +0000,2026-09-06 17:28:05 +0000,,,5 KB,1,/Users/pq/aikagan-web/.opencode/node_modules/effect/dist/Console.js.map,dist,/Users/pq/aikagan-web/.opencode/node_modules/effect/dist
Context.d.ts,2026-09-06 17:28:07 +0000,2026-09-06 17:28:07 +0000,,Mpeg-2 Transport Stream,58 KB,1,/Users/pq/aikagan-web/.opencode/node_modules/effect/dist/Context.d.ts,dist,/Users/pq/aikagan-web/.opencode/node_modules/effect/dist
Context.d.ts.map,2026-09-06 17:28:05 +0000,2026-09-06 17:28:05 +0000,,,11 KB,1,/Users/pq/aikagan-web/.opencode/node_modules/effect/dist/Context.d.ts.map,dist,/Users/pq/aikagan-web/.opencode/node_modules/effect/dist
Context.js,2026-09-06 17:28:04 +0000,2026-09-06 17:28:04 +0000,,Javascript,25 KB,1,/Users/pq/aikagan-web/.opencode/node_modules/effect/dist/Context.js,dist,/Users/pq/aikagan-web/.opencode/node_modules/effect/dist
Context.js.map,2026-09-06 17:28:05 +0000,2026-09-06 17:28:05 +0000,,,11 KB,1,/Users/pq/aikagan-web/.opencode/node_modules/effect/dist/Context.js.map,dist,/Users/pq/aikagan-web/.opencode/node_modules/effect/dist
Cron.d.ts,2026-09-06 17:28:07 +0000,2026-09-06 17:28:07 +0000,,Mpeg-2 Transport Stream,19 KB,1,/Users/pq/aikagan-web/.opencode/node_modules/effect/dist/Cron.d.ts,dist,/Users/pq/aikagan-web/.opencode/node_modules/effect/dist
Cron.d.ts.map,2026-09-06 17:28:05 +0000,2026-09-06 17:28:05 +0000,,,3 KB,1,/Users/pq/aikagan-web/.opencode/node_modules/effect/dist/Cron.d.ts.map,dist,/Users/pq/aikagan-web/.opencode/node_modules/effect/dist
Cron.js,2026-09-06 17:28:04 +0000,2026-09-06 17:28:04 +0000,,Javascript,31 KB,1,/Users/pq/aikagan-web/.opencode/node_modules/effect/dist/Cron.js,dist,/Users/pq/aikagan-web/.opencode/node_modules/effect/dist
Cron.js.map,2026-09-06 17:28:05 +0000,2026-09-06 17:28:05 +0000,,,24 KB,1,/Users/pq/aikagan-web/.opencode/node_modules/effect/dist/Cron.js.map,dist,/Users/pq/aikagan-web/.opencode/node_modules/effect/dist
Crypto.d.ts,2026-09-06 17:28:07 +0000,2026-09-06 17:28:07 +0000,,Mpeg-2 Transport Stream,8 KB,1,/Users/pq/aikagan-web/.opencode/node_modules/effect/dist/Crypto.d.ts,dist,/Users/pq/aikagan-web/.opencode/node_modules/effect/dist
Crypto.d.ts.map,2026-09-06 17:28:05 +0000,2026-09-06 17:28:05 +0000,,,2 KB,1,/Users/pq/aikagan-web/.opencode/node_modules/effect/dist/Crypto.d.ts.map,dist,/Users/pq/aikagan-web/.opencode/node_modules/effect/dist
Crypto.js,2026-09-06 17:28:04 +0000,2026-09-06 17:28:04 +0000,,Javascript,7 KB,1,/Users/pq/aikagan-web/.opencode/node_modules/effect/dist/Crypto.js,dist,/Users/pq/aikagan-web/.opencode/node_modules/effect/dist
Crypto.js.map,2026-09-06 17:28:05 +0000,2026-09-06 17:28:05 +0000,,,6 KB,1,/Users/pq/aikagan-web/.opencode/node_modules/effect/dist/Crypto.js.map,dist,/Users/pq/aikagan-web/.opencode/node_modules/effect/dist
Data.d.ts,2026-09-06 17:28:07 +0000,2026-09-06 17:28:07 +0000,,Mpeg-2 Transport Stream,37 KB,1,/Users/pq/aikagan-web/.opencode/node_modules/effect/dist/Data.d.ts,dist,/Users/pq/aikagan-web/.opencode/node_modules/effect/dist
Data.d.ts.map,2026-09-06 17:28:05 +0000,2026-09-06 17:28:05 +0000,,,10 KB,1,/Users/pq/aikagan-web/.opencode/node_modules/effect/dist/Data.d.ts.map,dist,/Users/pq/aikagan-web/.opencode/node_modules/effect/dist
Data.js,2026-09-06 17:28:04 +0000,2026-09-06 17:28:04 +0000,,Javascript,8 KB,1,/Users/pq/aikagan-web/.opencode/node_modules/effect/dist/Data.js,dist,/Users/pq/aikagan-web/.opencode/node_modules/effect/dist
Data.js.map,2026-09-06 17:28:05 +0000,2026-09-06 17:28:05 +0000,,,2 KB,1,/Users/pq/aikagan-web/.opencode/node_modules/effect/dist/Data.js.map,dist,/Users/pq/aikagan-web/.opencode/node_modules/effect/dist
DateTime.d.ts,2026-09-06 17:28:07 +0000,2026-09-06 17:28:07 +0000,,Mpeg-2 Transport Stream,126 KB,1,/Users/pq/aikagan-web/.opencode/node_modules/effect/dist/DateTime.d.ts,dist,/Users/pq/aikagan-web/.opencode/node_modules/effect/dist
DateTime.d.ts.map,2026-09-06 17:28:05 +0000,2026-09-06 17:28:05 +0000,,,25 KB,1,/Users/pq/aikagan-web/.opencode/node_modules/effect/dist/DateTime.d.ts.map,dist,/Users/pq/aikagan-web/.opencode/node_modules/effect/dist
DateTime.js,2026-09-06 17:28:04 +0000,2026-09-06 17:28:04 +0000,,Javascript,58 KB,1,/Users/pq/aikagan-web/.opencode/node_modules/effect/dist/DateTime.js,dist,/Users/pq/aikagan-web/.opencode/node_modules/effect/dist
DateTime.js.map,2026-09-06 17:28:05 +0000,2026-09-06 17:28:05 +0000,,,9 KB,1,/Users/pq/aikagan-web/.opencode/node_modules/effect/dist/DateTime.js.map,dist,/Users/pq/aikagan-web/.opencode/node_modules/effect/dist
Deferred.d.ts,2026-09-06 17:28:07 +0000,2026-09-06 17:28:07 +0000,,Mpeg-2 Transport Stream,53 KB,1,/Users/pq/aikagan-web/.opencode/node_modules/effect/dist/Deferred.d.ts,dist,/Users/pq/aikagan-web/.opencode/node_modules/effect/dist
Deferred.d.ts.map,2026-09-06 17:28:05 +0000,2026-09-06 17:28:05 +0000,,,9 KB,1,/Users/pq/aikagan-web/.opencode/node_modules/effect/dist/Deferred.d.ts.map,dist,/Users/pq/aikagan-web/.opencode/node_modules/effect/dist
Deferred.js,2026-09-06 17:28:04 +0000,2026-09-06 17:28:04 +0000,,Javascript,21 KB,1,/Users/pq/aikagan-web/.opencode/node_modules/effect/dist/Deferred.js,dist,/Users/pq/aikagan-web/.opencode/node_modules/effect/dist
Deferred.js.map,2026-09-06 17:28:05 +0000,2026-09-06 17:28:05 +0000,,,6 KB,1,/Users/pq/aikagan-web/.opencode/node_modules/effect/dist/Deferred.js.map,dist,/Users/pq/aikagan-web/.opencode/node_modules/effect/dist
Differ.d.ts,2026-09-06 17:28:07 +0000,2026-09-06 17:28:07 +0000,,Mpeg-2 Transport Stream,3 KB,1,/Users/pq/aikagan-web/.opencode/node_modules/effect/dist/Differ.d.ts,dist,/Users/pq/aikagan-web/.opencode/node_modules/effect/dist
Differ.d.ts.map,2026-09-06 17:28:05 +0000,2026-09-06 17:28:05 +0000,,,499 bytes,1,/Users/pq/aikagan-web/.opencode/node_modules/effect/dist/Differ.d.ts.map,dist,/Users/pq/aikagan-web/.opencode/node_modules/effect/dist
Differ.js,2026-09-06 17:28:04 +0000,2026-09-06 17:28:04 +0000,,Javascript,2 KB,1,/Users/pq/aikagan-web/.opencode/node_modules/effect/dist/Differ.js,dist,/Users/pq/aikagan-web/.opencode/node_modules/effect/dist
Differ.js.map,2026-09-06 17:28:05 +0000,2026-09-06 17:28:05 +0000,,,132 bytes,1,/Users/pq/aikagan-web/.opencode/node_modules/effect/dist/Differ.js.map,dist,/Users/pq/aikagan-web/.opencode/node_modules/effect/dist
Duration.d.ts,2026-09-06 17:28:07 +0000,2026-09-06 17:28:07 +0000,,Mpeg-2 Transport Stream,53 KB,1,/Users/pq/aikagan-web/.opencode/node_modules/effect/dist/Duration.d.ts,dist,/Users/pq/aikagan-web/.opencode/node_modules/effect/dist
Duration.d.ts.map,2026-09-06 17:28:05 +0000,2026-09-06 17:28:05 +0000,,,10 KB,1,/Users/pq/aikagan-web/.opencode/node_modules/effect/dist/Duration.d.ts.map,dist,/Users/pq/aikagan-web/.opencode/node_modules/effect/dist
Duration.js,2026-09-06 17:28:04 +0000,2026-09-06 17:28:04 +0000,,Javascript,42 KB,1,/Users/pq/aikagan-web/.opencode/node_modules/effect/dist/Duration.js,dist,/Users/pq/aikagan-web/.opencode/node_modules/effect/dist
Duration.js.map,2026-09-06 17:28:05 +0000,2026-09-06 17:28:05 +0000,,,24 KB,1,/Users/pq/aikagan-web/.opencode/node_modules/effect/dist/Duration.js.map,dist,/Users/pq/aikagan-web/.opencode/node_modules/effect/dist
Effect.d.ts,2026-09-06 17:28:07 +0000,2026-09-06 17:28:07 +0000,,Mpeg-2 Transport Stream,743 KB,1,/Users/pq/aikagan-web/.opencode/node_modules/effect/dist/Effect.d.ts,dist,/Users/pq/aikagan-web/.opencode/node_modules/effect/dist
Effect.d.ts.map,2026-09-06 17:28:05 +0000,2026-09-06 17:28:05 +0000,,,325 KB,1,/Users/pq/aikagan-web/.opencode/node_modules/effect/dist/Effect.d.ts.map,dist,/Users/pq/aikagan-web/.opencode/node_modules/effect/dist
Effect.js,2026-09-06 17:28:04 +0000,2026-09-06 17:28:04 +0000,,Javascript,241 KB,1,/Users/pq/aikagan-web/.opencode/node_modules/effect/dist/Effect.js,dist,/Users/pq/aikagan-web/.opencode/node_modules/effect/dist
Effect.js.map,2026-09-06 17:28:05 +0000,2026-09-06 17:28:05 +0000,,,30 KB,1,/Users/pq/aikagan-web/.opencode/node_modules/effect/dist/Effect.js.map,dist,/Users/pq/aikagan-web/.opencode/node_modules/effect/dist
Effectable.d.ts,2026-09-06 17:28:07 +0000,2026-09-06 17:28:07 +0000,,Mpeg-2 Transport Stream,3 KB,1,/Users/pq/aikagan-web/.opencode/node_modules/effect/dist/Effectable.d.ts,dist,/Users/pq/aikagan-web/.opencode/node_modules/effect/dist
Effectable.d.ts.map,2026-09-06 17:28:05 +0000,2026-09-06 17:28:05 +0000,,,1 KB,1,/Users/pq/aikagan-web/.opencode/node_modules/effect/dist/Effectable.d.ts.map,dist,/Users/pq/aikagan-web/.opencode/node_modules/effect/dist
Effectable.js,2026-09-06 17:28:04 +0000,2026-09-06 17:28:04 +0000,,Javascript,1 KB,1,/Users/pq/aikagan-web/.opencode/node_modules/effect/dist/Effectable.js,dist,/Users/pq/aikagan-web/.opencode/node_modules/effect/dist
Effectable.js.map,2026-09-06 17:28:05 +0000,2026-09-06 17:28:05 +0000,,,708 bytes,1,/Users/pq/aikagan-web/.opencode/node_modules/effect/dist/Effectable.js.map,dist,/Users/pq/aikagan-web/.opencode/node_modules/effect/dist
Encoding.d.ts,2026-09-06 17:28:07 +0000,2026-09-06 17:28:07 +0000,,Mpeg-2 Transport Stream,10 KB,1,/Users/pq/aikagan-web/.opencode/node_modules/effect/dist/Encoding.d.ts,dist,/Users/pq/aikagan-web/.opencode/node_modules/effect/dist
Encoding.d.ts.map,2026-09-06 17:28:05 +0000,2026-09-06 17:28:05 +0000,,,2 KB,1,/Users/pq/aikagan-web/.opencode/node_modules/effect/dist/Encoding.d.ts.map,dist,/Users/pq/aikagan-web/.opencode/node_modules/effect/dist
Encoding.js,2026-09-06 17:28:04 +0000,2026-09-06 17:28:04 +0000,,Javascript,20 KB,1,/Users/pq/aikagan-web/.opencode/node_modules/effect/dist/Encoding.js,dist,/Users/pq/aikagan-web/.opencode/node_modules/effect/dist
Encoding.js.map,2026-09-06 17:28:05 +0000,2026-09-06 17:28:05 +0000,,,13 KB,1,/Users/pq/aikagan-web/.opencode/node_modules/effect/dist/Encoding.js.map,dist,/Users/pq/aikagan-web/.opencode/node_modules/effect/dist
Equal.d.ts,2026-09-06 17:28:07 +0000,2026-09-06 17:28:07 +0000,,Mpeg-2 Transport Stream,14 KB,1,/Users/pq/aikagan-web/.opencode/node_modules/effect/dist/Equal.d.ts,dist,/Users/pq/aikagan-web/.opencode/node_modules/effect/dist
Equal.d.ts.map,2026-09-06 17:28:05 +0000,2026-09-06 17:28:05 +0000,,,1 KB,1,/Users/pq/aikagan-web/.opencode/node_modules/effect/dist/Equal.d.ts.map,dist,/Users/pq/aikagan-web/.opencode/node_modules/effect/dist
Equal.js,2026-09-06 17:28:04 +0000,2026-09-06 17:28:04 +0000,,Javascript,12 KB,1,/Users/pq/aikagan-web/.opencode/node_modules/effect/dist/Equal.js,dist,/Users/pq/aikagan-web/.opencode/node_modules/effect/dist
Equal.js.map,2026-09-06 17:28:05 +0000,2026-09-06 17:28:05 +0000,,,8 KB,1,/Users/pq/aikagan-web/.opencode/node_modules/effect/dist/Equal.js.map,dist,/Users/pq/aikagan-web/.opencode/node_modules/effect/dist
Equivalence.d.ts,2026-09-06 17:28:07 +0000,2026-09-06 17:28:07 +0000,,Mpeg-2 Transport Stream,33 KB,1,/Users/pq/aikagan-web/.opencode/node_modules/effect/dist/Equivalence.d.ts,dist,/Users/pq/aikagan-web/.opencode/node_modules/effect/dist
Equivalence.d.ts.map,2026-09-06 17:28:05 +0000,2026-09-06 17:28:05 +0000,,,4 KB,1,/Users/pq/aikagan-web/.opencode/node_modules/effect/dist/Equivalence.d.ts.map,dist,/Users/pq/aikagan-web/.opencode/node_modules/effect/dist
Equivalence.js,2026-09-06 17:28:04 +0000,2026-09-06 17:28:04 +0000,,Javascript,26 KB,1,/Users/pq/aikagan-web/.opencode/node_modules/effect/dist/Equivalence.js,dist,/Users/pq/aikagan-web/.opencode/node_modules/effect/dist
Equivalence.js.map,2026-09-06 17:28:05 +0000,2026-09-06 17:28:05 +0000,,,4 KB,1,/Users/pq/aikagan-web/.opencode/node_modules/effect/dist/Equivalence.js.map,dist,/Users/pq/aikagan-web/.opencode/node_modules/effect/dist
ErrorReporter.d.ts,2026-09-06 17:28:07 +0000,2026-09-06 17:28:07 +0000,,Mpeg-2 Transport Stream,16 KB,1,/Users/pq/aikagan-web/.opencode/node_modules/effect/dist/ErrorReporter.d.ts,dist,/Users/pq/aikagan-web/.opencode/node_modules/effect/dist
ErrorReporter.d.ts.map,2026-09-06 17:28:05 +0000,2026-09-06 17:28:05 +0000,,,3 KB,1,/Users/pq/aikagan-web/.opencode/node_modules/effect/dist/ErrorReporter.d.ts.map,dist,/Users/pq/aikagan-web/.opencode/node_modules/effect/dist
ErrorReporter.js,2026-09-06 17:28:04 +0000,2026-09-06 17:28:04 +0000,,Javascript,10 KB,1,/Users/pq/aikagan-web/.opencode/node_modules/effect/dist/ErrorReporter.js,dist,/Users/pq/aikagan-web/.opencode/node_modules/effect/dist
ErrorReporter.js.map,2026-09-06 17:28:05 +0000,2026-09-06 17:28:05 +0000,,,4 KB,1,/Users/pq/aikagan-web/.opencode/node_modules/effect/dist/ErrorReporter.js.map,dist,/Users/pq/aikagan-web/.opencode/node_modules/effect/dist
ExecutionPlan.d.ts,2026-09-06 17:28:07 +0000,2026-09-06 17:28:07 +0000,,Mpeg-2 Transport Stream,14 KB,1,/Users/pq/aikagan-web/.opencode/node_modules/effect/dist/ExecutionPlan.d.ts,dist,/Users/pq/aikagan-web/.opencode/node_modules/effect/dist
ExecutionPlan.d.ts.map,2026-09-06 17:28:05 +0000,2026-09-06 17:28:05 +0000,,,6 KB,1,/Users/pq/aikagan-web/.opencode/node_modules/effect/dist/ExecutionPlan.d.ts.map,dist,/Users/pq/aikagan-web/.opencode/node_modules/effect/dist
ExecutionPlan.js,2026-09-06 17:28:04 +0000,2026-09-06 17:28:04 +0000,,Javascript,5 KB,1,/Users/pq/aikagan-web/.opencode/node_modules/effect/dist/ExecutionPlan.js,dist,/Users/pq/aikagan-web/.opencode/node_modules/effect/dist
ExecutionPlan.js.map,2026-09-06 17:28:05 +0000,2026-09-06 17:28:05 +0000,,,3 KB,1,/Users/pq/aikagan-web/.opencode/node_modules/effect/dist/ExecutionPlan.js.map,dist,/Users/pq/aikagan-web/.opencode/node_modules/effect/dist
Exit.d.ts,2026-09-06 17:28:07 +0000,2026-09-06 17:28:07 +0000,,Mpeg-2 Transport Stream,40 KB,1,/Users/pq/aikagan-web/.opencode/node_modules/effect/dist/Exit.d.ts,dist,/Users/pq/aikagan-web/.opencode/node_modules/effect/dist
Exit.d.ts.map,2026-09-06 17:28:05 +0000,2026-09-06 17:28:05 +0000,,,8 KB,1,/Users/pq/aikagan-web/.opencode/node_modules/effect/dist/Exit.d.ts.map,dist,/Users/pq/aikagan-web/.opencode/node_modules/effect/dist
Exit.js,2026-09-06 17:28:04 +0000,2026-09-06 17:28:04 +0000,,Javascript,23 KB,1,/Users/pq/aikagan-web/.opencode/node_modules/effect/dist/Exit.js,dist,/Users/pq/aikagan-web/.opencode/node_modules/effect/dist
Exit.js.map,2026-09-06 17:28:05 +0000,2026-09-06 17:28:05 +0000,,,3 KB,1,/Users/pq/aikagan-web/.opencode/node_modules/effect/dist/Exit.js.map,dist,/Users/pq/aikagan-web/.opencode/node_modules/effect/dist
Fiber.d.ts,2026-09-06 17:28:07 +0000,2026-09-06 17:28:07 +0000,,Mpeg-2 Transport Stream,28 KB,1,/Users/pq/aikagan-web/.opencode/node_modules/effect/dist/Fiber.d.ts,dist,/Users/pq/aikagan-web/.opencode/node_modules/effect/dist
Fiber.d.ts.map,2026-09-06 17:28:05 +0000,2026-09-06 17:28:05 +0000,,,5 KB,1,/Users/pq/aikagan-web/.opencode/node_modules/effect/dist/Fiber.d.ts.map,dist,/Users/pq/aikagan-web/.opencode/node_modules/effect/dist
Fiber.js,2026-09-06 17:28:04 +0000,2026-09-06 17:28:04 +0000,,Javascript,12 KB,1,/Users/pq/aikagan-web/.opencode/node_modules/effect/dist/Fiber.js,dist,/Users/pq/aikagan-web/.opencode/node_modules/effect/dist
Fiber.js.map,2026-09-06 17:28:05 +0000,2026-09-06 17:28:05 +0000,,,2 KB,1,/Users/pq/aikagan-web/.opencode/node_modules/effect/dist/Fiber.js.map,dist,/Users/pq/aikagan-web/.opencode/node_modules/effect/dist
FiberHandle.d.ts,2026-09-06 17:28:07 +0000,2026-09-06 17:28:07 +0000,,Mpeg-2 Transport Stream,22 KB,1,/Users/pq/aikagan-web/.opencode/node_modules/effect/dist/FiberHandle.d.ts,dist,/Users/pq/aikagan-web/.opencode/node_modules/effect/dist
FiberHandle.d.ts.map,2026-09-06 17:28:05 +0000,2026-09-06 17:28:05 +0000,,,7 KB,1,/Users/pq/aikagan-web/.opencode/node_modules/effect/dist/FiberHandle.d.ts.map,dist,/Users/pq/aikagan-web/.opencode/node_modules/effect/dist
FiberHandle.js,2026-09-06 17:28:04 +0000,2026-09-06 17:28:04 +0000,,Javascript,18 KB,1,/Users/pq/aikagan-web/.opencode/node_modules/effect/dist/FiberHandle.js,dist,/Users/pq/aikagan-web/.opencode/node_modules/effect/dist
FiberHandle.js.map,2026-09-06 17:28:05 +0000,2026-09-06 17:28:05 +0000,,,8 KB,1,/Users/pq/aikagan-web/.opencode/node_modules/effect/dist/FiberHandle.js.map,dist,/Users/pq/aikagan-web/.opencode/node_modules/effect/dist
FiberMap.d.ts,2026-09-06 17:28:07 +0000,2026-09-06 17:28:07 +0000,,Mpeg-2 Transport Stream,37 KB,1,/Users/pq/aikagan-web/.opencode/node_modules/effect/dist/FiberMap.d.ts,dist,/Users/pq/aikagan-web/.opencode/node_modules/effect/dist
FiberMap.d.ts.map,2026-09-06 17:28:05 +0000,2026-09-06 17:28:05 +0000,,,10 KB,1,/Users/pq/aikagan-web/.opencode/node_modules/effect/dist/FiberMap.d.ts.map,dist,/Users/pq/aikagan-web/.opencode/node_modules/effect/dist
FiberMap.js,2026-09-06 17:28:04 +0000,2026-09-06 17:28:04 +0000,,Javascript,23 KB,1,/Users/pq/aikagan-web/.opencode/node_modules/effect/dist/FiberMap.js,dist,/Users/pq/aikagan-web/.opencode/node_modules/effect/dist
FiberMap.js.map,2026-09-06 17:28:05 +0000,2026-09-06 17:28:05 +0000,,,10 KB,1,/Users/pq/aikagan-web/.opencode/node_modules/effect/dist/FiberMap.js.map,dist,/Users/pq/aikagan-web/.opencode/node_modules/effect/dist
FiberSet.d.ts,2026-09-06 17:28:07 +0000,2026-09-06 17:28:07 +0000,,Mpeg-2 Transport Stream,19 KB,1,/Users/pq/aikagan-web/.opencode/node_modules/effect/dist/FiberSet.d.ts,dist,/Users/pq/aikagan-web/.opencode/node_modules/effect/dist
FiberSet.d.ts.map,2026-09-06 17:28:05 +0000,2026-09-06 17:28:05 +0000,,,6 KB,1,/Users/pq/aikagan-web/.opencode/node_modules/effect/dist/FiberSet.d.ts.map,dist,/Users/pq/aikagan-web/.opencode/node_modules/effect/dist
FiberSet.js,2026-09-06 17:28:04 +0000,2026-09-06 17:28:04 +0000,,Javascript,15 KB,1,/Users/pq/aikagan-web/.opencode/node_modules/effect/dist/FiberSet.js,dist,/Users/pq/aikagan-web/.opencode/node_modules/effect/dist
FiberSet.js.map,2026-09-06 17:28:05 +0000,2026-09-06 17:28:05 +0000,,,7 KB,1,/Users/pq/aikagan-web/.opencode/node_modules/effect/dist/FiberSet.js.map,dist,/Users/pq/aikagan-web/.opencode/node_modules/effect/dist
FileSystem.d.ts,2026-09-06 17:28:07 +0000,2026-09-06 17:28:07 +0000,,Mpeg-2 Transport Stream,34 KB,1,/Users/pq/aikagan-web/.opencode/node_modules/effect/dist/FileSystem.d.ts,dist,/Users/pq/aikagan-web/.opencode/node_modules/effect/dist
FileSystem.d.ts.map,2026-09-06 17:28:05 +0000,2026-09-06 17:28:05 +0000,,,11 KB,1,/Users/pq/aikagan-web/.opencode/node_modules/effect/dist/FileSystem.d.ts.map,dist,/Users/pq/aikagan-web/.opencode/node_modules/effect/dist
FileSystem.js,2026-09-06 17:28:04 +0000,2026-09-06 17:28:04 +0000,,Javascript,21 KB,1,/Users/pq/aikagan-web/.opencode/node_modules/effect/dist/FileSystem.js,dist,/Users/pq/aikagan-web/.opencode/node_modules/effect/dist
FileSystem.js.map,2026-09-06 17:28:05 +0000,2026-09-06 17:28:05 +0000,,,9 KB,1,/Users/pq/aikagan-web/.opencode/node_modules/effect/dist/FileSystem.js.map,dist,/Users/pq/aikagan-web/.opencode/node_modules/effect/dist
Filter.d.ts,2026-09-06 17:28:07 +0000,2026-09-06 17:28:07 +0000,,Mpeg-2 Transport Stream,35 KB,1,/Users/pq/aikagan-web/.opencode/node_modules/effect/dist/Filter.d.ts,dist,/Users/pq/aikagan-web/.opencode/node_modules/effect/dist
Filter.d.ts.map,2026-09-06 17:28:05 +0000,2026-09-06 17:28:05 +0000,,,11 KB,1,/Users/pq/aikagan-web/.opencode/node_modules/effect/dist/Filter.d.ts.map,dist,/Users/pq/aikagan-web/.opencode/node_modules/effect/dist
Filter.js,2026-09-06 17:28:04 +0000,2026-09-06 17:28:04 +0000,,Javascript,17 KB,1,/Users/pq/aikagan-web/.opencode/node_modules/effect/dist/Filter.js,dist,/Users/pq/aikagan-web/.opencode/node_modules/effect/dist
Filter.js.map,2026-09-06 17:28:05 +0000,2026-09-06 17:28:05 +0000,,,7 KB,1,/Users/pq/aikagan-web/.opencode/node_modules/effect/dist/Filter.js.map,dist,/Users/pq/aikagan-web/.opencode/node_modules/effect/dist
Formatter.d.ts,2026-09-06 17:28:07 +0000,2026-09-06 17:28:07 +0000,,Mpeg-2 Transport Stream,5 KB,1,/Users/pq/aikagan-web/.opencode/node_modules/effect/dist/Formatter.d.ts,dist,/Users/pq/aikagan-web/.opencode/node_modules/effect/dist
Formatter.d.ts.map,2026-09-06 17:28:05 +0000,2026-09-06 17:28:05 +0000,,,745 bytes,1,/Users/pq/aikagan-web/.opencode/node_modules/effect/dist/Formatter.d.ts.map,dist,/Users/pq/aikagan-web/.opencode/node_modules/effect/dist
Formatter.js,2026-09-06 17:28:04 +0000,2026-09-06 17:28:04 +0000,,Javascript,9 KB,1,/Users/pq/aikagan-web/.opencode/node_modules/effect/dist/Formatter.js,dist,/Users/pq/aikagan-web/.opencode/node_modules/effect/dist
Formatter.js.map,2026-09-06 17:28:05 +0000,2026-09-06 17:28:05 +0000,,,6 KB,1,/Users/pq/aikagan-web/.opencode/node_modules/effect/dist/Formatter.js.map,dist,/Users/pq/aikagan-web/.opencode/node_modules/effect/dist
Function.d.ts,2026-09-06 17:28:07 +0000,2026-09-06 17:28:07 +0000,,Mpeg-2 Transport Stream,34 KB,1,/Users/pq/aikagan-web/.opencode/node_modules/effect/dist/Function.d.ts,dist,/Users/pq/aikagan-web/.opencode/node_modules/effect/dist
Function.d.ts.map,2026-09-06 17:28:05 +0000,2026-09-06 17:28:05 +0000,,,22 KB,1,/Users/pq/aikagan-web/.opencode/node_modules/effect/dist/Function.d.ts.map,dist,/Users/pq/aikagan-web/.opencode/node_modules/effect/dist
Function.js,2026-09-06 17:28:04 +0000,2026-09-06 17:28:04 +0000,,Javascript,15 KB,1,/Users/pq/aikagan-web/.opencode/node_modules/effect/dist/Function.js,dist,/Users/pq/aikagan-web/.opencode/node_modules/effect/dist
Function.js.map,2026-09-06 17:28:05 +0000,2026-09-06 17:28:05 +0000,,,5 KB,1,/Users/pq/aikagan-web/.opencode/node_modules/effect/dist/Function.js.map,dist,/Users/pq/aikagan-web/.opencode/node_modules/effect/dist
Graph.d.ts,2026-09-06 17:28:07 +0000,2026-09-06 17:28:07 +0000,,Mpeg-2 Transport Stream,138 KB,1,/Users/pq/aikagan-web/.opencode/node_modules/effect/dist/Graph.d.ts,dist,/Users/pq/aikagan-web/.opencode/node_modules/effect/dist
Graph.d.ts.map,2026-09-06 17:28:05 +0000,2026-09-06 17:28:05 +0000,,,26 KB,1,/Users/pq/aikagan-web/.opencode/node_modules/effect/dist/Graph.d.ts.map,dist,/Users/pq/aikagan-web/.opencode/node_modules/effect/dist
Graph.js,2026-09-06 17:28:04 +0000,2026-09-06 17:28:04 +0000,,Javascript,105 KB,1,/Users/pq/aikagan-web/.opencode/node_modules/effect/dist/Graph.js,dist,/Users/pq/aikagan-web/.opencode/node_modules/effect/dist
Graph.js.map,2026-09-06 17:28:05 +0000,2026-09-06 17:28:05 +0000,,,59 KB,1,/Users/pq/aikagan-web/.opencode/node_modules/effect/dist/Graph.js.map,dist,/Users/pq/aikagan-web/.opencode/node_modules/effect/dist
HKT.d.ts,2026-09-06 17:28:07 +0000,2026-09-06 17:28:07 +0000,,Mpeg-2 Transport Stream,8 KB,1,/Users/pq/aikagan-web/.opencode/node_modules/effect/dist/HKT.d.ts,dist,/Users/pq/aikagan-web/.opencode/node_modules/effect/dist
HKT.d.ts.map,2026-09-06 17:28:05 +0000,2026-09-06 17:28:05 +0000,,,1 KB,1,/Users/pq/aikagan-web/.opencode/node_modules/effect/dist/HKT.d.ts.map,dist,/Users/pq/aikagan-web/.opencode/node_modules/effect/dist
HKT.js,2026-09-06 17:28:04 +0000,2026-09-06 17:28:04 +0000,,Javascript,42 bytes,1,/Users/pq/aikagan-web/.opencode/node_modules/effect/dist/HKT.js,dist,/Users/pq/aikagan-web/.opencode/node_modules/effect/dist
HKT.js.map,2026-09-06 17:28:05 +0000,2026-09-06 17:28:05 +0000,,,122 bytes,1,/Users/pq/aikagan-web/.opencode/node_modules/effect/dist/HKT.js.map,dist,/Users/pq/aikagan-web/.opencode/node_modules/effect/dist
Hash.d.ts,2026-09-06 17:28:07 +0000,2026-09-06 17:28:07 +0000,,Mpeg-2 Transport Stream,13 KB,1,/Users/pq/aikagan-web/.opencode/node_modules/effect/dist/Hash.d.ts,dist,/Users/pq/aikagan-web/.opencode/node_modules/effect/dist
Hash.d.ts.map,2026-09-06 17:28:05 +0000,2026-09-06 17:28:05 +0000,,,2 KB,1,/Users/pq/aikagan-web/.opencode/node_modules/effect/dist/Hash.d.ts.map,dist,/Users/pq/aikagan-web/.opencode/node_modules/effect/dist
Hash.js,2026-09-06 17:28:04 +0000,2026-09-06 17:28:04 +0000,,Javascript,15 KB,1,/Users/pq/aikagan-web/.opencode/node_modules/effect/dist/Hash.js,dist,/Users/pq/aikagan-web/.opencode/node_modules/effect/dist
Hash.js.map,2026-09-06 17:28:05 +0000,2026-09-06 17:28:05 +0000,,,6 KB,1,/Users/pq/aikagan-web/.opencode/node_modules/effect/dist/Hash.js.map,dist,/Users/pq/aikagan-web/.opencode/node_modules/effect/dist
HashMap.d.ts,2026-09-06 17:28:07 +0000,2026-09-06 17:28:07 +0000,,Mpeg-2 Transport Stream,73 KB,1,/Users/pq/aikagan-web/.opencode/node_modules/effect/dist/HashMap.d.ts,dist,/Users/pq/aikagan-web/.opencode/node_modules/effect/dist
HashMap.d.ts.map,2026-09-06 17:28:05 +0000,2026-09-06 17:28:05 +0000,,,16 KB,1,/Users/pq/aikagan-web/.opencode/node_modules/effect/dist/HashMap.d.ts.map,dist,/Users/pq/aikagan-web/.opencode/node_modules/effect/dist
HashMap.js,2026-09-06 17:28:04 +0000,2026-09-06 17:28:04 +0000,,Javascript,27 KB,1,/Users/pq/aikagan-web/.opencode/node_modules/effect/dist/HashMap.js,dist,/Users/pq/aikagan-web/.opencode/node_modules/effect/dist
HashMap.js.map,2026-09-06 17:28:05 +0000,2026-09-06 17:28:05 +0000,,,4 KB,1,/Users/pq/aikagan-web/.opencode/node_modules/effect/dist/HashMap.js.map,dist,/Users/pq/aikagan-web/.opencode/node_modules/effect/dist
HashRing.d.ts,2026-09-06 17:28:07 +0000,2026-09-06 17:28:07 +0000,,Mpeg-2 Transport Stream,12 KB,1,/Users/pq/aikagan-web/.opencode/node_modules/effect/dist/HashRing.d.ts,dist,/Users/pq/aikagan-web/.opencode/node_modules/effect/dist
HashRing.d.ts.map,2026-09-06 17:28:05 +0000,2026-09-06 17:28:05 +0000,,,3 KB,1,/Users/pq/aikagan-web/.opencode/node_modules/effect/dist/HashRing.d.ts.map,dist,/Users/pq/aikagan-web/.opencode/node_modules/effect/dist
HashRing.js,2026-09-06 17:28:04 +0000,2026-09-06 17:28:04 +0000,,Javascript,12 KB,1,/Users/pq/aikagan-web/.opencode/node_modules/effect/dist/HashRing.js,dist,/Users/pq/aikagan-web/.opencode/node_modules/effect/dist
HashRing.js.map,2026-09-06 17:28:05 +0000,2026-09-06 17:28:05 +0000,,,10 KB,1,/Users/pq/aikagan-web/.opencode/node_modules/effect/dist/HashRing.js.map,dist,/Users/pq/aikagan-web/.opencode/node_modules/effect/dist
HashSet.d.ts,2026-09-06 17:28:07 +0000,2026-09-06 17:28:07 +0000,,Mpeg-2 Transport Stream,34 KB,1,/Users/pq/aikagan-web/.opencode/node_modules/effect/dist/HashSet.d.ts,dist,/Users/pq/aikagan-web/.opencode/node_modules/effect/dist
HashSet.d.ts.map,2026-09-06 17:28:05 +0000,2026-09-06 17:28:05 +0000,,,7 KB,1,/Users/pq/aikagan-web/.opencode/node_modules/effect/dist/HashSet.d.ts.map,dist,/Users/pq/aikagan-web/.opencode/node_modules/effect/dist
HashSet.js,2026-09-06 17:28:04 +0000,2026-09-06 17:28:04 +0000,,Javascript,13 KB,1,/Users/pq/aikagan-web/.opencode/node_modules/effect/dist/HashSet.js,dist,/Users/pq/aikagan-web/.opencode/node_modules/effect/dist
HashSet.js.map,2026-09-06 17:28:05 +0000,2026-09-06 17:28:05 +0000,,,2 KB,1,/Users/pq/aikagan-web/.opencode/node_modules/effect/dist/HashSet.js.map,dist,/Users/pq/aikagan-web/.opencode/node_modules/effect/dist
Inspectable.d.ts,2026-09-06 17:28:07 +0000,2026-09-06 17:28:07 +0000,,Mpeg-2 Transport Stream,7 KB,1,/Users/pq/aikagan-web/.opencode/node_modules/effect/dist/Inspectable.d.ts,dist,/Users/pq/aikagan-web/.opencode/node_modules/effect/dist
Inspectable.d.ts.map,2026-09-06 17:28:05 +0000,2026-09-06 17:28:05 +0000,,,912 bytes,1,/Users/pq/aikagan-web/.opencode/node_modules/effect/dist/Inspectable.d.ts.map,dist,/Users/pq/aikagan-web/.opencode/node_modules/effect/dist
Inspectable.js,2026-09-06 17:28:04 +0000,2026-09-06 17:28:04 +0000,,Javascript,8 KB,1,/Users/pq/aikagan-web/.opencode/node_modules/effect/dist/Inspectable.js,dist,/Users/pq/aikagan-web/.opencode/node_modules/effect/dist
Inspectable.js.map,2026-09-06 17:28:05 +0000,2026-09-06 17:28:05 +0000,,,2 KB,1,/Users/pq/aikagan-web/.opencode/node_modules/effect/dist/Inspectable.js.map,dist,/Users/pq/aikagan-web/.opencode/node_modules/effect/dist
Iterable.d.ts,2026-09-06 17:28:07 +0000,2026-09-06 17:28:07 +0000,,Mpeg-2 Transport Stream,157 KB,1,/Users/pq/aikagan-web/.opencode/node_modules/effect/dist/Iterable.d.ts,dist,/Users/pq/aikagan-web/.opencode/node_modules/effect/dist
Iterable.d.ts.map,2026-09-06 17:28:05 +0000,2026-09-06 17:28:05 +0000,,,21 KB,1,/Users/pq/aikagan-web/.opencode/node_modules/effect/dist/Iterable.d.ts.map,dist,/Users/pq/aikagan-web/.opencode/node_modules/effect/dist
Iterable.js,2026-09-06 17:28:04 +0000,2026-09-06 17:28:04 +0000,,Javascript,68 KB,1,/Users/pq/aikagan-web/.opencode/node_modules/effect/dist/Iterable.js,dist,/Users/pq/aikagan-web/.opencode/node_modules/effect/dist
Iterable.js.map,2026-09-06 17:28:05 +0000,2026-09-06 17:28:05 +0000,,,22 KB,1,/Users/pq/aikagan-web/.opencode/node_modules/effect/dist/Iterable.js.map,dist,/Users/pq/aikagan-web/.opencode/node_modules/effect/dist
JsonPatch.d.ts,2026-09-06 17:28:07 +0000,2026-09-06 17:28:07 +0000,,Mpeg-2 Transport Stream,7 KB,1,/Users/pq/aikagan-web/.opencode/node_modules/effect/dist/JsonPatch.d.ts,dist,/Users/pq/aikagan-web/.opencode/node_modules/effect/dist
JsonPatch.d.ts.map,2026-09-06 17:28:05 +0000,2026-09-06 17:28:05 +0000,,,1 KB,1,/Users/pq/aikagan-web/.opencode/node_modules/effect/dist/JsonPatch.d.ts.map,dist,/Users/pq/aikagan-web/.opencode/node_modules/effect/dist
JsonPatch.js,2026-09-06 17:28:04 +0000,2026-09-06 17:28:04 +0000,,Javascript,13 KB,1,/Users/pq/aikagan-web/.opencode/node_modules/effect/dist/JsonPatch.js,dist,/Users/pq/aikagan-web/.opencode/node_modules/effect/dist
JsonPatch.js.map,2026-09-06 17:28:05 +0000,2026-09-06 17:28:05 +0000,,,9 KB,1,/Users/pq/aikagan-web/.opencode/node_modules/effect/dist/JsonPatch.js.map,dist,/Users/pq/aikagan-web/.opencode/node_modules/effect/dist
JsonPointer.d.ts,2026-09-06 17:28:07 +0000,2026-09-06 17:28:07 +0000,,Mpeg-2 Transport Stream,5 KB,1,/Users/pq/aikagan-web/.opencode/node_modules/effect/dist/JsonPointer.d.ts,dist,/Users/pq/aikagan-web/.opencode/node_modules/effect/dist
JsonPointer.d.ts.map,2026-09-06 17:28:05 +0000,2026-09-06 17:28:05 +0000,,,369 bytes,1,/Users/pq/aikagan-web/.opencode/node_modules/effect/dist/JsonPointer.d.ts.map,dist,/Users/pq/aikagan-web/.opencode/node_modules/effect/dist
JsonPointer.js,2026-09-06 17:28:04 +0000,2026-09-06 17:28:04 +0000,,Javascript,5 KB,1,/Users/pq/aikagan-web/.opencode/node_modules/effect/dist/JsonPointer.js,dist,/Users/pq/aikagan-web/.opencode/node_modules/effect/dist
JsonPointer.js.map,2026-09-06 17:28:05 +0000,2026-09-06 17:28:05 +0000,,,576 bytes,1,/Users/pq/aikagan-web/.opencode/node_modules/effect/dist/JsonPointer.js.map,dist,/Users/pq/aikagan-web/.opencode/node_modules/effect/dist
JsonSchema.d.ts,2026-09-06 17:28:07 +0000,2026-09-06 17:28:07 +0000,,Mpeg-2 Transport Stream,14 KB,1,/Users/pq/aikagan-web/.opencode/node_modules/effect/dist/JsonSchema.d.ts,dist,/Users/pq/aikagan-web/.opencode/node_modules/effect/dist
JsonSchema.d.ts.map,2026-09-06 17:28:05 +0000,2026-09-06 17:28:05 +0000,,,2 KB,1,/Users/pq/aikagan-web/.opencode/node_modules/effect/dist/JsonSchema.d.ts.map,dist,/Users/pq/aikagan-web/.opencode/node_modules/effect/dist
JsonSchema.js,2026-09-06 17:28:04 +0000,2026-09-06 17:28:04 +0000,,Javascript,24 KB,1,/Users/pq/aikagan-web/.opencode/node_modules/effect/dist/JsonSchema.js,dist,/Users/pq/aikagan-web/.opencode/node_modules/effect/dist
JsonSchema.js.map,2026-09-06 17:28:05 +0000,2026-09-06 17:28:05 +0000,,,14 KB,1,/Users/pq/aikagan-web/.opencode/node_modules/effect/dist/JsonSchema.js.map,dist,/Users/pq/aikagan-web/.opencode/node_modules/effect/dist
Latch.d.ts,2026-09-06 17:28:07 +0000,2026-09-06 17:28:07 +0000,,Mpeg-2 Transport Stream,13 KB,1,/Users/pq/aikagan-web/.opencode/node_modules/effect/dist/Latch.d.ts,dist,/Users/pq/aikagan-web/.opencode/node_modules/effect/dist
Latch.d.ts.map,2026-09-06 17:28:05 +0000,2026-09-06 17:28:05 +0000,,,2 KB,1,/Users/pq/aikagan-web/.opencode/node_modules/effect/dist/Latch.d.ts.map,dist,/Users/pq/aikagan-web/.opencode/node_modules/effect/dist
Latch.js,2026-09-06 17:28:04 +0000,2026-09-06 17:28:04 +0000,,Javascript,7 KB,1,/Users/pq/aikagan-web/.opencode/node_modules/effect/dist/Latch.js,dist,/Users/pq/aikagan-web/.opencode/node_modules/effect/dist
Latch.js.map,2026-09-06 17:28:05 +0000,2026-09-06 17:28:05 +0000,,,1 KB,1,/Users/pq/aikagan-web/.opencode/node_modules/effect/dist/Latch.js.map,dist,/Users/pq/aikagan-web/.opencode/node_modules/effect/dist
Layer.d.ts,2026-09-06 17:28:07 +0000,2026-09-06 17:28:07 +0000,,Mpeg-2 Transport Stream,146 KB,1,/Users/pq/aikagan-web/.opencode/node_modules/effect/dist/Layer.d.ts,dist,/Users/pq/aikagan-web/.opencode/node_modules/effect/dist
Layer.d.ts.map,2026-09-06 17:28:05 +0000,2026-09-06 17:28:05 +0000,,,26 KB,1,/Users/pq/aikagan-web/.opencode/node_modules/effect/dist/Layer.d.ts.map,dist,/Users/pq/aikagan-web/.opencode/node_modules/effect/dist
Layer.js,2026-09-06 17:28:04 +0000,2026-09-06 17:28:04 +0000,,Javascript,65 KB,1,/Users/pq/aikagan-web/.opencode/node_modules/effect/dist/Layer.js,dist,/Users/pq/aikagan-web/.opencode/node_modules/effect/dist
Layer.js.map,2026-09-06 17:28:05 +0000,2026-09-06 17:28:05 +0000,,,19 KB,1,/Users/pq/aikagan-web/.opencode/node_modules/effect/dist/Layer.js.map,dist,/Users/pq/aikagan-web/.opencode/node_modules/effect/dist
LayerMap.d.ts,2026-09-06 17:28:07 +0000,2026-09-06 17:28:07 +0000,,Mpeg-2 Transport Stream,14 KB,1,/Users/pq/aikagan-web/.opencode/node_modules/effect/dist/LayerMap.d.ts,dist,/Users/pq/aikagan-web/.opencode/node_modules/effect/dist
LayerMap.d.ts.map,2026-09-06 17:28:05 +0000,2026-09-06 17:28:05 +0000,,,7 KB,1,/Users/pq/aikagan-web/.opencode/node_modules/effect/dist/LayerMap.d.ts.map,dist,/Users/pq/aikagan-web/.opencode/node_modules/effect/dist
LayerMap.js,2026-09-06 17:28:04 +0000,2026-09-06 17:28:04 +0000,,Javascript,8 KB,1,/Users/pq/aikagan-web/.opencode/node_modules/effect/dist/LayerMap.js,dist,/Users/pq/aikagan-web/.opencode/node_modules/effect/dist
LayerMap.js.map,2026-09-06 17:28:05 +0000,2026-09-06 17:28:05 +0000,,,4 KB,1,/Users/pq/aikagan-web/.opencode/node_modules/effect/dist/LayerMap.js.map,dist,/Users/pq/aikagan-web/.opencode/node_modules/effect/dist
LogLevel.d.ts,2026-09-06 17:28:07 +0000,2026-09-06 17:28:07 +0000,,Mpeg-2 Transport Stream,25 KB,1,/Users/pq/aikagan-web/.opencode/node_modules/effect/dist/LogLevel.d.ts,dist,/Users/pq/aikagan-web/.opencode/node_modules/effect/dist
LogLevel.d.ts.map,2026-09-06 17:28:05 +0000,2026-09-06 17:28:05 +0000,,,2 KB,1,/Users/pq/aikagan-web/.opencode/node_modules/effect/dist/LogLevel.d.ts.map,dist,/Users/pq/aikagan-web/.opencode/node_modules/effect/dist
LogLevel.js,2026-09-06 17:28:04 +0000,2026-09-06 17:28:04 +0000,,Javascript,10 KB,1,/Users/pq/aikagan-web/.opencode/node_modules/effect/dist/LogLevel.js,dist,/Users/pq/aikagan-web/.opencode/node_modules/effect/dist
LogLevel.js.map,2026-09-06 17:28:05 +0000,2026-09-06 17:28:05 +0000,,,2 KB,1,/Users/pq/aikagan-web/.opencode/node_modules/effect/dist/LogLevel.js.map,dist,/Users/pq/aikagan-web/.opencode/node_modules/effect/dist
Logger.d.ts,2026-09-06 17:28:07 +0000,2026-09-06 17:28:07 +0000,,Mpeg-2 Transport Stream,32 KB,1,/Users/pq/aikagan-web/.opencode/node_modules/effect/dist/Logger.d.ts,dist,/Users/pq/aikagan-web/.opencode/node_modules/effect/dist
Logger.d.ts.map,2026-09-06 17:28:05 +0000,2026-09-06 17:28:05 +0000,,,6 KB,1,/Users/pq/aikagan-web/.opencode/node_modules/effect/dist/Logger.d.ts.map,dist,/Users/pq/aikagan-web/.opencode/node_modules/effect/dist
Logger.js,2026-09-06 17:28:04 +0000,2026-09-06 17:28:04 +0000,,Javascript,36 KB,1,/Users/pq/aikagan-web/.opencode/node_modules/effect/dist/Logger.js,dist,/Users/pq/aikagan-web/.opencode/node_modules/effect/dist
Logger.js.map,2026-09-06 17:28:05 +0000,2026-09-06 17:28:05 +0000,,,10 KB,1,/Users/pq/aikagan-web/.opencode/node_modules/effect/dist/Logger.js.map,dist,/Users/pq/aikagan-web/.opencode/node_modules/effect/dist
ManagedRuntime.d.ts,2026-09-06 17:28:07 +0000,2026-09-06 17:28:07 +0000,,Mpeg-2 Transport Stream,10 KB,1,/Users/pq/aikagan-web/.opencode/node_modules/effect/dist/ManagedRuntime.d.ts,dist,/Users/pq/aikagan-web/.opencode/node_modules/effect/dist
ManagedRuntime.d.ts.map,2026-09-06 17:28:05 +0000,2026-09-06 17:28:05 +0000,,,3 KB,1,/Users/pq/aikagan-web/.opencode/node_modules/effect/dist/ManagedRuntime.d.ts.map,dist,/Users/pq/aikagan-web/.opencode/node_modules/effect/dist
ManagedRuntime.js,2026-09-06 17:28:04 +0000,2026-09-06 17:28:04 +0000,,Javascript,6 KB,1,/Users/pq/aikagan-web/.opencode/node_modules/effect/dist/ManagedRuntime.js,dist,/Users/pq/aikagan-web/.opencode/node_modules/effect/dist
ManagedRuntime.js.map,2026-09-06 17:28:05 +0000,2026-09-06 17:28:05 +0000,,,5 KB,1,/Users/pq/aikagan-web/.opencode/node_modules/effect/dist/ManagedRuntime.js.map,dist,/Users/pq/aikagan-web/.opencode/node_modules/effect/dist
Match.d.ts,2026-09-06 17:28:07 +0000,2026-09-06 17:28:07 +0000,,Mpeg-2 Transport Stream,82 KB,1,/Users/pq/aikagan-web/.opencode/node_modules/effect/dist/Match.d.ts,dist,/Users/pq/aikagan-web/.opencode/node_modules/effect/dist
Match.d.ts.map,2026-09-06 17:28:05 +0000,2026-09-06 17:28:05 +0000,,,28 KB,1,/Users/pq/aikagan-web/.opencode/node_modules/effect/dist/Match.d.ts.map,dist,/Users/pq/aikagan-web/.opencode/node_modules/effect/dist
Match.js,2026-09-06 17:28:04 +0000,2026-09-06 17:28:04 +0000,,Javascript,46 KB,1,/Users/pq/aikagan-web/.opencode/node_modules/effect/dist/Match.js,dist,/Users/pq/aikagan-web/.opencode/node_modules/effect/dist
Match.js.map,2026-09-06 17:28:05 +0000,2026-09-06 17:28:05 +0000,,,4 KB,1,/Users/pq/aikagan-web/.opencode/node_modules/effect/dist/Match.js.map,dist,/Users/pq/aikagan-web/.opencode/node_modules/effect/dist
Metric.d.ts,2026-09-06 17:28:07 +0000,2026-09-06 17:28:07 +0000,,Mpeg-2 Transport Stream,148 KB,1,/Users/pq/aikagan-web/.opencode/node_modules/effect/dist/Metric.d.ts,dist,/Users/pq/aikagan-web/.opencode/node_modules/effect/dist
Metric.d.ts.map,2026-09-06 17:28:05 +0000,2026-09-06 17:28:05 +0000,,,15 KB,1,/Users/pq/aikagan-web/.opencode/node_modules/effect/dist/Metric.d.ts.map,dist,/Users/pq/aikagan-web/.opencode/node_modules/effect/dist
Metric.js,2026-09-06 17:28:04 +0000,2026-09-06 17:28:04 +0000,,Javascript,79 KB,1,/Users/pq/aikagan-web/.opencode/node_modules/effect/dist/Metric.js,dist,/Users/pq/aikagan-web/.opencode/node_modules/effect/dist
Metric.js.map,2026-09-06 17:28:05 +0000,2026-09-06 17:28:05 +0000,,,27 KB,1,/Users/pq/aikagan-web/.opencode/node_modules/effect/dist/Metric.js.map,dist,/Users/pq/aikagan-web/.opencode/node_modules/effect/dist
MutableHashMap.d.ts,2026-09-06 17:28:07 +0000,2026-09-06 17:28:07 +0000,,Mpeg-2 Transport Stream,34 KB,1,/Users/pq/aikagan-web/.opencode/node_modules/effect/dist/MutableHashMap.d.ts,dist,/Users/pq/aikagan-web/.opencode/node_modules/effect/dist
MutableHashMap.d.ts.map,2026-09-06 17:28:05 +0000,2026-09-06 17:28:05 +0000,,,6 KB,1,/Users/pq/aikagan-web/.opencode/node_modules/effect/dist/MutableHashMap.d.ts.map,dist,/Users/pq/aikagan-web/.opencode/node_modules/effect/dist
MutableHashMap.js,2026-09-06 17:28:04 +0000,2026-09-06 17:28:04 +0000,,Javascript,18 KB,1,/Users/pq/aikagan-web/.opencode/node_modules/effect/dist/MutableHashMap.js,dist,/Users/pq/aikagan-web/.opencode/node_modules/effect/dist
MutableHashMap.js.map,2026-09-06 17:28:05 +0000,2026-09-06 17:28:05 +0000,,,9 KB,1,/Users/pq/aikagan-web/.opencode/node_modules/effect/dist/MutableHashMap.js.map,dist,/Users/pq/aikagan-web/.opencode/node_modules/effect/dist
MutableHashSet.d.ts,2026-09-06 17:28:07 +0000,2026-09-06 17:28:07 +0000,,Mpeg-2 Transport Stream,16 KB,1,/Users/pq/aikagan-web/.opencode/node_modules/effect/dist/MutableHashSet.d.ts,dist,/Users/pq/aikagan-web/.opencode/node_modules/effect/dist
MutableHashSet.d.ts.map,2026-09-06 17:28:05 +0000,2026-09-06 17:28:05 +0000,,,2 KB,1,/Users/pq/aikagan-web/.opencode/node_modules/effect/dist/MutableHashSet.d.ts.map,dist,/Users/pq/aikagan-web/.opencode/node_modules/effect/dist
MutableHashSet.js,2026-09-06 17:28:04 +0000,2026-09-06 17:28:04 +0000,,Javascript,12 KB,1,/Users/pq/aikagan-web/.opencode/node_modules/effect/dist/MutableHashSet.js,dist,/Users/pq/aikagan-web/.opencode/node_modules/effect/dist
MutableHashSet.js.map,2026-09-06 17:28:05 +0000,2026-09-06 17:28:05 +0000,,,3 KB,1,/Users/pq/aikagan-web/.opencode/node_modules/effect/dist/MutableHashSet.js.map,dist,/Users/pq/aikagan-web/.opencode/node_modules/effect/dist
MutableList.d.ts,2026-09-06 17:28:07 +0000,2026-09-06 17:28:07 +0000,,Mpeg-2 Transport Stream,23 KB,1,/Users/pq/aikagan-web/.opencode/node_modules/effect/dist/MutableList.d.ts,dist,/Users/pq/aikagan-web/.opencode/node_modules/effect/dist
MutableList.d.ts.map,2026-09-06 17:28:05 +0000,2026-09-06 17:28:05 +0000,,,3 KB,1,/Users/pq/aikagan-web/.opencode/node_modules/effect/dist/MutableList.d.ts.map,dist,/Users/pq/aikagan-web/.opencode/node_modules/effect/dist
MutableList.js,2026-09-06 17:28:04 +0000,2026-09-06 17:28:04 +0000,,Javascript,23 KB,1,/Users/pq/aikagan-web/.opencode/node_modules/effect/dist/MutableList.js,dist,/Users/pq/aikagan-web/.opencode/node_modules/effect/dist
MutableList.js.map,2026-09-06 17:28:05 +0000,2026-09-06 17:28:05 +0000,,,8 KB,1,/Users/pq/aikagan-web/.opencode/node_modules/effect/dist/MutableList.js.map,dist,/Users/pq/aikagan-web/.opencode/node_modules/effect/dist
MutableRef.d.ts,2026-09-06 17:28:07 +0000,2026-09-06 17:28:07 +0000,,Mpeg-2 Transport Stream,43 KB,1,/Users/pq/aikagan-web/.opencode/node_modules/effect/dist/MutableRef.d.ts,dist,/Users/pq/aikagan-web/.opencode/node_modules/effect/dist
MutableRef.d.ts.map,2026-09-06 17:28:05 +0000,2026-09-06 17:28:05 +0000,,,4 KB,1,/Users/pq/aikagan-web/.opencode/node_modules/effect/dist/MutableRef.d.ts.map,dist,/Users/pq/aikagan-web/.opencode/node_modules/effect/dist
MutableRef.js,2026-09-06 17:28:04 +0000,2026-09-06 17:28:04 +0000,,Javascript,22 KB,1,/Users/pq/aikagan-web/.opencode/node_modules/effect/dist/MutableRef.js,dist,/Users/pq/aikagan-web/.opencode/node_modules/effect/dist
MutableRef.js.map,2026-09-06 17:28:05 +0000,2026-09-06 17:28:05 +0000,,,4 KB,1,/Users/pq/aikagan-web/.opencode/node_modules/effect/dist/MutableRef.js.map,dist,/Users/pq/aikagan-web/.opencode/node_modules/effect/dist
Newtype.d.ts,2026-09-06 17:28:07 +0000,2026-09-06 17:28:07 +0000,,Mpeg-2 Transport Stream,10 KB,1,/Users/pq/aikagan-web/.opencode/node_modules/effect/dist/Newtype.d.ts,dist,/Users/pq/aikagan-web/.opencode/node_modules/effect/dist
Newtype.d.ts.map,2026-09-06 17:28:05 +0000,2026-09-06 17:28:05 +0000,,,2 KB,1,/Users/pq/aikagan-web/.opencode/node_modules/effect/dist/Newtype.d.ts.map,dist,/Users/pq/aikagan-web/.opencode/node_modules/effect/dist
Newtype.js,2026-09-06 17:28:04 +0000,2026-09-06 17:28:04 +0000,,Javascript,5 KB,1,/Users/pq/aikagan-web/.opencode/node_modules/effect/dist/Newtype.js,dist,/Users/pq/aikagan-web/.opencode/node_modules/effect/dist
Newtype.js.map,2026-09-06 17:28:05 +0000,2026-09-06 17:28:05 +0000,,,789 bytes,1,/Users/pq/aikagan-web/.opencode/node_modules/effect/dist/Newtype.js.map,dist,/Users/pq/aikagan-web/.opencode/node_modules/effect/dist
NonEmptyIterable.d.ts,2026-09-06 17:28:07 +0000,2026-09-06 17:28:07 +0000,,Mpeg-2 Transport Stream,11 KB,1,/Users/pq/aikagan-web/.opencode/node_modules/effect/dist/NonEmptyIterable.d.ts,dist,/Users/pq/aikagan-web/.opencode/node_modules/effect/dist
NonEmptyIterable.d.ts.map,2026-09-06 17:28:05 +0000,2026-09-06 17:28:05 +0000,,,815 bytes,1,/Users/pq/aikagan-web/.opencode/node_modules/effect/dist/NonEmptyIterable.d.ts.map,dist,/Users/pq/aikagan-web/.opencode/node_modules/effect/dist
NonEmptyIterable.js,2026-09-06 17:28:04 +0000,2026-09-06 17:28:04 +0000,,Javascript,9 KB,1,/Users/pq/aikagan-web/.opencode/node_modules/effect/dist/NonEmptyIterable.js,dist,/Users/pq/aikagan-web/.opencode/node_modules/effect/dist
NonEmptyIterable.js.map,2026-09-06 17:28:05 +0000,2026-09-06 17:28:05 +0000,,,763 bytes,1,/Users/pq/aikagan-web/.opencode/node_modules/effect/dist/NonEmptyIterable.js.map,dist,/Users/pq/aikagan-web/.opencode/node_modules/effect/dist
Number.d.ts,2026-09-06 17:28:07 +0000,2026-09-06 17:28:07 +0000,,Mpeg-2 Transport Stream,40 KB,1,/Users/pq/aikagan-web/.opencode/node_modules/effect/dist/Number.d.ts,dist,/Users/pq/aikagan-web/.opencode/node_modules/effect/dist
Number.d.ts.map,2026-09-06 17:28:05 +0000,2026-09-06 17:28:05 +0000,,,6 KB,1,/Users/pq/aikagan-web/.opencode/node_modules/effect/dist/Number.d.ts.map,dist,/Users/pq/aikagan-web/.opencode/node_modules/effect/dist
Number.js,2026-09-06 17:28:04 +0000,2026-09-06 17:28:04 +0000,,Javascript,22 KB,1,/Users/pq/aikagan-web/.opencode/node_modules/effect/dist/Number.js,dist,/Users/pq/aikagan-web/.opencode/node_modules/effect/dist
Number.js.map,2026-09-06 17:28:05 +0000,2026-09-06 17:28:05 +0000,,,7 KB,1,/Users/pq/aikagan-web/.opencode/node_modules/effect/dist/Number.js.map,dist,/Users/pq/aikagan-web/.opencode/node_modules/effect/dist
Optic.d.ts,2026-09-06 17:28:07 +0000,2026-09-06 17:28:07 +0000,,Mpeg-2 Transport Stream,38 KB,1,/Users/pq/aikagan-web/.opencode/node_modules/effect/dist/Optic.d.ts,dist,/Users/pq/aikagan-web/.opencode/node_modules/effect/dist
Optic.d.ts.map,2026-09-06 17:28:05 +0000,2026-09-06 17:28:05 +0000,,,12 KB,1,/Users/pq/aikagan-web/.opencode/node_modules/effect/dist/Optic.d.ts.map,dist,/Users/pq/aikagan-web/.opencode/node_modules/effect/dist
Optic.js,2026-09-06 17:28:04 +0000,2026-09-06 17:28:04 +0000,,Javascript,28 KB,1,/Users/pq/aikagan-web/.opencode/node_modules/effect/dist/Optic.js,dist,/Users/pq/aikagan-web/.opencode/node_modules/effect/dist
Optic.js.map,2026-09-06 17:28:05 +0000,2026-09-06 17:28:05 +0000,,,19 KB,1,/Users/pq/aikagan-web/.opencode/node_modules/effect/dist/Optic.js.map,dist,/Users/pq/aikagan-web/.opencode/node_modules/effect/dist
Option.d.ts,2026-09-06 17:28:07 +0000,2026-09-06 17:28:07 +0000,,Mpeg-2 Transport Stream,136 KB,1,/Users/pq/aikagan-web/.opencode/node_modules/effect/dist/Option.d.ts,dist,/Users/pq/aikagan-web/.opencode/node_modules/effect/dist
Option.d.ts.map,2026-09-06 17:28:05 +0000,2026-09-06 17:28:05 +0000,,,24 KB,1,/Users/pq/aikagan-web/.opencode/node_modules/effect/dist/Option.d.ts.map,dist,/Users/pq/aikagan-web/.opencode/node_modules/effect/dist
Option.js,2026-09-06 17:28:04 +0000,2026-09-06 17:28:04 +0000,,Javascript,61 KB,1,/Users/pq/aikagan-web/.opencode/node_modules/effect/dist/Option.js,dist,/Users/pq/aikagan-web/.opencode/node_modules/effect/dist
Option.js.map,2026-09-06 17:28:05 +0000,2026-09-06 17:28:05 +0000,,,14 KB,1,/Users/pq/aikagan-web/.opencode/node_modules/effect/dist/Option.js.map,dist,/Users/pq/aikagan-web/.opencode/node_modules/effect/dist
Order.d.ts,2026-09-06 17:28:07 +0000,2026-09-06 17:28:07 +0000,,Mpeg-2 Transport Stream,34 KB,1,/Users/pq/aikagan-web/.opencode/node_modules/effect/dist/Order.d.ts,dist,/Users/pq/aikagan-web/.opencode/node_modules/effect/dist
Order.d.ts.map,2026-09-06 17:28:05 +0000,2026-09-06 17:28:05 +0000,,,6 KB,1,/Users/pq/aikagan-web/.opencode/node_modules/effect/dist/Order.d.ts.map,dist,/Users/pq/aikagan-web/.opencode/node_modules/effect/dist
Order.js,2026-09-06 17:28:04 +0000,2026-09-06 17:28:04 +0000,,Javascript,30 KB,1,/Users/pq/aikagan-web/.opencode/node_modules/effect/dist/Order.js,dist,/Users/pq/aikagan-web/.opencode/node_modules/effect/dist
Order.js.map,2026-09-06 17:28:05 +0000,2026-09-06 17:28:05 +0000,,,6 KB,1,/Users/pq/aikagan-web/.opencode/node_modules/effect/dist/Order.js.map,dist,/Users/pq/aikagan-web/.opencode/node_modules/effect/dist
Ordering.d.ts,2026-09-06 17:28:07 +0000,2026-09-06 17:28:07 +0000,,Mpeg-2 Transport Stream,7 KB,1,/Users/pq/aikagan-web/.opencode/node_modules/effect/dist/Ordering.d.ts,dist,/Users/pq/aikagan-web/.opencode/node_modules/effect/dist
Ordering.d.ts.map,2026-09-06 17:28:05 +0000,2026-09-06 17:28:05 +0000,,,1 KB,1,/Users/pq/aikagan-web/.opencode/node_modules/effect/dist/Ordering.d.ts.map,dist,/Users/pq/aikagan-web/.opencode/node_modules/effect/dist
Ordering.js,2026-09-06 17:28:04 +0000,2026-09-06 17:28:04 +0000,,Javascript,3 KB,1,/Users/pq/aikagan-web/.opencode/node_modules/effect/dist/Ordering.js,dist,/Users/pq/aikagan-web/.opencode/node_modules/effect/dist
Ordering.js.map,2026-09-06 17:28:05 +0000,2026-09-06 17:28:05 +0000,,,1 KB,1,/Users/pq/aikagan-web/.opencode/node_modules/effect/dist/Ordering.js.map,dist,/Users/pq/aikagan-web/.opencode/node_modules/effect/dist
PartitionedSemaphore.d.ts,2026-09-06 17:28:07 +0000,2026-09-06 17:28:07 +0000,,Mpeg-2 Transport Stream,21 KB,1,/Users/pq/aikagan-web/.opencode/node_modules/effect/dist/PartitionedSemaphore.d.ts,dist,/Users/pq/aikagan-web/.opencode/node_modules/effect/dist
PartitionedSemaphore.d.ts.map,2026-09-06 17:28:05 +0000,2026-09-06 17:28:05 +0000,,,5 KB,1,/Users/pq/aikagan-web/.opencode/node_modules/effect/dist/PartitionedSemaphore.d.ts.map,dist,/Users/pq/aikagan-web/.opencode/node_modules/effect/dist
PartitionedSemaphore.js,2026-09-06 17:28:04 +0000,2026-09-06 17:28:04 +0000,,Javascript,13 KB,1,/Users/pq/aikagan-web/.opencode/node_modules/effect/dist/PartitionedSemaphore.js,dist,/Users/pq/aikagan-web/.opencode/node_modules/effect/dist
PartitionedSemaphore.js.map,2026-09-06 17:28:05 +0000,2026-09-06 17:28:05 +0000,,,7 KB,1,/Users/pq/aikagan-web/.opencode/node_modules/effect/dist/PartitionedSemaphore.js.map,dist,/Users/pq/aikagan-web/.opencode/node_modules/effect/dist
Path.d.ts,2026-09-06 17:28:07 +0000,2026-09-06 17:28:07 +0000,,Mpeg-2 Transport Stream,10 KB,1,/Users/pq/aikagan-web/.opencode/node_modules/effect/dist/Path.d.ts,dist,/Users/pq/aikagan-web/.opencode/node_modules/effect/dist
Path.d.ts.map,2026-09-06 17:28:05 +0000,2026-09-06 17:28:05 +0000,,,2 KB,1,/Users/pq/aikagan-web/.opencode/node_modules/effect/dist/Path.d.ts.map,dist,/Users/pq/aikagan-web/.opencode/node_modules/effect/dist
Path.js,2026-09-06 17:28:04 +0000,2026-09-06 17:28:04 +0000,,Javascript,22 KB,1,/Users/pq/aikagan-web/.opencode/node_modules/effect/dist/Path.js,dist,/Users/pq/aikagan-web/.opencode/node_modules/effect/dist
Path.js.map,2026-09-06 17:28:05 +0000,2026-09-06 17:28:05 +0000,,,17 KB,1,/Users/pq/aikagan-web/.opencode/node_modules/effect/dist/Path.js.map,dist,/Users/pq/aikagan-web/.opencode/node_modules/effect/dist
Pipeable.d.ts,2026-09-06 17:28:07 +0000,2026-09-06 17:28:07 +0000,,Mpeg-2 Transport Stream,12 KB,1,/Users/pq/aikagan-web/.opencode/node_modules/effect/dist/Pipeable.d.ts,dist,/Users/pq/aikagan-web/.opencode/node_modules/effect/dist
Pipeable.d.ts.map,2026-09-06 17:28:05 +0000,2026-09-06 17:28:05 +0000,,,17 KB,1,/Users/pq/aikagan-web/.opencode/node_modules/effect/dist/Pipeable.d.ts.map,dist,/Users/pq/aikagan-web/.opencode/node_modules/effect/dist
Pipeable.js,2026-09-06 17:28:04 +0000,2026-09-06 17:28:04 +0000,,Javascript,4 KB,1,/Users/pq/aikagan-web/.opencode/node_modules/effect/dist/Pipeable.js,dist,/Users/pq/aikagan-web/.opencode/node_modules/effect/dist
Pipeable.js.map,2026-09-06 17:28:05 +0000,2026-09-06 17:28:05 +0000,,,3 KB,1,/Users/pq/aikagan-web/.opencode/node_modules/effect/dist/Pipeable.js.map,dist,/Users/pq/aikagan-web/.opencode/node_modules/effect/dist
PlatformError.d.ts,2026-09-06 17:28:07 +0000,2026-09-06 17:28:07 +0000,,Mpeg-2 Transport Stream,8 KB,1,/Users/pq/aikagan-web/.opencode/node_modules/effect/dist/PlatformError.d.ts,dist,/Users/pq/aikagan-web/.opencode/node_modules/effect/dist
PlatformError.d.ts.map,2026-09-06 17:28:05 +0000,2026-09-06 17:28:05 +0000,,,2 KB,1,/Users/pq/aikagan-web/.opencode/node_modules/effect/dist/PlatformError.d.ts.map,dist,/Users/pq/aikagan-web/.opencode/node_modules/effect/dist
PlatformError.js,2026-09-06 17:28:04 +0000,2026-09-06 17:28:04 +0000,,Javascript,6 KB,1,/Users/pq/aikagan-web/.opencode/node_modules/effect/dist/PlatformError.js,dist,/Users/pq/aikagan-web/.opencode/node_modules/effect/dist
PlatformError.js.map,2026-09-06 17:28:05 +0000,2026-09-06 17:28:05 +0000,,,2 KB,1,/Users/pq/aikagan-web/.opencode/node_modules/effect/dist/PlatformError.js.map,dist,/Users/pq/aikagan-web/.opencode/node_modules/effect/dist
Pool.d.ts,2026-09-06 17:28:07 +0000,2026-09-06 17:28:07 +0000,,Mpeg-2 Transport Stream,13 KB,1,/Users/pq/aikagan-web/.opencode/node_modules/effect/dist/Pool.d.ts,dist,/Users/pq/aikagan-web/.opencode/node_modules/effect/dist
Pool.d.ts.map,2026-09-06 17:28:05 +0000,2026-09-06 17:28:05 +0000,,,5 KB,1,/Users/pq/aikagan-web/.opencode/node_modules/effect/dist/Pool.d.ts.map,dist,/Users/pq/aikagan-web/.opencode/node_modules/effect/dist
Pool.js,2026-09-06 17:28:04 +0000,2026-09-06 17:28:04 +0000,,Javascript,16 KB,1,/Users/pq/aikagan-web/.opencode/node_modules/effect/dist/Pool.js,dist,/Users/pq/aikagan-web/.opencode/node_modules/effect/dist
Pool.js.map,2026-09-06 17:28:05 +0000,2026-09-06 17:28:05 +0000,,,16 KB,1,/Users/pq/aikagan-web/.opencode/node_modules/effect/dist/Pool.js.map,dist,/Users/pq/aikagan-web/.opencode/node_modules/effect/dist
Predicate.d.ts,2026-09-06 17:28:07 +0000,2026-09-06 17:28:07 +0000,,Mpeg-2 Transport Stream,65 KB,1,/Users/pq/aikagan-web/.opencode/node_modules/effect/dist/Predicate.d.ts,dist,/Users/pq/aikagan-web/.opencode/node_modules/effect/dist
Predicate.d.ts.map,2026-09-06 17:28:05 +0000,2026-09-06 17:28:05 +0000,,,13 KB,1,/Users/pq/aikagan-web/.opencode/node_modules/effect/dist/Predicate.d.ts.map,dist,/Users/pq/aikagan-web/.opencode/node_modules/effect/dist
Predicate.js,2026-09-06 17:28:04 +0000,2026-09-06 17:28:04 +0000,,Javascript,33 KB,1,/Users/pq/aikagan-web/.opencode/node_modules/effect/dist/Predicate.js,dist,/Users/pq/aikagan-web/.opencode/node_modules/effect/dist
Predicate.js.map,2026-09-06 17:28:05 +0000,2026-09-06 17:28:05 +0000,,,8 KB,1,/Users/pq/aikagan-web/.opencode/node_modules/effect/dist/Predicate.js.map,dist,/Users/pq/aikagan-web/.opencode/node_modules/effect/dist
PrimaryKey.d.ts,2026-09-06 17:28:07 +0000,2026-09-06 17:28:07 +0000,,Mpeg-2 Transport Stream,5 KB,1,/Users/pq/aikagan-web/.opencode/node_modules/effect/dist/PrimaryKey.d.ts,dist,/Users/pq/aikagan-web/.opencode/node_modules/effect/dist
PrimaryKey.d.ts.map,2026-09-06 17:28:05 +0000,2026-09-06 17:28:05 +0000,,,516 bytes,1,/Users/pq/aikagan-web/.opencode/node_modules/effect/dist/PrimaryKey.d.ts.map,dist,/Users/pq/aikagan-web/.opencode/node_modules/effect/dist
PrimaryKey.js,2026-09-06 17:28:04 +0000,2026-09-06 17:28:04 +0000,,Javascript,4 KB,1,/Users/pq/aikagan-web/.opencode/node_modules/effect/dist/PrimaryKey.js,dist,/Users/pq/aikagan-web/.opencode/node_modules/effect/dist
PrimaryKey.js.map,2026-09-06 17:28:05 +0000,2026-09-06 17:28:05 +0000,,,529 bytes,1,/Users/pq/aikagan-web/.opencode/node_modules/effect/dist/PrimaryKey.js.map,dist,/Users/pq/aikagan-web/.opencode/node_modules/effect/dist
PubSub.d.ts,2026-09-06 17:28:07 +0000,2026-09-06 17:28:07 +0000,,Mpeg-2 Transport Stream,59 KB,1,/Users/pq/aikagan-web/.opencode/node_modules/effect/dist/PubSub.d.ts,dist,/Users/pq/aikagan-web/.opencode/node_modules/effect/dist
PubSub.d.ts.map,2026-09-06 17:28:05 +0000,2026-09-06 17:28:05 +0000,,,13 KB,1,/Users/pq/aikagan-web/.opencode/node_modules/effect/dist/PubSub.d.ts.map,dist,/Users/pq/aikagan-web/.opencode/node_modules/effect/dist
PubSub.js,2026-09-06 17:28:04 +0000,2026-09-06 17:28:04 +0000,,Javascript,67 KB,1,/Users/pq/aikagan-web/.opencode/node_modules/effect/dist/PubSub.js,dist,/Users/pq/aikagan-web/.opencode/node_modules/effect/dist
PubSub.js.map,2026-09-06 17:28:05 +0000,2026-09-06 17:28:05 +0000,,,45 KB,1,/Users/pq/aikagan-web/.opencode/node_modules/effect/dist/PubSub.js.map,dist,/Users/pq/aikagan-web/.opencode/node_modules/effect/dist
Pull.d.ts,2026-09-06 17:28:07 +0000,2026-09-06 17:28:07 +0000,,Mpeg-2 Transport Stream,15 KB,1,/Users/pq/aikagan-web/.opencode/node_modules/effect/dist/Pull.d.ts,dist,/Users/pq/aikagan-web/.opencode/node_modules/effect/dist
Pull.d.ts.map,2026-09-06 17:28:05 +0000,2026-09-06 17:28:05 +0000,,,5 KB,1,/Users/pq/aikagan-web/.opencode/node_modules/effect/dist/Pull.d.ts.map,dist,/Users/pq/aikagan-web/.opencode/node_modules/effect/dist
Pull.js,2026-09-06 17:28:04 +0000,2026-09-06 17:28:04 +0000,,Javascript,8 KB,1,/Users/pq/aikagan-web/.opencode/node_modules/effect/dist/Pull.js,dist,/Users/pq/aikagan-web/.opencode/node_modules/effect/dist
Pull.js.map,2026-09-06 17:28:05 +0000,2026-09-06 17:28:05 +0000,,,3 KB,1,/Users/pq/aikagan-web/.opencode/node_modules/effect/dist/Pull.js.map,dist,/Users/pq/aikagan-web/.opencode/node_modules/effect/dist
Queue.d.ts,2026-09-06 17:28:07 +0000,2026-09-06 17:28:07 +0000,,Mpeg-2 Transport Stream,49 KB,1,/Users/pq/aikagan-web/.opencode/node_modules/effect/dist/Queue.d.ts,dist,/Users/pq/aikagan-web/.opencode/node_modules/effect/dist
Queue.d.ts.map,2026-09-06 17:28:05 +0000,2026-09-06 17:28:05 +0000,,,11 KB,1,/Users/pq/aikagan-web/.opencode/node_modules/effect/dist/Queue.d.ts.map,dist,/Users/pq/aikagan-web/.opencode/node_modules/effect/dist
Queue.js,2026-09-06 17:28:04 +0000,2026-09-06 17:28:04 +0000,,Javascript,48 KB,1,/Users/pq/aikagan-web/.opencode/node_modules/effect/dist/Queue.js,dist,/Users/pq/aikagan-web/.opencode/node_modules/effect/dist
Queue.js.map,2026-09-06 17:28:05 +0000,2026-09-06 17:28:05 +0000,,,21 KB,1,/Users/pq/aikagan-web/.opencode/node_modules/effect/dist/Queue.js.map,dist,/Users/pq/aikagan-web/.opencode/node_modules/effect/dist
Random.d.ts,2026-09-06 17:28:08 +0000,2026-09-06 17:28:08 +0000,,Mpeg-2 Transport Stream,10 KB,1,/Users/pq/aikagan-web/.opencode/node_modules/effect/dist/Random.d.ts,dist,/Users/pq/aikagan-web/.opencode/node_modules/effect/dist
Random.d.ts.map,2026-09-06 17:28:05 +0000,2026-09-06 17:28:05 +0000,,,2 KB,1,/Users/pq/aikagan-web/.opencode/node_modules/effect/dist/Random.d.ts.map,dist,/Users/pq/aikagan-web/.opencode/node_modules/effect/dist
Random.js,2026-09-06 17:28:04 +0000,2026-09-06 17:28:04 +0000,,Javascript,18 KB,1,/Users/pq/aikagan-web/.opencode/node_modules/effect/dist/Random.js,dist,/Users/pq/aikagan-web/.opencode/node_modules/effect/dist
Random.js.map,2026-09-06 17:28:05 +0000,2026-09-06 17:28:05 +0000,,,12 KB,1,/Users/pq/aikagan-web/.opencode/node_modules/effect/dist/Random.js.map,dist,/Users/pq/aikagan-web/.opencode/node_modules/effect/dist
RcMap.d.ts,2026-09-06 17:28:08 +0000,2026-09-06 17:28:08 +0000,,Mpeg-2 Transport Stream,26 KB,1,/Users/pq/aikagan-web/.opencode/node_modules/effect/dist/RcMap.d.ts,dist,/Users/pq/aikagan-web/.opencode/node_modules/effect/dist
RcMap.d.ts.map,2026-09-06 17:28:05 +0000,2026-09-06 17:28:05 +0000,,,5 KB,1,/Users/pq/aikagan-web/.opencode/node_modules/effect/dist/RcMap.d.ts.map,dist,/Users/pq/aikagan-web/.opencode/node_modules/effect/dist
RcMap.js,2026-09-06 17:28:04 +0000,2026-09-06 17:28:04 +0000,,Javascript,13 KB,1,/Users/pq/aikagan-web/.opencode/node_modules/effect/dist/RcMap.js,dist,/Users/pq/aikagan-web/.opencode/node_modules/effect/dist
RcMap.js.map,2026-09-06 17:28:05 +0000,2026-09-06 17:28:05 +0000,,,9 KB,1,/Users/pq/aikagan-web/.opencode/node_modules/effect/dist/RcMap.js.map,dist,/Users/pq/aikagan-web/.opencode/node_modules/effect/dist
RcRef.d.ts,2026-09-06 17:28:08 +0000,2026-09-06 17:28:08 +0000,,Mpeg-2 Transport Stream,8 KB,1,/Users/pq/aikagan-web/.opencode/node_modules/effect/dist/RcRef.d.ts,dist,/Users/pq/aikagan-web/.opencode/node_modules/effect/dist
RcRef.d.ts.map,2026-09-06 17:28:05 +0000,2026-09-06 17:28:05 +0000,,,2 KB,1,/Users/pq/aikagan-web/.opencode/node_modules/effect/dist/RcRef.d.ts.map,dist,/Users/pq/aikagan-web/.opencode/node_modules/effect/dist
RcRef.js,2026-09-06 17:28:04 +0000,2026-09-06 17:28:04 +0000,,Javascript,3 KB,1,/Users/pq/aikagan-web/.opencode/node_modules/effect/dist/RcRef.js,dist,/Users/pq/aikagan-web/.opencode/node_modules/effect/dist
RcRef.js.map,2026-09-06 17:28:05 +0000,2026-09-06 17:28:05 +0000,,,488 bytes,1,/Users/pq/aikagan-web/.opencode/node_modules/effect/dist/RcRef.js.map,dist,/Users/pq/aikagan-web/.opencode/node_modules/effect/dist
Record.d.ts,2026-09-06 17:28:08 +0000,2026-09-06 17:28:08 +0000,,Mpeg-2 Transport Stream,67 KB,1,/Users/pq/aikagan-web/.opencode/node_modules/effect/dist/Record.d.ts,dist,/Users/pq/aikagan-web/.opencode/node_modules/effect/dist
Record.d.ts.map,2026-09-06 17:28:05 +0000,2026-09-06 17:28:05 +0000,,,20 KB,1,/Users/pq/aikagan-web/.opencode/node_modules/effect/dist/Record.d.ts.map,dist,/Users/pq/aikagan-web/.opencode/node_modules/effect/dist
Record.js,2026-09-06 17:28:04 +0000,2026-09-06 17:28:04 +0000,,Javascript,30 KB,1,/Users/pq/aikagan-web/.opencode/node_modules/effect/dist/Record.js,dist,/Users/pq/aikagan-web/.opencode/node_modules/effect/dist
Record.js.map,2026-09-06 17:28:05 +0000,2026-09-06 17:28:05 +0000,,,12 KB,1,/Users/pq/aikagan-web/.opencode/node_modules/effect/dist/Record.js.map,dist,/Users/pq/aikagan-web/.opencode/node_modules/effect/dist
Redactable.d.ts,2026-09-06 17:28:08 +0000,2026-09-06 17:28:08 +0000,,Mpeg-2 Transport Stream,7 KB,1,/Users/pq/aikagan-web/.opencode/node_modules/effect/dist/Redactable.d.ts,dist,/Users/pq/aikagan-web/.opencode/node_modules/effect/dist
Redactable.d.ts.map,2026-09-06 17:28:05 +0000,2026-09-06 17:28:05 +0000,,,738 bytes,1,/Users/pq/aikagan-web/.opencode/node_modules/effect/dist/Redactable.d.ts.map,dist,/Users/pq/aikagan-web/.opencode/node_modules/effect/dist
Redactable.js,2026-09-06 17:28:04 +0000,2026-09-06 17:28:04 +0000,,Javascript,4 KB,1,/Users/pq/aikagan-web/.opencode/node_modules/effect/dist/Redactable.js,dist,/Users/pq/aikagan-web/.opencode/node_modules/effect/dist
Redactable.js.map,2026-09-06 17:28:05 +0000,2026-09-06 17:28:05 +0000,,,1 KB,1,/Users/pq/aikagan-web/.opencode/node_modules/effect/dist/Redactable.js.map,dist,/Users/pq/aikagan-web/.opencode/node_modules/effect/dist
Redacted.d.ts,2026-09-06 17:28:08 +0000,2026-09-06 17:28:08 +0000,,Mpeg-2 Transport Stream,9 KB,1,/Users/pq/aikagan-web/.opencode/node_modules/effect/dist/Redacted.d.ts,dist,/Users/pq/aikagan-web/.opencode/node_modules/effect/dist
Redacted.d.ts.map,2026-09-06 17:28:05 +0000,2026-09-06 17:28:05 +0000,,,2 KB,1,/Users/pq/aikagan-web/.opencode/node_modules/effect/dist/Redacted.d.ts.map,dist,/Users/pq/aikagan-web/.opencode/node_modules/effect/dist
Redacted.js,2026-09-06 17:28:04 +0000,2026-09-06 17:28:04 +0000,,Javascript,6 KB,1,/Users/pq/aikagan-web/.opencode/node_modules/effect/dist/Redacted.js,dist,/Users/pq/aikagan-web/.opencode/node_modules/effect/dist
Redacted.js.map,2026-09-06 17:28:05 +0000,2026-09-06 17:28:05 +0000,,,2 KB,1,/Users/pq/aikagan-web/.opencode/node_modules/effect/dist/Redacted.js.map,dist,/Users/pq/aikagan-web/.opencode/node_modules/effect/dist
Reducer.d.ts,2026-09-06 17:28:08 +0000,2026-09-06 17:28:08 +0000,,Mpeg-2 Transport Stream,7 KB,1,/Users/pq/aikagan-web/.opencode/node_modules/effect/dist/Reducer.d.ts,dist,/Users/pq/aikagan-web/.opencode/node_modules/effect/dist
Reducer.d.ts.map,2026-09-06 17:28:05 +0000,2026-09-06 17:28:05 +0000,,,898 bytes,1,/Users/pq/aikagan-web/.opencode/node_modules/effect/dist/Reducer.d.ts.map,dist,/Users/pq/aikagan-web/.opencode/node_modules/effect/dist
Reducer.js,2026-09-06 17:28:04 +0000,2026-09-06 17:28:04 +0000,,Javascript,5 KB,1,/Users/pq/aikagan-web/.opencode/node_modules/effect/dist/Reducer.js,dist,/Users/pq/aikagan-web/.opencode/node_modules/effect/dist
Reducer.js.map,2026-09-06 17:28:05 +0000,2026-09-06 17:28:05 +0000,,,845 bytes,1,/Users/pq/aikagan-web/.opencode/node_modules/effect/dist/Reducer.js.map,dist,/Users/pq/aikagan-web/.opencode/node_modules/effect/dist
Ref.d.ts,2026-09-06 17:28:08 +0000,2026-09-06 17:28:08 +0000,,Mpeg-2 Transport Stream,26 KB,1,/Users/pq/aikagan-web/.opencode/node_modules/effect/dist/Ref.d.ts,dist,/Users/pq/aikagan-web/.opencode/node_modules/effect/dist
Ref.d.ts.map,2026-09-06 17:28:05 +0000,2026-09-06 17:28:05 +0000,,,5 KB,1,/Users/pq/aikagan-web/.opencode/node_modules/effect/dist/Ref.d.ts.map,dist,/Users/pq/aikagan-web/.opencode/node_modules/effect/dist
Ref.js,2026-09-06 17:28:04 +0000,2026-09-06 17:28:04 +0000,,Javascript,20 KB,1,/Users/pq/aikagan-web/.opencode/node_modules/effect/dist/Ref.js,dist,/Users/pq/aikagan-web/.opencode/node_modules/effect/dist
Ref.js.map,2026-09-06 17:28:05 +0000,2026-09-06 17:28:05 +0000,,,5 KB,1,/Users/pq/aikagan-web/.opencode/node_modules/effect/dist/Ref.js.map,dist,/Users/pq/aikagan-web/.opencode/node_modules/effect/dist
References.d.ts,2026-09-06 17:28:08 +0000,2026-09-06 17:28:08 +0000,,Mpeg-2 Transport Stream,25 KB,1,/Users/pq/aikagan-web/.opencode/node_modules/effect/dist/References.d.ts,dist,/Users/pq/aikagan-web/.opencode/node_modules/effect/dist
References.d.ts.map,2026-09-06 17:28:05 +0000,2026-09-06 17:28:05 +0000,,,3 KB,1,/Users/pq/aikagan-web/.opencode/node_modules/effect/dist/References.d.ts.map,dist,/Users/pq/aikagan-web/.opencode/node_modules/effect/dist
References.js,2026-09-06 17:28:05 +0000,2026-09-06 17:28:05 +0000,,Javascript,22 KB,1,/Users/pq/aikagan-web/.opencode/node_modules/effect/dist/References.js,dist,/Users/pq/aikagan-web/.opencode/node_modules/effect/dist
References.js.map,2026-09-06 17:28:05 +0000,2026-09-06 17:28:05 +0000,,,2 KB,1,/Users/pq/aikagan-web/.opencode/node_modules/effect/dist/References.js.map,dist,/Users/pq/aikagan-web/.opencode/node_modules/effect/dist
RegExp.d.ts,2026-09-06 17:28:08 +0000,2026-09-06 17:28:08 +0000,,Mpeg-2 Transport Stream,2 KB,1,/Users/pq/aikagan-web/.opencode/node_modules/effect/dist/RegExp.d.ts,dist,/Users/pq/aikagan-web/.opencode/node_modules/effect/dist
RegExp.d.ts.map,2026-09-06 17:28:05 +0000,2026-09-06 17:28:05 +0000,,,352 bytes,1,/Users/pq/aikagan-web/.opencode/node_modules/effect/dist/RegExp.d.ts.map,dist,/Users/pq/aikagan-web/.opencode/node_modules/effect/dist
RegExp.js,2026-09-06 17:28:05 +0000,2026-09-06 17:28:05 +0000,,Javascript,3 KB,1,/Users/pq/aikagan-web/.opencode/node_modules/effect/dist/RegExp.js,dist,/Users/pq/aikagan-web/.opencode/node_modules/effect/dist
RegExp.js.map,2026-09-06 17:28:05 +0000,2026-09-06 17:28:05 +0000,,,524 bytes,1,/Users/pq/aikagan-web/.opencode/node_modules/effect/dist/RegExp.js.map,dist,/Users/pq/aikagan-web/.opencode/node_modules/effect/dist
Request.d.ts,2026-09-06 17:28:08 +0000,2026-09-06 17:28:08 +0000,,Mpeg-2 Transport Stream,25 KB,1,/Users/pq/aikagan-web/.opencode/node_modules/effect/dist/Request.d.ts,dist,/Users/pq/aikagan-web/.opencode/node_modules/effect/dist
Request.d.ts.map,2026-09-06 17:28:05 +0000,2026-09-06 17:28:05 +0000,,,7 KB,1,/Users/pq/aikagan-web/.opencode/node_modules/effect/dist/Request.d.ts.map,dist,/Users/pq/aikagan-web/.opencode/node_modules/effect/dist
Request.js,2026-09-06 17:28:05 +0000,2026-09-06 17:28:05 +0000,,Javascript,9 KB,1,/Users/pq/aikagan-web/.opencode/node_modules/effect/dist/Request.js,dist,/Users/pq/aikagan-web/.opencode/node_modules/effect/dist
Request.js.map,2026-09-06 17:28:05 +0000,2026-09-06 17:28:05 +0000,,,3 KB,1,/Users/pq/aikagan-web/.opencode/node_modules/effect/dist/Request.js.map,dist,/Users/pq/aikagan-web/.opencode/node_modules/effect/dist
RequestResolver.d.ts,2026-09-06 17:28:08 +0000,2026-09-06 17:28:08 +0000,,Mpeg-2 Transport Stream,56 KB,1,/Users/pq/aikagan-web/.opencode/node_modules/effect/dist/RequestResolver.d.ts,dist,/Users/pq/aikagan-web/.opencode/node_modules/effect/dist
RequestResolver.d.ts.map,2026-09-06 17:28:05 +0000,2026-09-06 17:28:05 +0000,,,12 KB,1,/Users/pq/aikagan-web/.opencode/node_modules/effect/dist/RequestResolver.d.ts.map,dist,/Users/pq/aikagan-web/.opencode/node_modules/effect/dist
RequestResolver.js,2026-09-06 17:28:05 +0000,2026-09-06 17:28:05 +0000,,Javascript,28 KB,1,/Users/pq/aikagan-web/.opencode/node_modules/effect/dist/RequestResolver.js,dist,/Users/pq/aikagan-web/.opencode/node_modules/effect/dist
RequestResolver.js.map,2026-09-06 17:28:05 +0000,2026-09-06 17:28:05 +0000,,,13 KB,1,/Users/pq/aikagan-web/.opencode/node_modules/effect/dist/RequestResolver.js.map,dist,/Users/pq/aikagan-web/.opencode/node_modules/effect/dist
Resource.d.ts,2026-09-06 17:28:08 +0000,2026-09-06 17:28:08 +0000,,Mpeg-2 Transport Stream,4 KB,1,/Users/pq/aikagan-web/.opencode/node_modules/effect/dist/Resource.d.ts,dist,/Users/pq/aikagan-web/.opencode/node_modules/effect/dist
Resource.d.ts.map,2026-09-06 17:28:05 +0000,2026-09-06 17:28:05 +0000,,,2 KB,1,/Users/pq/aikagan-web/.opencode/node_modules/effect/dist/Resource.d.ts.map,dist,/Users/pq/aikagan-web/.opencode/node_modules/effect/dist
Resource.js,2026-09-06 17:28:05 +0000,2026-09-06 17:28:05 +0000,,Javascript,5 KB,1,/Users/pq/aikagan-web/.opencode/node_modules/effect/dist/Resource.js,dist,/Users/pq/aikagan-web/.opencode/node_modules/effect/dist
Resource.js.map,2026-09-06 17:28:05 +0000,2026-09-06 17:28:05 +0000,,,2 KB,1,/Users/pq/aikagan-web/.opencode/node_modules/effect/dist/Resource.js.map,dist,/Users/pq/aikagan-web/.opencode/node_modules/effect/dist
Result.d.ts,2026-09-06 17:28:08 +0000,2026-09-06 17:28:08 +0000,,Mpeg-2 Transport Stream,100 KB,1,/Users/pq/aikagan-web/.opencode/node_modules/effect/dist/Result.d.ts,dist,/Users/pq/aikagan-web/.opencode/node_modules/effect/dist
Result.d.ts.map,2026-09-06 17:28:05 +0000,2026-09-06 17:28:05 +0000,,,21 KB,1,/Users/pq/aikagan-web/.opencode/node_modules/effect/dist/Result.d.ts.map,dist,/Users/pq/aikagan-web/.opencode/node_modules/effect/dist
Result.js,2026-09-06 17:28:05 +0000,2026-09-06 17:28:05 +0000,,Javascript,42 KB,1,/Users/pq/aikagan-web/.opencode/node_modules/effect/dist/Result.js,dist,/Users/pq/aikagan-web/.opencode/node_modules/effect/dist
Result.js.map,2026-09-06 17:28:05 +0000,2026-09-06 17:28:05 +0000,,,9 KB,1,/Users/pq/aikagan-web/.opencode/node_modules/effect/dist/Result.js.map,dist,/Users/pq/aikagan-web/.opencode/node_modules/effect/dist
Runtime.d.ts,2026-09-06 17:28:08 +0000,2026-09-06 17:28:08 +0000,,Mpeg-2 Transport Stream,11 KB,1,/Users/pq/aikagan-web/.opencode/node_modules/effect/dist/Runtime.d.ts,dist,/Users/pq/aikagan-web/.opencode/node_modules/effect/dist
Runtime.d.ts.map,2026-09-06 17:28:05 +0000,2026-09-06 17:28:05 +0000,,,2 KB,1,/Users/pq/aikagan-web/.opencode/node_modules/effect/dist/Runtime.d.ts.map,dist,/Users/pq/aikagan-web/.opencode/node_modules/effect/dist
Runtime.js,2026-09-06 17:28:05 +0000,2026-09-06 17:28:05 +0000,,Javascript,12 KB,1,/Users/pq/aikagan-web/.opencode/node_modules/effect/dist/Runtime.js,dist,/Users/pq/aikagan-web/.opencode/node_modules/effect/dist
Runtime.js.map,2026-09-06 17:28:05 +0000,2026-09-06 17:28:05 +0000,,,3 KB,1,/Users/pq/aikagan-web/.opencode/node_modules/effect/dist/Runtime.js.map,dist,/Users/pq/aikagan-web/.opencode/node_modules/effect/dist
Schedule.d.ts,2026-09-06 17:28:08 +0000,2026-09-06 17:28:08 +0000,,Mpeg-2 Transport Stream,185 KB,1,/Users/pq/aikagan-web/.opencode/node_modules/effect/dist/Schedule.d.ts,dist,/Users/pq/aikagan-web/.opencode/node_modules/effect/dist
Schedule.d.ts.map,2026-09-06 17:28:05 +0000,2026-09-06 17:28:05 +0000,,,27 KB,1,/Users/pq/aikagan-web/.opencode/node_modules/effect/dist/Schedule.d.ts.map,dist,/Users/pq/aikagan-web/.opencode/node_modules/effect/dist
Schedule.js,2026-09-06 17:28:05 +0000,2026-09-06 17:28:05 +0000,,Javascript,90 KB,1,/Users/pq/aikagan-web/.opencode/node_modules/effect/dist/Schedule.js,dist,/Users/pq/aikagan-web/.opencode/node_modules/effect/dist
Schedule.js.map,2026-09-06 17:28:05 +0000,2026-09-06 17:28:05 +0000,,,24 KB,1,/Users/pq/aikagan-web/.opencode/node_modules/effect/dist/Schedule.js.map,dist,/Users/pq/aikagan-web/.opencode/node_modules/effect/dist
Scheduler.d.ts,2026-09-06 17:28:08 +0000,2026-09-06 17:28:08 +0000,,Mpeg-2 Transport Stream,6 KB,1,/Users/pq/aikagan-web/.opencode/node_modules/effect/dist/Scheduler.d.ts,dist,/Users/pq/aikagan-web/.opencode/node_modules/effect/dist
Scheduler.d.ts.map,2026-09-06 17:28:05 +0000,2026-09-06 17:28:05 +0000,,,2 KB,1,/Users/pq/aikagan-web/.opencode/node_modules/effect/dist/Scheduler.d.ts.map,dist,/Users/pq/aikagan-web/.opencode/node_modules/effect/dist
Scheduler.js,2026-09-06 17:28:05 +0000,2026-09-06 17:28:05 +0000,,Javascript,6 KB,1,/Users/pq/aikagan-web/.opencode/node_modules/effect/dist/Scheduler.js,dist,/Users/pq/aikagan-web/.opencode/node_modules/effect/dist
Scheduler.js.map,2026-09-06 17:28:05 +0000,2026-09-06 17:28:05 +0000,,,4 KB,1,/Users/pq/aikagan-web/.opencode/node_modules/effect/dist/Scheduler.js.map,dist,/Users/pq/aikagan-web/.opencode/node_modules/effect/dist
Schema.d.ts,2026-09-06 17:28:08 +0000,2026-09-06 17:28:08 +0000,,Mpeg-2 Transport Stream,313 KB,1,/Users/pq/aikagan-web/.opencode/node_modules/effect/dist/Schema.d.ts,dist,/Users/pq/aikagan-web/.opencode/node_modules/effect/dist
Schema.d.ts.map,2026-09-06 17:28:05 +0000,2026-09-06 17:28:05 +0000,,,122 KB,1,/Users/pq/aikagan-web/.opencode/node_modules/effect/dist/Schema.d.ts.map,dist,/Users/pq/aikagan-web/.opencode/node_modules/effect/dist
Schema.js,2026-09-06 17:28:05 +0000,2026-09-06 17:28:05 +0000,,Javascript,243 KB,1,/Users/pq/aikagan-web/.opencode/node_modules/effect/dist/Schema.js,dist,/Users/pq/aikagan-web/.opencode/node_modules/effect/dist
Schema.js.map,2026-09-06 17:28:06 +0000,2026-09-06 17:28:05 +0000,,,140 KB,1,/Users/pq/aikagan-web/.opencode/node_modules/effect/dist/Schema.js.map,dist,/Users/pq/aikagan-web/.opencode/node_modules/effect/dist
SchemaAST.d.ts,2026-09-06 17:28:08 +0000,2026-09-06 17:28:08 +0000,,Mpeg-2 Transport Stream,48 KB,1,/Users/pq/aikagan-web/.opencode/node_modules/effect/dist/SchemaAST.d.ts,dist,/Users/pq/aikagan-web/.opencode/node_modules/effect/dist
SchemaAST.d.ts.map,2026-09-06 17:28:06 +0000,2026-09-06 17:28:06 +0000,,,13 KB,1,/Users/pq/aikagan-web/.opencode/node_modules/effect/dist/SchemaAST.d.ts.map,dist,/Users/pq/aikagan-web/.opencode/node_modules/effect/dist
SchemaAST.js,2026-09-06 17:28:05 +0000,2026-09-06 17:28:05 +0000,,Javascript,90 KB,1,/Users/pq/aikagan-web/.opencode/node_modules/effect/dist/SchemaAST.js,dist,/Users/pq/aikagan-web/.opencode/node_modules/effect/dist
SchemaAST.js.map,2026-09-06 17:28:06 +0000,2026-09-06 17:28:06 +0000,,,70 KB,1,/Users/pq/aikagan-web/.opencode/node_modules/effect/dist/SchemaAST.js.map,dist,/Users/pq/aikagan-web/.opencode/node_modules/effect/dist
SchemaGetter.d.ts,2026-09-06 17:28:08 +0000,2026-09-06 17:28:08 +0000,,Mpeg-2 Transport Stream,46 KB,1,/Users/pq/aikagan-web/.opencode/node_modules/effect/dist/SchemaGetter.d.ts,dist,/Users/pq/aikagan-web/.opencode/node_modules/effect/dist
SchemaGetter.d.ts.map,2026-09-06 17:28:06 +0000,2026-09-06 17:28:06 +0000,,,9 KB,1,/Users/pq/aikagan-web/.opencode/node_modules/effect/dist/SchemaGetter.d.ts.map,dist,/Users/pq/aikagan-web/.opencode/node_modules/effect/dist
SchemaGetter.js,2026-09-06 17:28:05 +0000,2026-09-06 17:28:05 +0000,,Javascript,49 KB,1,/Users/pq/aikagan-web/.opencode/node_modules/effect/dist/SchemaGetter.js,dist,/Users/pq/aikagan-web/.opencode/node_modules/effect/dist
SchemaGetter.js.map,2026-09-06 17:28:06 +0000,2026-09-06 17:28:06 +0000,,,17 KB,1,/Users/pq/aikagan-web/.opencode/node_modules/effect/dist/SchemaGetter.js.map,dist,/Users/pq/aikagan-web/.opencode/node_modules/effect/dist
SchemaIssue.d.ts,2026-09-06 17:28:08 +0000,2026-09-06 17:28:08 +0000,,Mpeg-2 Transport Stream,27 KB,1,/Users/pq/aikagan-web/.opencode/node_modules/effect/dist/SchemaIssue.d.ts,dist,/Users/pq/aikagan-web/.opencode/node_modules/effect/dist
SchemaIssue.d.ts.map,2026-09-06 17:28:06 +0000,2026-09-06 17:28:06 +0000,,,6 KB,1,/Users/pq/aikagan-web/.opencode/node_modules/effect/dist/SchemaIssue.d.ts.map,dist,/Users/pq/aikagan-web/.opencode/node_modules/effect/dist
SchemaIssue.js,2026-09-06 17:28:05 +0000,2026-09-06 17:28:05 +0000,,Javascript,26 KB,1,/Users/pq/aikagan-web/.opencode/node_modules/effect/dist/SchemaIssue.js,dist,/Users/pq/aikagan-web/.opencode/node_modules/effect/dist
SchemaIssue.js.map,2026-09-06 17:28:06 +0000,2026-09-06 17:28:06 +0000,,,11 KB,1,/Users/pq/aikagan-web/.opencode/node_modules/effect/dist/SchemaIssue.js.map,dist,/Users/pq/aikagan-web/.opencode/node_modules/effect/dist
SchemaParser.d.ts,2026-09-06 17:28:08 +0000,2026-09-06 17:28:08 +0000,,Mpeg-2 Transport Stream,24 KB,1,/Users/pq/aikagan-web/.opencode/node_modules/effect/dist/SchemaParser.d.ts,dist,/Users/pq/aikagan-web/.opencode/node_modules/effect/dist
SchemaParser.d.ts.map,2026-09-06 17:28:06 +0000,2026-09-06 17:28:06 +0000,,,8 KB,1,/Users/pq/aikagan-web/.opencode/node_modules/effect/dist/SchemaParser.d.ts.map,dist,/Users/pq/aikagan-web/.opencode/node_modules/effect/dist
SchemaParser.js,2026-09-06 17:28:05 +0000,2026-09-06 17:28:05 +0000,,Javascript,30 KB,1,/Users/pq/aikagan-web/.opencode/node_modules/effect/dist/SchemaParser.js,dist,/Users/pq/aikagan-web/.opencode/node_modules/effect/dist
SchemaParser.js.map,2026-09-06 17:28:06 +0000,2026-09-06 17:28:06 +0000,,,14 KB,1,/Users/pq/aikagan-web/.opencode/node_modules/effect/dist/SchemaParser.js.map,dist,/Users/pq/aikagan-web/.opencode/node_modules/effect/dist
SchemaRepresentation.d.ts,2026-09-06 17:28:08 +0000,2026-09-06 17:28:08 +0000,,Mpeg-2 Transport Stream,60 KB,1,/Users/pq/aikagan-web/.opencode/node_modules/effect/dist/SchemaRepresentation.d.ts,dist,/Users/pq/aikagan-web/.opencode/node_modules/effect/dist
SchemaRepresentation.d.ts.map,2026-09-06 17:28:06 +0000,2026-09-06 17:28:06 +0000,,,13 KB,1,/Users/pq/aikagan-web/.opencode/node_modules/effect/dist/SchemaRepresentation.d.ts.map,dist,/Users/pq/aikagan-web/.opencode/node_modules/effect/dist
SchemaRepresentation.js,2026-09-06 17:28:05 +0000,2026-09-06 17:28:05 +0000,,Javascript,94 KB,1,/Users/pq/aikagan-web/.opencode/node_modules/effect/dist/SchemaRepresentation.js,dist,/Users/pq/aikagan-web/.opencode/node_modules/effect/dist
SchemaRepresentation.js.map,2026-09-06 17:28:06 +0000,2026-09-06 17:28:06 +0000,,,92 KB,1,/Users/pq/aikagan-web/.opencode/node_modules/effect/dist/SchemaRepresentation.js.map,dist,/Users/pq/aikagan-web/.opencode/node_modules/effect/dist
SchemaTransformation.d.ts,2026-09-06 17:28:08 +0000,2026-09-06 17:28:08 +0000,,Mpeg-2 Transport Stream,46 KB,1,/Users/pq/aikagan-web/.opencode/node_modules/effect/dist/SchemaTransformation.d.ts,dist,/Users/pq/aikagan-web/.opencode/node_modules/effect/dist
SchemaTransformation.d.ts.map,2026-09-06 17:28:06 +0000,2026-09-06 17:28:06 +0000,,,8 KB,1,/Users/pq/aikagan-web/.opencode/node_modules/effect/dist/SchemaTransformation.d.ts.map,dist,/Users/pq/aikagan-web/.opencode/node_modules/effect/dist
SchemaTransformation.js,2026-09-06 17:28:05 +0000,2026-09-06 17:28:05 +0000,,Javascript,46 KB,1,/Users/pq/aikagan-web/.opencode/node_modules/effect/dist/SchemaTransformation.js,dist,/Users/pq/aikagan-web/.opencode/node_modules/effect/dist
SchemaTransformation.js.map,2026-09-06 17:28:06 +0000,2026-09-06 17:28:06 +0000,,,13 KB,1,/Users/pq/aikagan-web/.opencode/node_modules/effect/dist/SchemaTransformation.js.map,dist,/Users/pq/aikagan-web/.opencode/node_modules/effect/dist
SchemaUtils.d.ts,2026-09-06 17:28:08 +0000,2026-09-06 17:28:08 +0000,,Mpeg-2 Transport Stream,1 KB,1,/Users/pq/aikagan-web/.opencode/node_modules/effect/dist/SchemaUtils.d.ts,dist,/Users/pq/aikagan-web/.opencode/node_modules/effect/dist
SchemaUtils.d.ts.map,2026-09-06 17:28:06 +0000,2026-09-06 17:28:06 +0000,,,601 bytes,1,/Users/pq/aikagan-web/.opencode/node_modules/effect/dist/SchemaUtils.d.ts.map,dist,/Users/pq/aikagan-web/.opencode/node_modules/effect/dist
SchemaUtils.js,2026-09-06 17:28:05 +0000,2026-09-06 17:28:05 +0000,,Javascript,3 KB,1,/Users/pq/aikagan-web/.opencode/node_modules/effect/dist/SchemaUtils.js,dist,/Users/pq/aikagan-web/.opencode/node_modules/effect/dist
SchemaUtils.js.map,2026-09-06 17:28:06 +0000,2026-09-06 17:28:06 +0000,,,932 bytes,1,/Users/pq/aikagan-web/.opencode/node_modules/effect/dist/SchemaUtils.js.map,dist,/Users/pq/aikagan-web/.opencode/node_modules/effect/dist
Scope.d.ts,2026-09-06 17:28:08 +0000,2026-09-06 17:28:08 +0000,,Mpeg-2 Transport Stream,21 KB,1,/Users/pq/aikagan-web/.opencode/node_modules/effect/dist/Scope.d.ts,dist,/Users/pq/aikagan-web/.opencode/node_modules/effect/dist
Scope.d.ts.map,2026-09-06 17:28:06 +0000,2026-09-06 17:28:06 +0000,,,4 KB,1,/Users/pq/aikagan-web/.opencode/node_modules/effect/dist/Scope.d.ts.map,dist,/Users/pq/aikagan-web/.opencode/node_modules/effect/dist
Scope.js,2026-09-06 17:28:05 +0000,2026-09-06 17:28:05 +0000,,Javascript,12 KB,1,/Users/pq/aikagan-web/.opencode/node_modules/effect/dist/Scope.js,dist,/Users/pq/aikagan-web/.opencode/node_modules/effect/dist
Scope.js.map,2026-09-06 17:28:06 +0000,2026-09-06 17:28:06 +0000,,,2 KB,1,/Users/pq/aikagan-web/.opencode/node_modules/effect/dist/Scope.js.map,dist,/Users/pq/aikagan-web/.opencode/node_modules/effect/dist
ScopedCache.d.ts,2026-09-06 17:28:08 +0000,2026-09-06 17:28:08 +0000,,Mpeg-2 Transport Stream,27 KB,1,/Users/pq/aikagan-web/.opencode/node_modules/effect/dist/ScopedCache.d.ts,dist,/Users/pq/aikagan-web/.opencode/node_modules/effect/dist
ScopedCache.d.ts.map,2026-09-06 17:28:06 +0000,2026-09-06 17:28:06 +0000,,,8 KB,1,/Users/pq/aikagan-web/.opencode/node_modules/effect/dist/ScopedCache.d.ts.map,dist,/Users/pq/aikagan-web/.opencode/node_modules/effect/dist
ScopedCache.js,2026-09-06 17:28:05 +0000,2026-09-06 17:28:05 +0000,,Javascript,21 KB,1,/Users/pq/aikagan-web/.opencode/node_modules/effect/dist/ScopedCache.js,dist,/Users/pq/aikagan-web/.opencode/node_modules/effect/dist
ScopedCache.js.map,2026-09-06 17:28:06 +0000,2026-09-06 17:28:06 +0000,,,16 KB,1,/Users/pq/aikagan-web/.opencode/node_modules/effect/dist/ScopedCache.js.map,dist,/Users/pq/aikagan-web/.opencode/node_modules/effect/dist
ScopedRef.d.ts,2026-09-06 17:28:08 +0000,2026-09-06 17:28:08 +0000,,Mpeg-2 Transport Stream,7 KB,1,/Users/pq/aikagan-web/.opencode/node_modules/effect/dist/ScopedRef.d.ts,dist,/Users/pq/aikagan-web/.opencode/node_modules/effect/dist
ScopedRef.d.ts.map,2026-09-06 17:28:06 +0000,2026-09-06 17:28:06 +0000,,,2 KB,1,/Users/pq/aikagan-web/.opencode/node_modules/effect/dist/ScopedRef.d.ts.map,dist,/Users/pq/aikagan-web/.opencode/node_modules/effect/dist
ScopedRef.js,2026-09-06 17:28:05 +0000,2026-09-06 17:28:05 +0000,,Javascript,6 KB,1,/Users/pq/aikagan-web/.opencode/node_modules/effect/dist/ScopedRef.js,dist,/Users/pq/aikagan-web/.opencode/node_modules/effect/dist
ScopedRef.js.map,2026-09-06 17:28:06 +0000,2026-09-06 17:28:06 +0000,,,3 KB,1,/Users/pq/aikagan-web/.opencode/node_modules/effect/dist/ScopedRef.js.map,dist,/Users/pq/aikagan-web/.opencode/node_modules/effect/dist
Semaphore.d.ts,2026-09-06 17:28:08 +0000,2026-09-06 17:28:08 +0000,,Mpeg-2 Transport Stream,23 KB,1,/Users/pq/aikagan-web/.opencode/node_modules/effect/dist/Semaphore.d.ts,dist,/Users/pq/aikagan-web/.opencode/node_modules/effect/dist
Semaphore.d.ts.map,2026-09-06 17:28:06 +0000,2026-09-06 17:28:06 +0000,,,4 KB,1,/Users/pq/aikagan-web/.opencode/node_modules/effect/dist/Semaphore.d.ts.map,dist,/Users/pq/aikagan-web/.opencode/node_modules/effect/dist
Semaphore.js,2026-09-06 17:28:05 +0000,2026-09-06 17:28:05 +0000,,Javascript,10 KB,1,/Users/pq/aikagan-web/.opencode/node_modules/effect/dist/Semaphore.js,dist,/Users/pq/aikagan-web/.opencode/node_modules/effect/dist
Semaphore.js.map,2026-09-06 17:28:06 +0000,2026-09-06 17:28:06 +0000,,,5 KB,1,/Users/pq/aikagan-web/.opencode/node_modules/effect/dist/Semaphore.js.map,dist,/Users/pq/aikagan-web/.opencode/node_modules/effect/dist
Sink.d.ts,2026-09-06 17:28:08 +0000,2026-09-06 17:28:08 +0000,,Mpeg-2 Transport Stream,60 KB,1,/Users/pq/aikagan-web/.opencode/node_modules/effect/dist/Sink.d.ts,dist,/Users/pq/aikagan-web/.opencode/node_modules/effect/dist
Sink.d.ts.map,2026-09-06 17:28:06 +0000,2026-09-06 17:28:06 +0000,,,35 KB,1,/Users/pq/aikagan-web/.opencode/node_modules/effect/dist/Sink.d.ts.map,dist,/Users/pq/aikagan-web/.opencode/node_modules/effect/dist
Sink.js,2026-09-06 17:28:05 +0000,2026-09-06 17:28:05 +0000,,Javascript,40 KB,1,/Users/pq/aikagan-web/.opencode/node_modules/effect/dist/Sink.js,dist,/Users/pq/aikagan-web/.opencode/node_modules/effect/dist
Sink.js.map,2026-09-06 17:28:06 +0000,2026-09-06 17:28:06 +0000,,,27 KB,1,/Users/pq/aikagan-web/.opencode/node_modules/effect/dist/Sink.js.map,dist,/Users/pq/aikagan-web/.opencode/node_modules/effect/dist
Stdio.d.ts,2026-09-06 17:28:08 +0000,2026-09-06 17:28:08 +0000,,Mpeg-2 Transport Stream,5 KB,1,/Users/pq/aikagan-web/.opencode/node_modules/effect/dist/Stdio.d.ts,dist,/Users/pq/aikagan-web/.opencode/node_modules/effect/dist
Stdio.d.ts.map,2026-09-06 17:28:06 +0000,2026-09-06 17:28:06 +0000,,,1 KB,1,/Users/pq/aikagan-web/.opencode/node_modules/effect/dist/Stdio.d.ts.map,dist,/Users/pq/aikagan-web/.opencode/node_modules/effect/dist
Stdio.js,2026-09-06 17:28:05 +0000,2026-09-06 17:28:05 +0000,,Javascript,4 KB,1,/Users/pq/aikagan-web/.opencode/node_modules/effect/dist/Stdio.js,dist,/Users/pq/aikagan-web/.opencode/node_modules/effect/dist
Stdio.js.map,2026-09-06 17:28:06 +0000,2026-09-06 17:28:06 +0000,,,1 KB,1,/Users/pq/aikagan-web/.opencode/node_modules/effect/dist/Stdio.js.map,dist,/Users/pq/aikagan-web/.opencode/node_modules/effect/dist
Stream.d.ts,2026-09-06 17:28:08 +0000,2026-09-06 17:28:08 +0000,,Mpeg-2 Transport Stream,488 KB,1,/Users/pq/aikagan-web/.opencode/node_modules/effect/dist/Stream.d.ts,dist,/Users/pq/aikagan-web/.opencode/node_modules/effect/dist
Stream.d.ts.map,2026-09-06 17:28:06 +0000,2026-09-06 17:28:06 +0000,,,153 KB,1,/Users/pq/aikagan-web/.opencode/node_modules/effect/dist/Stream.d.ts.map,dist,/Users/pq/aikagan-web/.opencode/node_modules/effect/dist
Stream.js,2026-09-06 17:28:05 +0000,2026-09-06 17:28:05 +0000,,Javascript,230 KB,1,/Users/pq/aikagan-web/.opencode/node_modules/effect/dist/Stream.js,dist,/Users/pq/aikagan-web/.opencode/node_modules/effect/dist
Stream.js.map,2026-09-06 17:28:07 +0000,2026-09-06 17:28:06 +0000,,,110 KB,1,/Users/pq/aikagan-web/.opencode/node_modules/effect/dist/Stream.js.map,dist,/Users/pq/aikagan-web/.opencode/node_modules/effect/dist
String.d.ts,2026-09-06 17:28:08 +0000,2026-09-06 17:28:08 +0000,,Mpeg-2 Transport Stream,48 KB,1,/Users/pq/aikagan-web/.opencode/node_modules/effect/dist/String.d.ts,dist,/Users/pq/aikagan-web/.opencode/node_modules/effect/dist
String.d.ts.map,2026-09-06 17:28:07 +0000,2026-09-06 17:28:07 +0000,,,10 KB,1,/Users/pq/aikagan-web/.opencode/node_modules/effect/dist/String.d.ts.map,dist,/Users/pq/aikagan-web/.opencode/node_modules/effect/dist
String.js,2026-09-06 17:28:05 +0000,2026-09-06 17:28:05 +0000,,Javascript,36 KB,1,/Users/pq/aikagan-web/.opencode/node_modules/effect/dist/String.js,dist,/Users/pq/aikagan-web/.opencode/node_modules/effect/dist
String.js.map,2026-09-06 17:28:07 +0000,2026-09-06 17:28:07 +0000,,,14 KB,1,/Users/pq/aikagan-web/.opencode/node_modules/effect/dist/String.js.map,dist,/Users/pq/aikagan-web/.opencode/node_modules/effect/dist
Struct.d.ts,2026-09-06 17:28:08 +0000,2026-09-06 17:28:08 +0000,,Mpeg-2 Transport Stream,48 KB,1,/Users/pq/aikagan-web/.opencode/node_modules/effect/dist/Struct.d.ts,dist,/Users/pq/aikagan-web/.opencode/node_modules/effect/dist
Struct.d.ts.map,2026-09-06 17:28:07 +0000,2026-09-06 17:28:07 +0000,,,10 KB,1,/Users/pq/aikagan-web/.opencode/node_modules/effect/dist/Struct.d.ts.map,dist,/Users/pq/aikagan-web/.opencode/node_modules/effect/dist
Struct.js,2026-09-06 17:28:05 +0000,2026-09-06 17:28:05 +0000,,Javascript,21 KB,1,/Users/pq/aikagan-web/.opencode/node_modules/effect/dist/Struct.js,dist,/Users/pq/aikagan-web/.opencode/node_modules/effect/dist
Struct.js.map,2026-09-06 17:28:07 +0000,2026-09-06 17:28:07 +0000,,,6 KB,1,/Users/pq/aikagan-web/.opencode/node_modules/effect/dist/Struct.js.map,dist,/Users/pq/aikagan-web/.opencode/node_modules/effect/dist
SubscriptionRef.d.ts,2026-09-06 17:28:08 +0000,2026-09-06 17:28:08 +0000,,Mpeg-2 Transport Stream,57 KB,1,/Users/pq/aikagan-web/.opencode/node_modules/effect/dist/SubscriptionRef.d.ts,dist,/Users/pq/aikagan-web/.opencode/node_modules/effect/dist
SubscriptionRef.d.ts.map,2026-09-06 17:28:07 +0000,2026-09-06 17:28:07 +0000,,,12 KB,1,/Users/pq/aikagan-web/.opencode/node_modules/effect/dist/SubscriptionRef.d.ts.map,dist,/Users/pq/aikagan-web/.opencode/node_modules/effect/dist
SubscriptionRef.js,2026-09-06 17:28:05 +0000,2026-09-06 17:28:05 +0000,,Javascript,24 KB,1,/Users/pq/aikagan-web/.opencode/node_modules/effect/dist/SubscriptionRef.js,dist,/Users/pq/aikagan-web/.opencode/node_modules/effect/dist
SubscriptionRef.js.map,2026-09-06 17:28:07 +0000,2026-09-06 17:28:07 +0000,,,9 KB,1,/Users/pq/aikagan-web/.opencode/node_modules/effect/dist/SubscriptionRef.js.map,dist,/Users/pq/aikagan-web/.opencode/node_modules/effect/dist
Symbol.d.ts,2026-09-06 17:28:08 +0000,2026-09-06 17:28:08 +0000,,Mpeg-2 Transport Stream,1 KB,1,/Users/pq/aikagan-web/.opencode/node_modules/effect/dist/Symbol.d.ts,dist,/Users/pq/aikagan-web/.opencode/node_modules/effect/dist
Symbol.d.ts.map,2026-09-06 17:28:07 +0000,2026-09-06 17:28:07 +0000,,,238 bytes,1,/Users/pq/aikagan-web/.opencode/node_modules/effect/dist/Symbol.d.ts.map,dist,/Users/pq/aikagan-web/.opencode/node_modules/effect/dist
Symbol.js,2026-09-06 17:28:05 +0000,2026-09-06 17:28:05 +0000,,Javascript,1 KB,1,/Users/pq/aikagan-web/.opencode/node_modules/effect/dist/Symbol.js,dist,/Users/pq/aikagan-web/.opencode/node_modules/effect/dist
Symbol.js.map,2026-09-06 17:28:07 +0000,2026-09-06 17:28:07 +0000,,,281 bytes,1,/Users/pq/aikagan-web/.opencode/node_modules/effect/dist/Symbol.js.map,dist,/Users/pq/aikagan-web/.opencode/node_modules/effect/dist
SynchronizedRef.d.ts,2026-09-06 17:28:08 +0000,2026-09-06 17:28:08 +0000,,Mpeg-2 Transport Stream,39 KB,1,/Users/pq/aikagan-web/.opencode/node_modules/effect/dist/SynchronizedRef.d.ts,dist,/Users/pq/aikagan-web/.opencode/node_modules/effect/dist
SynchronizedRef.d.ts.map,2026-09-06 17:28:07 +0000,2026-09-06 17:28:07 +0000,,,10 KB,1,/Users/pq/aikagan-web/.opencode/node_modules/effect/dist/SynchronizedRef.d.ts.map,dist,/Users/pq/aikagan-web/.opencode/node_modules/effect/dist
SynchronizedRef.js,2026-09-06 17:28:05 +0000,2026-09-06 17:28:05 +0000,,Javascript,17 KB,1,/Users/pq/aikagan-web/.opencode/node_modules/effect/dist/SynchronizedRef.js,dist,/Users/pq/aikagan-web/.opencode/node_modules/effect/dist
SynchronizedRef.js.map,2026-09-06 17:28:07 +0000,2026-09-06 17:28:07 +0000,,,8 KB,1,/Users/pq/aikagan-web/.opencode/node_modules/effect/dist/SynchronizedRef.js.map,dist,/Users/pq/aikagan-web/.opencode/node_modules/effect/dist
Take.d.ts,2026-09-06 17:28:08 +0000,2026-09-06 17:28:08 +0000,,Mpeg-2 Transport Stream,2 KB,1,/Users/pq/aikagan-web/.opencode/node_modules/effect/dist/Take.d.ts,dist,/Users/pq/aikagan-web/.opencode/node_modules/effect/dist
Take.d.ts.map,2026-09-06 17:28:07 +0000,2026-09-06 17:28:07 +0000,,,635 bytes,1,/Users/pq/aikagan-web/.opencode/node_modules/effect/dist/Take.d.ts.map,dist,/Users/pq/aikagan-web/.opencode/node_modules/effect/dist
Take.js,2026-09-06 17:28:05 +0000,2026-09-06 17:28:05 +0000,,Javascript,646 bytes,1,/Users/pq/aikagan-web/.opencode/node_modules/effect/dist/Take.js,dist,/Users/pq/aikagan-web/.opencode/node_modules/effect/dist
Take.js.map,2026-09-06 17:28:07 +0000,2026-09-06 17:28:07 +0000,,,533 bytes,1,/Users/pq/aikagan-web/.opencode/node_modules/effect/dist/Take.js.map,dist,/Users/pq/aikagan-web/.opencode/node_modules/effect/dist
Terminal.d.ts,2026-09-06 17:28:08 +0000,2026-09-06 17:28:08 +0000,,Mpeg-2 Transport Stream,6 KB,1,/Users/pq/aikagan-web/.opencode/node_modules/effect/dist/Terminal.d.ts,dist,/Users/pq/aikagan-web/.opencode/node_modules/effect/dist
Terminal.d.ts.map,2026-09-06 17:28:07 +0000,2026-09-06 17:28:07 +0000,,,2 KB,1,/Users/pq/aikagan-web/.opencode/node_modules/effect/dist/Terminal.d.ts.map,dist,/Users/pq/aikagan-web/.opencode/node_modules/effect/dist
Terminal.js,2026-09-06 17:28:05 +0000,2026-09-06 17:28:05 +0000,,Javascript,2 KB,1,/Users/pq/aikagan-web/.opencode/node_modules/effect/dist/Terminal.js,dist,/Users/pq/aikagan-web/.opencode/node_modules/effect/dist
Terminal.js.map,2026-09-06 17:28:07 +0000,2026-09-06 17:28:07 +0000,,,952 bytes,1,/Users/pq/aikagan-web/.opencode/node_modules/effect/dist/Terminal.js.map,dist,/Users/pq/aikagan-web/.opencode/node_modules/effect/dist
Tracer.d.ts,2026-09-06 17:28:08 +0000,2026-09-06 17:28:08 +0000,,Mpeg-2 Transport Stream,19 KB,1,/Users/pq/aikagan-web/.opencode/node_modules/effect/dist/Tracer.d.ts,dist,/Users/pq/aikagan-web/.opencode/node_modules/effect/dist
Tracer.d.ts.map,2026-09-06 17:28:07 +0000,2026-09-06 17:28:07 +0000,,,6 KB,1,/Users/pq/aikagan-web/.opencode/node_modules/effect/dist/Tracer.d.ts.map,dist,/Users/pq/aikagan-web/.opencode/node_modules/effect/dist
Tracer.js,2026-09-06 17:28:05 +0000,2026-09-06 17:28:05 +0000,,Javascript,10 KB,1,/Users/pq/aikagan-web/.opencode/node_modules/effect/dist/Tracer.js,dist,/Users/pq/aikagan-web/.opencode/node_modules/effect/dist
Tracer.js.map,2026-09-06 17:28:07 +0000,2026-09-06 17:28:07 +0000,,,4 KB,1,/Users/pq/aikagan-web/.opencode/node_modules/effect/dist/Tracer.js.map,dist,/Users/pq/aikagan-web/.opencode/node_modules/effect/dist
Trie.d.ts,2026-09-06 17:28:08 +0000,2026-09-06 17:28:08 +0000,,Mpeg-2 Transport Stream,57 KB,1,/Users/pq/aikagan-web/.opencode/node_modules/effect/dist/Trie.d.ts,dist,/Users/pq/aikagan-web/.opencode/node_modules/effect/dist
Trie.d.ts.map,2026-09-06 17:28:07 +0000,2026-09-06 17:28:07 +0000,,,10 KB,1,/Users/pq/aikagan-web/.opencode/node_modules/effect/dist/Trie.d.ts.map,dist,/Users/pq/aikagan-web/.opencode/node_modules/effect/dist
Trie.js,2026-09-06 17:28:05 +0000,2026-09-06 17:28:05 +0000,,Javascript,19 KB,1,/Users/pq/aikagan-web/.opencode/node_modules/effect/dist/Trie.js,dist,/Users/pq/aikagan-web/.opencode/node_modules/effect/dist
Trie.js.map,2026-09-06 17:28:07 +0000,2026-09-06 17:28:07 +0000,,,3 KB,1,/Users/pq/aikagan-web/.opencode/node_modules/effect/dist/Trie.js.map,dist,/Users/pq/aikagan-web/.opencode/node_modules/effect/dist
Tuple.d.ts,2026-09-06 17:28:08 +0000,2026-09-06 17:28:08 +0000,,Mpeg-2 Transport Stream,38 KB,1,/Users/pq/aikagan-web/.opencode/node_modules/effect/dist/Tuple.d.ts,dist,/Users/pq/aikagan-web/.opencode/node_modules/effect/dist
Tuple.d.ts.map,2026-09-06 17:28:07 +0000,2026-09-06 17:28:07 +0000,,,9 KB,1,/Users/pq/aikagan-web/.opencode/node_modules/effect/dist/Tuple.d.ts.map,dist,/Users/pq/aikagan-web/.opencode/node_modules/effect/dist
Tuple.js,2026-09-06 17:28:05 +0000,2026-09-06 17:28:05 +0000,,Javascript,18 KB,1,/Users/pq/aikagan-web/.opencode/node_modules/effect/dist/Tuple.js,dist,/Users/pq/aikagan-web/.opencode/node_modules/effect/dist
Tuple.js.map,2026-09-06 17:28:07 +0000,2026-09-06 17:28:07 +0000,,,4 KB,1,/Users/pq/aikagan-web/.opencode/node_modules/effect/dist/Tuple.js.map,dist,/Users/pq/aikagan-web/.opencode/node_modules/effect/dist
TxChunk.d.ts,2026-09-06 17:28:08 +0000,2026-09-06 17:28:08 +0000,,Mpeg-2 Transport Stream,47 KB,1,/Users/pq/aikagan-web/.opencode/node_modules/effect/dist/TxChunk.d.ts,dist,/Users/pq/aikagan-web/.opencode/node_modules/effect/dist
TxChunk.d.ts.map,2026-09-06 17:28:07 +0000,2026-09-06 17:28:07 +0000,,,8 KB,1,/Users/pq/aikagan-web/.opencode/node_modules/effect/dist/TxChunk.d.ts.map,dist,/Users/pq/aikagan-web/.opencode/node_modules/effect/dist
TxChunk.js,2026-09-06 17:28:05 +0000,2026-09-06 17:28:05 +0000,,Javascript,20 KB,1,/Users/pq/aikagan-web/.opencode/node_modules/effect/dist/TxChunk.js,dist,/Users/pq/aikagan-web/.opencode/node_modules/effect/dist
TxChunk.js.map,2026-09-06 17:28:07 +0000,2026-09-06 17:28:07 +0000,,,5 KB,1,/Users/pq/aikagan-web/.opencode/node_modules/effect/dist/TxChunk.js.map,dist,/Users/pq/aikagan-web/.opencode/node_modules/effect/dist
TxDeferred.d.ts,2026-09-06 17:28:08 +0000,2026-09-06 17:28:08 +0000,,Mpeg-2 Transport Stream,13 KB,1,/Users/pq/aikagan-web/.opencode/node_modules/effect/dist/TxDeferred.d.ts,dist,/Users/pq/aikagan-web/.opencode/node_modules/effect/dist
TxDeferred.d.ts.map,2026-09-06 17:28:07 +0000,2026-09-06 17:28:07 +0000,,,3 KB,1,/Users/pq/aikagan-web/.opencode/node_modules/effect/dist/TxDeferred.d.ts.map,dist,/Users/pq/aikagan-web/.opencode/node_modules/effect/dist
TxDeferred.js,2026-09-06 17:28:05 +0000,2026-09-06 17:28:05 +0000,,Javascript,8 KB,1,/Users/pq/aikagan-web/.opencode/node_modules/effect/dist/TxDeferred.js,dist,/Users/pq/aikagan-web/.opencode/node_modules/effect/dist
TxDeferred.js.map,2026-09-06 17:28:07 +0000,2026-09-06 17:28:07 +0000,,,3 KB,1,/Users/pq/aikagan-web/.opencode/node_modules/effect/dist/TxDeferred.js.map,dist,/Users/pq/aikagan-web/.opencode/node_modules/effect/dist
TxHashMap.d.ts,2026-09-06 17:28:08 +0000,2026-09-06 17:28:08 +0000,,Mpeg-2 Transport Stream,128 KB,1,/Users/pq/aikagan-web/.opencode/node_modules/effect/dist/TxHashMap.d.ts,dist,/Users/pq/aikagan-web/.opencode/node_modules/effect/dist
TxHashMap.d.ts.map,2026-09-06 17:28:07 +0000,2026-09-06 17:28:07 +0000,,,17 KB,1,/Users/pq/aikagan-web/.opencode/node_modules/effect/dist/TxHashMap.d.ts.map,dist,/Users/pq/aikagan-web/.opencode/node_modules/effect/dist
TxHashMap.js,2026-09-06 17:28:05 +0000,2026-09-06 17:28:05 +0000,,Javascript,52 KB,1,/Users/pq/aikagan-web/.opencode/node_modules/effect/dist/TxHashMap.js,dist,/Users/pq/aikagan-web/.opencode/node_modules/effect/dist
TxHashMap.js.map,2026-09-06 17:28:07 +0000,2026-09-06 17:28:07 +0000,,,13 KB,1,/Users/pq/aikagan-web/.opencode/node_modules/effect/dist/TxHashMap.js.map,dist,/Users/pq/aikagan-web/.opencode/node_modules/effect/dist
TxHashSet.d.ts,2026-09-06 17:28:08 +0000,2026-09-06 17:28:08 +0000,,Mpeg-2 Transport Stream,44 KB,1,/Users/pq/aikagan-web/.opencode/node_modules/effect/dist/TxHashSet.d.ts,dist,/Users/pq/aikagan-web/.opencode/node_modules/effect/dist
TxHashSet.d.ts.map,2026-09-06 17:28:07 +0000,2026-09-06 17:28:07 +0000,,,8 KB,1,/Users/pq/aikagan-web/.opencode/node_modules/effect/dist/TxHashSet.d.ts.map,dist,/Users/pq/aikagan-web/.opencode/node_modules/effect/dist
TxHashSet.js,2026-09-06 17:28:05 +0000,2026-09-06 17:28:05 +0000,,Javascript,20 KB,1,/Users/pq/aikagan-web/.opencode/node_modules/effect/dist/TxHashSet.js,dist,/Users/pq/aikagan-web/.opencode/node_modules/effect/dist
TxHashSet.js.map,2026-09-06 17:28:07 +0000,2026-09-06 17:28:07 +0000,,,8 KB,1,/Users/pq/aikagan-web/.opencode/node_modules/effect/dist/TxHashSet.js.map,dist,/Users/pq/aikagan-web/.opencode/node_modules/effect/dist
TxPriorityQueue.d.ts,2026-09-06 17:28:08 +0000,2026-09-06 17:28:08 +0000,,Mpeg-2 Transport Stream,21 KB,1,/Users/pq/aikagan-web/.opencode/node_modules/effect/dist/TxPriorityQueue.d.ts,dist,/Users/pq/aikagan-web/.opencode/node_modules/effect/dist
TxPriorityQueue.d.ts.map,2026-09-06 17:28:07 +0000,2026-09-06 17:28:07 +0000,,,5 KB,1,/Users/pq/aikagan-web/.opencode/node_modules/effect/dist/TxPriorityQueue.d.ts.map,dist,/Users/pq/aikagan-web/.opencode/node_modules/effect/dist
TxPriorityQueue.js,2026-09-06 17:28:05 +0000,2026-09-06 17:28:05 +0000,,Javascript,14 KB,1,/Users/pq/aikagan-web/.opencode/node_modules/effect/dist/TxPriorityQueue.js,dist,/Users/pq/aikagan-web/.opencode/node_modules/effect/dist
TxPriorityQueue.js.map,2026-09-06 17:28:07 +0000,2026-09-06 17:28:07 +0000,,,7 KB,1,/Users/pq/aikagan-web/.opencode/node_modules/effect/dist/TxPriorityQueue.js.map,dist,/Users/pq/aikagan-web/.opencode/node_modules/effect/dist
TxPubSub.d.ts,2026-09-06 17:28:08 +0000,2026-09-06 17:28:08 +0000,,Mpeg-2 Transport Stream,22 KB,1,/Users/pq/aikagan-web/.opencode/node_modules/effect/dist/TxPubSub.d.ts,dist,/Users/pq/aikagan-web/.opencode/node_modules/effect/dist
TxPubSub.d.ts.map,2026-09-06 17:28:07 +0000,2026-09-06 17:28:07 +0000,,,4 KB,1,/Users/pq/aikagan-web/.opencode/node_modules/effect/dist/TxPubSub.d.ts.map,dist,/Users/pq/aikagan-web/.opencode/node_modules/effect/dist
TxPubSub.js,2026-09-06 17:28:05 +0000,2026-09-06 17:28:05 +0000,,Javascript,19 KB,1,/Users/pq/aikagan-web/.opencode/node_modules/effect/dist/TxPubSub.js,dist,/Users/pq/aikagan-web/.opencode/node_modules/effect/dist
TxPubSub.js.map,2026-09-06 17:28:07 +0000,2026-09-06 17:28:07 +0000,,,8 KB,1,/Users/pq/aikagan-web/.opencode/node_modules/effect/dist/TxPubSub.js.map,dist,/Users/pq/aikagan-web/.opencode/node_modules/effect/dist
TxQueue.d.ts,2026-09-06 17:28:08 +0000,2026-09-06 17:28:08 +0000,,Mpeg-2 Transport Stream,47 KB,1,/Users/pq/aikagan-web/.opencode/node_modules/effect/dist/TxQueue.d.ts,dist,/Users/pq/aikagan-web/.opencode/node_modules/effect/dist
TxQueue.d.ts.map,2026-09-06 17:28:07 +0000,2026-09-06 17:28:07 +0000,,,9 KB,1,/Users/pq/aikagan-web/.opencode/node_modules/effect/dist/TxQueue.d.ts.map,dist,/Users/pq/aikagan-web/.opencode/node_modules/effect/dist
TxQueue.js,2026-09-06 17:28:05 +0000,2026-09-06 17:28:05 +0000,,Javascript,35 KB,1,/Users/pq/aikagan-web/.opencode/node_modules/effect/dist/TxQueue.js,dist,/Users/pq/aikagan-web/.opencode/node_modules/effect/dist
TxQueue.js.map,2026-09-06 17:28:07 +0000,2026-09-06 17:28:07 +0000,,,17 KB,1,/Users/pq/aikagan-web/.opencode/node_modules/effect/dist/TxQueue.js.map,dist,/Users/pq/aikagan-web/.opencode/node_modules/effect/dist
TxReentrantLock.d.ts,2026-09-06 17:28:08 +0000,2026-09-06 17:28:08 +0000,,Mpeg-2 Transport Stream,17 KB,1,/Users/pq/aikagan-web/.opencode/node_modules/effect/dist/TxReentrantLock.d.ts,dist,/Users/pq/aikagan-web/.opencode/node_modules/effect/dist
TxReentrantLock.d.ts.map,2026-09-06 17:28:07 +0000,2026-09-06 17:28:07 +0000,,,3 KB,1,/Users/pq/aikagan-web/.opencode/node_modules/effect/dist/TxReentrantLock.d.ts.map,dist,/Users/pq/aikagan-web/.opencode/node_modules/effect/dist
TxReentrantLock.js,2026-09-06 17:28:05 +0000,2026-09-06 17:28:05 +0000,,Javascript,17 KB,1,/Users/pq/aikagan-web/.opencode/node_modules/effect/dist/TxReentrantLock.js,dist,/Users/pq/aikagan-web/.opencode/node_modules/effect/dist
TxReentrantLock.js.map,2026-09-06 17:28:07 +0000,2026-09-06 17:28:07 +0000,,,8 KB,1,/Users/pq/aikagan-web/.opencode/node_modules/effect/dist/TxReentrantLock.js.map,dist,/Users/pq/aikagan-web/.opencode/node_modules/effect/dist
TxRef.d.ts,2026-09-06 17:28:08 +0000,2026-09-06 17:28:08 +0000,,Mpeg-2 Transport Stream,13 KB,1,/Users/pq/aikagan-web/.opencode/node_modules/effect/dist/TxRef.d.ts,dist,/Users/pq/aikagan-web/.opencode/node_modules/effect/dist
TxRef.d.ts.map,2026-09-06 17:28:07 +0000,2026-09-06 17:28:07 +0000,,,2 KB,1,/Users/pq/aikagan-web/.opencode/node_modules/effect/dist/TxRef.d.ts.map,dist,/Users/pq/aikagan-web/.opencode/node_modules/effect/dist
TxRef.js,2026-09-06 17:28:05 +0000,2026-09-06 17:28:05 +0000,,Javascript,7 KB,1,/Users/pq/aikagan-web/.opencode/node_modules/effect/dist/TxRef.js,dist,/Users/pq/aikagan-web/.opencode/node_modules/effect/dist
TxRef.js.map,2026-09-06 17:28:07 +0000,2026-09-06 17:28:07 +0000,,,2 KB,1,/Users/pq/aikagan-web/.opencode/node_modules/effect/dist/TxRef.js.map,dist,/Users/pq/aikagan-web/.opencode/node_modules/effect/dist
TxSemaphore.d.ts,2026-09-06 17:28:08 +0000,2026-09-06 17:28:08 +0000,,Mpeg-2 Transport Stream,26 KB,1,/Users/pq/aikagan-web/.opencode/node_modules/effect/dist/TxSemaphore.d.ts,dist,/Users/pq/aikagan-web/.opencode/node_modules/effect/dist
TxSemaphore.d.ts.map,2026-09-06 17:28:07 +0000,2026-09-06 17:28:07 +0000,,,3 KB,1,/Users/pq/aikagan-web/.opencode/node_modules/effect/dist/TxSemaphore.d.ts.map,dist,/Users/pq/aikagan-web/.opencode/node_modules/effect/dist
TxSemaphore.js,2026-09-06 17:28:05 +0000,2026-09-06 17:28:05 +0000,,Javascript,20 KB,1,/Users/pq/aikagan-web/.opencode/node_modules/effect/dist/TxSemaphore.js,dist,/Users/pq/aikagan-web/.opencode/node_modules/effect/dist
TxSemaphore.js.map,2026-09-06 17:28:07 +0000,2026-09-06 17:28:07 +0000,,,6 KB,1,/Users/pq/aikagan-web/.opencode/node_modules/effect/dist/TxSemaphore.js.map,dist,/Users/pq/aikagan-web/.opencode/node_modules/effect/dist
TxSubscriptionRef.d.ts,2026-09-06 17:28:08 +0000,2026-09-06 17:28:08 +0000,,Mpeg-2 Transport Stream,24 KB,1,/Users/pq/aikagan-web/.opencode/node_modules/effect/dist/TxSubscriptionRef.d.ts,dist,/Users/pq/aikagan-web/.opencode/node_modules/effect/dist
TxSubscriptionRef.d.ts.map,2026-09-06 17:28:07 +0000,2026-09-06 17:28:07 +0000,,,4 KB,1,/Users/pq/aikagan-web/.opencode/node_modules/effect/dist/TxSubscriptionRef.d.ts.map,dist,/Users/pq/aikagan-web/.opencode/node_modules/effect/dist
TxSubscriptionRef.js,2026-09-06 17:28:05 +0000,2026-09-06 17:28:05 +0000,,Javascript,13 KB,1,/Users/pq/aikagan-web/.opencode/node_modules/effect/dist/TxSubscriptionRef.js,dist,/Users/pq/aikagan-web/.opencode/node_modules/effect/dist
TxSubscriptionRef.js.map,2026-09-06 17:28:07 +0000,2026-09-06 17:28:07 +0000,,,4 KB,1,/Users/pq/aikagan-web/.opencode/node_modules/effect/dist/TxSubscriptionRef.js.map,dist,/Users/pq/aikagan-web/.opencode/node_modules/effect/dist
Types.d.ts,2026-09-06 17:28:08 +0000,2026-09-06 17:28:08 +0000,,Mpeg-2 Transport Stream,31 KB,1,/Users/pq/aikagan-web/.opencode/node_modules/effect/dist/Types.d.ts,dist,/Users/pq/aikagan-web/.opencode/node_modules/effect/dist
Types.d.ts.map,2026-09-06 17:28:07 +0000,2026-09-06 17:28:07 +0000,,,7 KB,1,/Users/pq/aikagan-web/.opencode/node_modules/effect/dist/Types.d.ts.map,dist,/Users/pq/aikagan-web/.opencode/node_modules/effect/dist
Types.js,2026-09-06 17:28:05 +0000,2026-09-06 17:28:05 +0000,,Javascript,3 KB,1,/Users/pq/aikagan-web/.opencode/node_modules/effect/dist/Types.js,dist,/Users/pq/aikagan-web/.opencode/node_modules/effect/dist
Types.js.map,2026-09-06 17:28:07 +0000,2026-09-06 17:28:07 +0000,,,130 bytes,1,/Users/pq/aikagan-web/.opencode/node_modules/effect/dist/Types.js.map,dist,/Users/pq/aikagan-web/.opencode/node_modules/effect/dist
UndefinedOr.d.ts,2026-09-06 17:28:08 +0000,2026-09-06 17:28:08 +0000,,Mpeg-2 Transport Stream,11 KB,1,/Users/pq/aikagan-web/.opencode/node_modules/effect/dist/UndefinedOr.d.ts,dist,/Users/pq/aikagan-web/.opencode/node_modules/effect/dist
UndefinedOr.d.ts.map,2026-09-06 17:28:07 +0000,2026-09-06 17:28:07 +0000,,,2 KB,1,/Users/pq/aikagan-web/.opencode/node_modules/effect/dist/UndefinedOr.d.ts.map,dist,/Users/pq/aikagan-web/.opencode/node_modules/effect/dist
UndefinedOr.js,2026-09-06 17:28:05 +0000,2026-09-06 17:28:05 +0000,,Javascript,8 KB,1,/Users/pq/aikagan-web/.opencode/node_modules/effect/dist/UndefinedOr.js,dist,/Users/pq/aikagan-web/.opencode/node_modules/effect/dist
UndefinedOr.js.map,2026-09-06 17:28:07 +0000,2026-09-06 17:28:07 +0000,,,2 KB,1,/Users/pq/aikagan-web/.opencode/node_modules/effect/dist/UndefinedOr.js.map,dist,/Users/pq/aikagan-web/.opencode/node_modules/effect/dist
Unify.d.ts,2026-09-06 17:28:08 +0000,2026-09-06 17:28:08 +0000,,Mpeg-2 Transport Stream,19 KB,1,/Users/pq/aikagan-web/.opencode/node_modules/effect/dist/Unify.d.ts,dist,/Users/pq/aikagan-web/.opencode/node_modules/effect/dist
Unify.d.ts.map,2026-09-06 17:28:07 +0000,2026-09-06 17:28:07 +0000,,,5 KB,1,/Users/pq/aikagan-web/.opencode/node_modules/effect/dist/Unify.d.ts.map,dist,/Users/pq/aikagan-web/.opencode/node_modules/effect/dist
Unify.js,2026-09-06 17:28:05 +0000,2026-09-06 17:28:05 +0000,,Javascript,3 KB,1,/Users/pq/aikagan-web/.opencode/node_modules/effect/dist/Unify.js,dist,/Users/pq/aikagan-web/.opencode/node_modules/effect/dist
Unify.js.map,2026-09-06 17:28:07 +0000,2026-09-06 17:28:07 +0000,,,291 bytes,1,/Users/pq/aikagan-web/.opencode/node_modules/effect/dist/Unify.js.map,dist,/Users/pq/aikagan-web/.opencode/node_modules/effect/dist
Utils.d.ts,2026-09-06 17:28:08 +0000,2026-09-06 17:28:08 +0000,,Mpeg-2 Transport Stream,7 KB,1,/Users/pq/aikagan-web/.opencode/node_modules/effect/dist/Utils.d.ts,dist,/Users/pq/aikagan-web/.opencode/node_modules/effect/dist
Utils.d.ts.map,2026-09-06 17:28:07 +0000,2026-09-06 17:28:07 +0000,,,2 KB,1,/Users/pq/aikagan-web/.opencode/node_modules/effect/dist/Utils.d.ts.map,dist,/Users/pq/aikagan-web/.opencode/node_modules/effect/dist
Utils.js,2026-09-06 17:28:05 +0000,2026-09-06 17:28:05 +0000,,Javascript,2 KB,1,/Users/pq/aikagan-web/.opencode/node_modules/effect/dist/Utils.js,dist,/Users/pq/aikagan-web/.opencode/node_modules/effect/dist
Utils.js.map,2026-09-06 17:28:07 +0000,2026-09-06 17:28:07 +0000,,,1 KB,1,/Users/pq/aikagan-web/.opencode/node_modules/effect/dist/Utils.js.map,dist,/Users/pq/aikagan-web/.opencode/node_modules/effect/dist
index.d.ts,2026-09-06 17:28:07 +0000,2026-09-06 17:28:07 +0000,,Mpeg-2 Transport Stream,9 KB,1,/Users/pq/aikagan-web/.opencode/node_modules/effect/dist/index.d.ts,dist,/Users/pq/aikagan-web/.opencode/node_modules/effect/dist
index.d.ts.map,2026-09-06 17:28:05 +0000,2026-09-06 17:28:05 +0000,,,7 KB,1,/Users/pq/aikagan-web/.opencode/node_modules/effect/dist/index.d.ts.map,dist,/Users/pq/aikagan-web/.opencode/node_modules/effect/dist
index.js,2026-09-06 17:28:04 +0000,2026-09-06 17:28:04 +0000,,Javascript,9 KB,1,/Users/pq/aikagan-web/.opencode/node_modules/effect/dist/index.js,dist,/Users/pq/aikagan-web/.opencode/node_modules/effect/dist
index.js.map,2026-09-06 17:28:05 +0000,2026-09-06 17:28:05 +0000,,,7 KB,1,/Users/pq/aikagan-web/.opencode/node_modules/effect/dist/index.js.map,dist,/Users/pq/aikagan-web/.opencode/node_modules/effect/dist
internal,2026-09-06 17:28:08 +0000,2026-09-06 17:28:04 +0000,,Folder,109 bytes,0,/Users/pq/aikagan-web/.opencode/node_modules/effect/dist/internal,dist,/Users/pq/aikagan-web/.opencode/node_modules/effect/dist/internal
array.d.ts,2026-09-06 17:28:07 +0000,2026-09-06 17:28:07 +0000,,Mpeg-2 Transport Stream,70 bytes,1,/Users/pq/aikagan-web/.opencode/node_modules/effect/dist/internal/array.d.ts,internal,/Users/pq/aikagan-web/.opencode/node_modules/effect/dist/internal
array.d.ts.map,2026-09-06 17:28:05 +0000,2026-09-06 17:28:05 +0000,,,126 bytes,1,/Users/pq/aikagan-web/.opencode/node_modules/effect/dist/internal/array.d.ts.map,internal,/Users/pq/aikagan-web/.opencode/node_modules/effect/dist/internal
array.js,2026-09-06 17:28:04 +0000,2026-09-06 17:28:04 +0000,,Javascript,130 bytes,1,/Users/pq/aikagan-web/.opencode/node_modules/effect/dist/internal/array.js,internal,/Users/pq/aikagan-web/.opencode/node_modules/effect/dist/internal
array.js.map,2026-09-06 17:28:05 +0000,2026-09-06 17:28:05 +0000,,,248 bytes,1,/Users/pq/aikagan-web/.opencode/node_modules/effect/dist/internal/array.js.map,internal,/Users/pq/aikagan-web/.opencode/node_modules/effect/dist/internal
concurrency.d.ts,2026-09-06 17:28:07 +0000,2026-09-06 17:28:07 +0000,,Mpeg-2 Transport Stream,52 bytes,1,/Users/pq/aikagan-web/.opencode/node_modules/effect/dist/internal/concurrency.d.ts,internal,/Users/pq/aikagan-web/.opencode/node_modules/effect/dist/internal
concurrency.d.ts.map,2026-09-06 17:28:05 +0000,2026-09-06 17:28:05 +0000,,,128 bytes,1,/Users/pq/aikagan-web/.opencode/node_modules/effect/dist/internal/concurrency.d.ts.map,internal,/Users/pq/aikagan-web/.opencode/node_modules/effect/dist/internal
concurrency.js,2026-09-06 17:28:04 +0000,2026-09-06 17:28:04 +0000,,Javascript,1 KB,1,/Users/pq/aikagan-web/.opencode/node_modules/effect/dist/internal/concurrency.js,internal,/Users/pq/aikagan-web/.opencode/node_modules/effect/dist/internal
concurrency.js.map,2026-09-06 17:28:05 +0000,2026-09-06 17:28:05 +0000,,,1 KB,1,/Users/pq/aikagan-web/.opencode/node_modules/effect/dist/internal/concurrency.js.map,internal,/Users/pq/aikagan-web/.opencode/node_modules/effect/dist/internal
core.d.ts,2026-09-06 17:28:07 +0000,2026-09-06 17:28:07 +0000,,Mpeg-2 Transport Stream,45 bytes,1,/Users/pq/aikagan-web/.opencode/node_modules/effect/dist/internal/core.d.ts,internal,/Users/pq/aikagan-web/.opencode/node_modules/effect/dist/internal
core.d.ts.map,2026-09-06 17:28:05 +0000,2026-09-06 17:28:05 +0000,,,114 bytes,1,/Users/pq/aikagan-web/.opencode/node_modules/effect/dist/internal/core.d.ts.map,internal,/Users/pq/aikagan-web/.opencode/node_modules/effect/dist/internal
core.js,2026-09-06 17:28:04 +0000,2026-09-06 17:28:04 +0000,,Javascript,12 KB,1,/Users/pq/aikagan-web/.opencode/node_modules/effect/dist/internal/core.js,internal,/Users/pq/aikagan-web/.opencode/node_modules/effect/dist/internal
core.js.map,2026-09-06 17:28:05 +0000,2026-09-06 17:28:05 +0000,,,15 KB,1,/Users/pq/aikagan-web/.opencode/node_modules/effect/dist/internal/core.js.map,internal,/Users/pq/aikagan-web/.opencode/node_modules/effect/dist/internal
dateTime.d.ts,2026-09-06 17:28:07 +0000,2026-09-06 17:28:07 +0000,,Mpeg-2 Transport Stream,49 bytes,1,/Users/pq/aikagan-web/.opencode/node_modules/effect/dist/internal/dateTime.d.ts,internal,/Users/pq/aikagan-web/.opencode/node_modules/effect/dist/internal
dateTime.d.ts.map,2026-09-06 17:28:05 +0000,2026-09-06 17:28:05 +0000,,,122 bytes,1,/Users/pq/aikagan-web/.opencode/node_modules/effect/dist/internal/dateTime.d.ts.map,internal,/Users/pq/aikagan-web/.opencode/node_modules/effect/dist/internal
dateTime.js,2026-09-06 17:28:04 +0000,2026-09-06 17:28:04 +0000,,Javascript,28 KB,1,/Users/pq/aikagan-web/.opencode/node_modules/effect/dist/internal/dateTime.js,internal,/Users/pq/aikagan-web/.opencode/node_modules/effect/dist/internal
dateTime.js.map,2026-09-06 17:28:05 +0000,2026-09-06 17:28:05 +0000,,,33 KB,1,/Users/pq/aikagan-web/.opencode/node_modules/effect/dist/internal/dateTime.js.map,internal,/Users/pq/aikagan-web/.opencode/node_modules/effect/dist/internal
doNotation.d.ts,2026-09-06 17:28:07 +0000,2026-09-06 17:28:07 +0000,,Mpeg-2 Transport Stream,51 bytes,1,/Users/pq/aikagan-web/.opencode/node_modules/effect/dist/internal/doNotation.d.ts,internal,/Users/pq/aikagan-web/.opencode/node_modules/effect/dist/internal
doNotation.d.ts.map,2026-09-06 17:28:05 +0000,2026-09-06 17:28:05 +0000,,,126 bytes,1,/Users/pq/aikagan-web/.opencode/node_modules/effect/dist/internal/doNotation.d.ts.map,internal,/Users/pq/aikagan-web/.opencode/node_modules/effect/dist/internal
doNotation.js,2026-09-06 17:28:04 +0000,2026-09-06 17:28:04 +0000,,Javascript,447 bytes,1,/Users/pq/aikagan-web/.opencode/node_modules/effect/dist/internal/doNotation.js,internal,/Users/pq/aikagan-web/.opencode/node_modules/effect/dist/internal
doNotation.js.map,2026-09-06 17:28:05 +0000,2026-09-06 17:28:05 +0000,,,923 bytes,1,/Users/pq/aikagan-web/.opencode/node_modules/effect/dist/internal/doNotation.js.map,internal,/Users/pq/aikagan-web/.opencode/node_modules/effect/dist/internal
effect.d.ts,2026-09-06 17:28:07 +0000,2026-09-06 17:28:07 +0000,,Mpeg-2 Transport Stream,47 bytes,1,/Users/pq/aikagan-web/.opencode/node_modules/effect/dist/internal/effect.d.ts,internal,/Users/pq/aikagan-web/.opencode/node_modules/effect/dist/internal
effect.d.ts.map,2026-09-06 17:28:05 +0000,2026-09-06 17:28:05 +0000,,,118 bytes,1,/Users/pq/aikagan-web/.opencode/node_modules/effect/dist/internal/effect.d.ts.map,internal,/Users/pq/aikagan-web/.opencode/node_modules/effect/dist/internal
effect.js,2026-09-06 17:28:04 +0000,2026-09-06 17:28:04 +0000,,Javascript,109 KB,1,/Users/pq/aikagan-web/.opencode/node_modules/effect/dist/internal/effect.js,internal,/Users/pq/aikagan-web/.opencode/node_modules/effect/dist/internal
effect.js.map,2026-09-06 17:28:05 +0000,2026-09-06 17:28:05 +0000,,,138 KB,1,/Users/pq/aikagan-web/.opencode/node_modules/effect/dist/internal/effect.js.map,internal,/Users/pq/aikagan-web/.opencode/node_modules/effect/dist/internal
equal.d.ts,2026-09-06 17:28:07 +0000,2026-09-06 17:28:07 +0000,,Mpeg-2 Transport Stream,46 bytes,1,/Users/pq/aikagan-web/.opencode/node_modules/effect/dist/internal/equal.d.ts,internal,/Users/pq/aikagan-web/.opencode/node_modules/effect/dist/internal
equal.d.ts.map,2026-09-06 17:28:05 +0000,2026-09-06 17:28:05 +0000,,,116 bytes,1,/Users/pq/aikagan-web/.opencode/node_modules/effect/dist/internal/equal.d.ts.map,internal,/Users/pq/aikagan-web/.opencode/node_modules/effect/dist/internal
equal.js,2026-09-06 17:28:04 +0000,2026-09-06 17:28:04 +0000,,Javascript,797 bytes,1,/Users/pq/aikagan-web/.opencode/node_modules/effect/dist/internal/equal.js,internal,/Users/pq/aikagan-web/.opencode/node_modules/effect/dist/internal
equal.js.map,2026-09-06 17:28:05 +0000,2026-09-06 17:28:05 +0000,,,1 KB,1,/Users/pq/aikagan-web/.opencode/node_modules/effect/dist/internal/equal.js.map,internal,/Users/pq/aikagan-web/.opencode/node_modules/effect/dist/internal
errors.d.ts,2026-09-06 17:28:07 +0000,2026-09-06 17:28:07 +0000,,Mpeg-2 Transport Stream,47 bytes,1,/Users/pq/aikagan-web/.opencode/node_modules/effect/dist/internal/errors.d.ts,internal,/Users/pq/aikagan-web/.opencode/node_modules/effect/dist/internal
errors.d.ts.map,2026-09-06 17:28:05 +0000,2026-09-06 17:28:05 +0000,,,118 bytes,1,/Users/pq/aikagan-web/.opencode/node_modules/effect/dist/internal/errors.d.ts.map,internal,/Users/pq/aikagan-web/.opencode/node_modules/effect/dist/internal
errors.js,2026-09-06 17:28:04 +0000,2026-09-06 17:28:04 +0000,,Javascript,249 bytes,1,/Users/pq/aikagan-web/.opencode/node_modules/effect/dist/internal/errors.js,internal,/Users/pq/aikagan-web/.opencode/node_modules/effect/dist/internal
errors.js.map,2026-09-06 17:28:05 +0000,2026-09-06 17:28:05 +0000,,,421 bytes,1,/Users/pq/aikagan-web/.opencode/node_modules/effect/dist/internal/errors.js.map,internal,/Users/pq/aikagan-web/.opencode/node_modules/effect/dist/internal
executionPlan.d.ts,2026-09-06 17:28:07 +0000,2026-09-06 17:28:07 +0000,,Mpeg-2 Transport Stream,54 bytes,1,/Users/pq/aikagan-web/.opencode/node_modules/effect/dist/internal/executionPlan.d.ts,internal,/Users/pq/aikagan-web/.opencode/node_modules/effect/dist/internal
executionPlan.d.ts.map,2026-09-06 17:28:05 +0000,2026-09-06 17:28:05 +0000,,,132 bytes,1,/Users/pq/aikagan-web/.opencode/node_modules/effect/dist/internal/executionPlan.d.ts.map,internal,/Users/pq/aikagan-web/.opencode/node_modules/effect/dist/internal
executionPlan.js,2026-09-06 17:28:04 +0000,2026-09-06 17:28:04 +0000,,Javascript,2 KB,1,/Users/pq/aikagan-web/.opencode/node_modules/effect/dist/internal/executionPlan.js,internal,/Users/pq/aikagan-web/.opencode/node_modules/effect/dist/internal
executionPlan.js.map,2026-09-06 17:28:05 +0000,2026-09-06 17:28:05 +0000,,,3 KB,1,/Users/pq/aikagan-web/.opencode/node_modules/effect/dist/internal/executionPlan.js.map,internal,/Users/pq/aikagan-web/.opencode/node_modules/effect/dist/internal
hashMap.d.ts,2026-09-06 17:28:07 +0000,2026-09-06 17:28:07 +0000,,Mpeg-2 Transport Stream,72 bytes,1,/Users/pq/aikagan-web/.opencode/node_modules/effect/dist/internal/hashMap.d.ts,internal,/Users/pq/aikagan-web/.opencode/node_modules/effect/dist/internal
hashMap.d.ts.map,2026-09-06 17:28:05 +0000,2026-09-06 17:28:05 +0000,,,130 bytes,1,/Users/pq/aikagan-web/.opencode/node_modules/effect/dist/internal/hashMap.d.ts.map,internal,/Users/pq/aikagan-web/.opencode/node_modules/effect/dist/internal
hashMap.js,2026-09-06 17:28:04 +0000,2026-09-06 17:28:04 +0000,,Javascript,24 KB,1,/Users/pq/aikagan-web/.opencode/node_modules/effect/dist/internal/hashMap.js,internal,/Users/pq/aikagan-web/.opencode/node_modules/effect/dist/internal
hashMap.js.map,2026-09-06 17:28:05 +0000,2026-09-06 17:28:05 +0000,,,33 KB,1,/Users/pq/aikagan-web/.opencode/node_modules/effect/dist/internal/hashMap.js.map,internal,/Users/pq/aikagan-web/.opencode/node_modules/effect/dist/internal
hashSet.d.ts,2026-09-06 17:28:07 +0000,2026-09-06 17:28:07 +0000,,Mpeg-2 Transport Stream,72 bytes,1,/Users/pq/aikagan-web/.opencode/node_modules/effect/dist/internal/hashSet.d.ts,internal,/Users/pq/aikagan-web/.opencode/node_modules/effect/dist/internal
hashSet.d.ts.map,2026-09-06 17:28:05 +0000,2026-09-06 17:28:05 +0000,,,130 bytes,1,/Users/pq/aikagan-web/.opencode/node_modules/effect/dist/internal/hashSet.d.ts.map,internal,/Users/pq/aikagan-web/.opencode/node_modules/effect/dist/internal
hashSet.js,2026-09-06 17:28:04 +0000,2026-09-06 17:28:04 +0000,,Javascript,4 KB,1,/Users/pq/aikagan-web/.opencode/node_modules/effect/dist/internal/hashSet.js,internal,/Users/pq/aikagan-web/.opencode/node_modules/effect/dist/internal
hashSet.js.map,2026-09-06 17:28:05 +0000,2026-09-06 17:28:05 +0000,,,6 KB,1,/Users/pq/aikagan-web/.opencode/node_modules/effect/dist/internal/hashSet.js.map,internal,/Users/pq/aikagan-web/.opencode/node_modules/effect/dist/internal
layer.d.ts,2026-09-06 17:28:07 +0000,2026-09-06 17:28:07 +0000,,Mpeg-2 Transport Stream,46 bytes,1,/Users/pq/aikagan-web/.opencode/node_modules/effect/dist/internal/layer.d.ts,internal,/Users/pq/aikagan-web/.opencode/node_modules/effect/dist/internal
layer.d.ts.map,2026-09-06 17:28:05 +0000,2026-09-06 17:28:05 +0000,,,116 bytes,1,/Users/pq/aikagan-web/.opencode/node_modules/effect/dist/internal/layer.d.ts.map,internal,/Users/pq/aikagan-web/.opencode/node_modules/effect/dist/internal
layer.js,2026-09-06 17:28:04 +0000,2026-09-06 17:28:04 +0000,,Javascript,756 bytes,1,/Users/pq/aikagan-web/.opencode/node_modules/effect/dist/internal/layer.js,internal,/Users/pq/aikagan-web/.opencode/node_modules/effect/dist/internal
layer.js.map,2026-09-06 17:28:05 +0000,2026-09-06 17:28:05 +0000,,,1 KB,1,/Users/pq/aikagan-web/.opencode/node_modules/effect/dist/internal/layer.js.map,internal,/Users/pq/aikagan-web/.opencode/node_modules/effect/dist/internal
matcher.d.ts,2026-09-06 17:28:07 +0000,2026-09-06 17:28:07 +0000,,Mpeg-2 Transport Stream,48 bytes,1,/Users/pq/aikagan-web/.opencode/node_modules/effect/dist/internal/matcher.d.ts,internal,/Users/pq/aikagan-web/.opencode/node_modules/effect/dist/internal
matcher.d.ts.map,2026-09-06 17:28:05 +0000,2026-09-06 17:28:05 +0000,,,120 bytes,1,/Users/pq/aikagan-web/.opencode/node_modules/effect/dist/internal/matcher.d.ts.map,internal,/Users/pq/aikagan-web/.opencode/node_modules/effect/dist/internal
matcher.js,2026-09-06 17:28:04 +0000,2026-09-06 17:28:04 +0000,,Javascript,9 KB,1,/Users/pq/aikagan-web/.opencode/node_modules/effect/dist/internal/matcher.js,internal,/Users/pq/aikagan-web/.opencode/node_modules/effect/dist/internal
matcher.js.map,2026-09-06 17:28:05 +0000,2026-09-06 17:28:05 +0000,,,12 KB,1,/Users/pq/aikagan-web/.opencode/node_modules/effect/dist/internal/matcher.js.map,internal,/Users/pq/aikagan-web/.opencode/node_modules/effect/dist/internal
metric.d.ts,2026-09-06 17:28:07 +0000,2026-09-06 17:28:07 +0000,,Mpeg-2 Transport Stream,47 bytes,1,/Users/pq/aikagan-web/.opencode/node_modules/effect/dist/internal/metric.d.ts,internal,/Users/pq/aikagan-web/.opencode/node_modules/effect/dist/internal
metric.d.ts.map,2026-09-06 17:28:05 +0000,2026-09-06 17:28:05 +0000,,,118 bytes,1,/Users/pq/aikagan-web/.opencode/node_modules/effect/dist/internal/metric.d.ts.map,internal,/Users/pq/aikagan-web/.opencode/node_modules/effect/dist/internal
metric.js,2026-09-06 17:28:04 +0000,2026-09-06 17:28:04 +0000,,Javascript,143 bytes,1,/Users/pq/aikagan-web/.opencode/node_modules/effect/dist/internal/metric.js,internal,/Users/pq/aikagan-web/.opencode/node_modules/effect/dist/internal
metric.js.map,2026-09-06 17:28:05 +0000,2026-09-06 17:28:05 +0000,,,203 bytes,1,/Users/pq/aikagan-web/.opencode/node_modules/effect/dist/internal/metric.js.map,internal,/Users/pq/aikagan-web/.opencode/node_modules/effect/dist/internal
option.d.ts,2026-09-06 17:28:07 +0000,2026-09-06 17:28:07 +0000,,Mpeg-2 Transport Stream,47 bytes,1,/Users/pq/aikagan-web/.opencode/node_modules/effect/dist/internal/option.d.ts,internal,/Users/pq/aikagan-web/.opencode/node_modules/effect/dist/internal
option.d.ts.map,2026-09-06 17:28:05 +0000,2026-09-06 17:28:05 +0000,,,118 bytes,1,/Users/pq/aikagan-web/.opencode/node_modules/effect/dist/internal/option.d.ts.map,internal,/Users/pq/aikagan-web/.opencode/node_modules/effect/dist/internal
option.js,2026-09-06 17:28:04 +0000,2026-09-06 17:28:04 +0000,,Javascript,2 KB,1,/Users/pq/aikagan-web/.opencode/node_modules/effect/dist/internal/option.js,internal,/Users/pq/aikagan-web/.opencode/node_modules/effect/dist/internal
option.js.map,2026-09-06 17:28:05 +0000,2026-09-06 17:28:05 +0000,,,3 KB,1,/Users/pq/aikagan-web/.opencode/node_modules/effect/dist/internal/option.js.map,internal,/Users/pq/aikagan-web/.opencode/node_modules/effect/dist/internal
random.d.ts,2026-09-06 17:28:08 +0000,2026-09-06 17:28:08 +0000,,Mpeg-2 Transport Stream,47 bytes,1,/Users/pq/aikagan-web/.opencode/node_modules/effect/dist/internal/random.d.ts,internal,/Users/pq/aikagan-web/.opencode/node_modules/effect/dist/internal
random.d.ts.map,2026-09-06 17:28:05 +0000,2026-09-06 17:28:05 +0000,,,118 bytes,1,/Users/pq/aikagan-web/.opencode/node_modules/effect/dist/internal/random.d.ts.map,internal,/Users/pq/aikagan-web/.opencode/node_modules/effect/dist/internal
random.js,2026-09-06 17:28:04 +0000,2026-09-06 17:28:04 +0000,,Javascript,411 bytes,1,/Users/pq/aikagan-web/.opencode/node_modules/effect/dist/internal/random.js,internal,/Users/pq/aikagan-web/.opencode/node_modules/effect/dist/internal
random.js.map,2026-09-06 17:28:05 +0000,2026-09-06 17:28:05 +0000,,,663 bytes,1,/Users/pq/aikagan-web/.opencode/node_modules/effect/dist/internal/random.js.map,internal,/Users/pq/aikagan-web/.opencode/node_modules/effect/dist/internal
rcRef.d.ts,2026-09-06 17:28:08 +0000,2026-09-06 17:28:08 +0000,,Mpeg-2 Transport Stream,46 bytes,1,/Users/pq/aikagan-web/.opencode/node_modules/effect/dist/internal/rcRef.d.ts,internal,/Users/pq/aikagan-web/.opencode/node_modules/effect/dist/internal
rcRef.d.ts.map,2026-09-06 17:28:05 +0000,2026-09-06 17:28:05 +0000,,,116 bytes,1,/Users/pq/aikagan-web/.opencode/node_modules/effect/dist/internal/rcRef.d.ts.map,internal,/Users/pq/aikagan-web/.opencode/node_modules/effect/dist/internal
rcRef.js,2026-09-06 17:28:04 +0000,2026-09-06 17:28:04 +0000,,Javascript,4 KB,1,/Users/pq/aikagan-web/.opencode/node_modules/effect/dist/internal/rcRef.js,internal,/Users/pq/aikagan-web/.opencode/node_modules/effect/dist/internal
rcRef.js.map,2026-09-06 17:28:05 +0000,2026-09-06 17:28:05 +0000,,,6 KB,1,/Users/pq/aikagan-web/.opencode/node_modules/effect/dist/internal/rcRef.js.map,internal,/Users/pq/aikagan-web/.opencode/node_modules/effect/dist/internal
record.d.ts,2026-09-06 17:28:08 +0000,2026-09-06 17:28:08 +0000,,Mpeg-2 Transport Stream,71 bytes,1,/Users/pq/aikagan-web/.opencode/node_modules/effect/dist/internal/record.d.ts,internal,/Users/pq/aikagan-web/.opencode/node_modules/effect/dist/internal
record.d.ts.map,2026-09-06 17:28:05 +0000,2026-09-06 17:28:05 +0000,,,128 bytes,1,/Users/pq/aikagan-web/.opencode/node_modules/effect/dist/internal/record.d.ts.map,internal,/Users/pq/aikagan-web/.opencode/node_modules/effect/dist/internal
record.js,2026-09-06 17:28:04 +0000,2026-09-06 17:28:04 +0000,,Javascript,330 bytes,1,/Users/pq/aikagan-web/.opencode/node_modules/effect/dist/internal/record.js,internal,/Users/pq/aikagan-web/.opencode/node_modules/effect/dist/internal
record.js.map,2026-09-06 17:28:05 +0000,2026-09-06 17:28:05 +0000,,,542 bytes,1,/Users/pq/aikagan-web/.opencode/node_modules/effect/dist/internal/record.js.map,internal,/Users/pq/aikagan-web/.opencode/node_modules/effect/dist/internal
redacted.d.ts,2026-09-06 17:28:08 +0000,2026-09-06 17:28:08 +0000,,Mpeg-2 Transport Stream,49 bytes,1,/Users/pq/aikagan-web/.opencode/node_modules/effect/dist/internal/redacted.d.ts,internal,/Users/pq/aikagan-web/.opencode/node_modules/effect/dist/internal
redacted.d.ts.map,2026-09-06 17:28:05 +0000,2026-09-06 17:28:05 +0000,,,122 bytes,1,/Users/pq/aikagan-web/.opencode/node_modules/effect/dist/internal/redacted.d.ts.map,internal,/Users/pq/aikagan-web/.opencode/node_modules/effect/dist/internal
redacted.js,2026-09-06 17:28:04 +0000,2026-09-06 17:28:04 +0000,,Javascript,460 bytes,1,/Users/pq/aikagan-web/.opencode/node_modules/effect/dist/internal/redacted.js,internal,/Users/pq/aikagan-web/.opencode/node_modules/effect/dist/internal
redacted.js.map,2026-09-06 17:28:05 +0000,2026-09-06 17:28:05 +0000,,,677 bytes,1,/Users/pq/aikagan-web/.opencode/node_modules/effect/dist/internal/redacted.js.map,internal,/Users/pq/aikagan-web/.opencode/node_modules/effect/dist/internal
references.d.ts,2026-09-06 17:28:08 +0000,2026-09-06 17:28:08 +0000,,Mpeg-2 Transport Stream,51 bytes,1,/Users/pq/aikagan-web/.opencode/node_modules/effect/dist/internal/references.d.ts,internal,/Users/pq/aikagan-web/.opencode/node_modules/effect/dist/internal
references.d.ts.map,2026-09-06 17:28:05 +0000,2026-09-06 17:28:05 +0000,,,126 bytes,1,/Users/pq/aikagan-web/.opencode/node_modules/effect/dist/internal/references.d.ts.map,internal,/Users/pq/aikagan-web/.opencode/node_modules/effect/dist/internal
references.js,2026-09-06 17:28:05 +0000,2026-09-06 17:28:05 +0000,,Javascript,2 KB,1,/Users/pq/aikagan-web/.opencode/node_modules/effect/dist/internal/references.js,internal,/Users/pq/aikagan-web/.opencode/node_modules/effect/dist/internal
references.js.map,2026-09-06 17:28:05 +0000,2026-09-06 17:28:05 +0000,,,2 KB,1,/Users/pq/aikagan-web/.opencode/node_modules/effect/dist/internal/references.js.map,internal,/Users/pq/aikagan-web/.opencode/node_modules/effect/dist/internal
request.d.ts,2026-09-06 17:28:08 +0000,2026-09-06 17:28:08 +0000,,Mpeg-2 Transport Stream,48 bytes,1,/Users/pq/aikagan-web/.opencode/node_modules/effect/dist/internal/request.d.ts,internal,/Users/pq/aikagan-web/.opencode/node_modules/effect/dist/internal
request.d.ts.map,2026-09-06 17:28:05 +0000,2026-09-06 17:28:05 +0000,,,120 bytes,1,/Users/pq/aikagan-web/.opencode/node_modules/effect/dist/internal/request.d.ts.map,internal,/Users/pq/aikagan-web/.opencode/node_modules/effect/dist/internal
request.js,2026-09-06 17:28:05 +0000,2026-09-06 17:28:05 +0000,,Javascript,4 KB,1,/Users/pq/aikagan-web/.opencode/node_modules/effect/dist/internal/request.js,internal,/Users/pq/aikagan-web/.opencode/node_modules/effect/dist/internal
request.js.map,2026-09-06 17:28:05 +0000,2026-09-06 17:28:05 +0000,,,6 KB,1,/Users/pq/aikagan-web/.opencode/node_modules/effect/dist/internal/request.js.map,internal,/Users/pq/aikagan-web/.opencode/node_modules/effect/dist/internal
result.d.ts,2026-09-06 17:28:08 +0000,2026-09-06 17:28:08 +0000,,Mpeg-2 Transport Stream,47 bytes,1,/Users/pq/aikagan-web/.opencode/node_modules/effect/dist/internal/result.d.ts,internal,/Users/pq/aikagan-web/.opencode/node_modules/effect/dist/internal
result.d.ts.map,2026-09-06 17:28:05 +0000,2026-09-06 17:28:05 +0000,,,118 bytes,1,/Users/pq/aikagan-web/.opencode/node_modules/effect/dist/internal/result.d.ts.map,internal,/Users/pq/aikagan-web/.opencode/node_modules/effect/dist/internal
result.js,2026-09-06 17:28:05 +0000,2026-09-06 17:28:05 +0000,,Javascript,3 KB,1,/Users/pq/aikagan-web/.opencode/node_modules/effect/dist/internal/result.js,internal,/Users/pq/aikagan-web/.opencode/node_modules/effect/dist/internal
result.js.map,2026-09-06 17:28:05 +0000,2026-09-06 17:28:05 +0000,,,4 KB,1,/Users/pq/aikagan-web/.opencode/node_modules/effect/dist/internal/result.js.map,internal,/Users/pq/aikagan-web/.opencode/node_modules/effect/dist/internal
schedule.d.ts,2026-09-06 17:28:08 +0000,2026-09-06 17:28:08 +0000,,Mpeg-2 Transport Stream,49 bytes,1,/Users/pq/aikagan-web/.opencode/node_modules/effect/dist/internal/schedule.d.ts,internal,/Users/pq/aikagan-web/.opencode/node_modules/effect/dist/internal
schedule.d.ts.map,2026-09-06 17:28:05 +0000,2026-09-06 17:28:05 +0000,,,122 bytes,1,/Users/pq/aikagan-web/.opencode/node_modules/effect/dist/internal/schedule.d.ts.map,internal,/Users/pq/aikagan-web/.opencode/node_modules/effect/dist/internal
schedule.js,2026-09-06 17:28:05 +0000,2026-09-06 17:28:05 +0000,,Javascript,4 KB,1,/Users/pq/aikagan-web/.opencode/node_modules/effect/dist/internal/schedule.js,internal,/Users/pq/aikagan-web/.opencode/node_modules/effect/dist/internal
schedule.js.map,2026-09-06 17:28:05 +0000,2026-09-06 17:28:05 +0000,,,5 KB,1,/Users/pq/aikagan-web/.opencode/node_modules/effect/dist/internal/schedule.js.map,internal,/Users/pq/aikagan-web/.opencode/node_modules/effect/dist/internal
stream.d.ts,2026-09-06 17:28:08 +0000,2026-09-06 17:28:08 +0000,,Mpeg-2 Transport Stream,47 bytes,1,/Users/pq/aikagan-web/.opencode/node_modules/effect/dist/internal/stream.d.ts,internal,/Users/pq/aikagan-web/.opencode/node_modules/effect/dist/internal
stream.d.ts.map,2026-09-06 17:28:06 +0000,2026-09-06 17:28:06 +0000,,,118 bytes,1,/Users/pq/aikagan-web/.opencode/node_modules/effect/dist/internal/stream.d.ts.map,internal,/Users/pq/aikagan-web/.opencode/node_modules/effect/dist/internal
stream.js,2026-09-06 17:28:05 +0000,2026-09-06 17:28:05 +0000,,Javascript,488 bytes,1,/Users/pq/aikagan-web/.opencode/node_modules/effect/dist/internal/stream.js,internal,/Users/pq/aikagan-web/.opencode/node_modules/effect/dist/internal
stream.js.map,2026-09-06 17:28:06 +0000,2026-09-06 17:28:06 +0000,,,743 bytes,1,/Users/pq/aikagan-web/.opencode/node_modules/effect/dist/internal/stream.js.map,internal,/Users/pq/aikagan-web/.opencode/node_modules/effect/dist/internal
tracer.d.ts,2026-09-06 17:28:08 +0000,2026-09-06 17:28:08 +0000,,Mpeg-2 Transport Stream,124 bytes,1,/Users/pq/aikagan-web/.opencode/node_modules/effect/dist/internal/tracer.d.ts,internal,/Users/pq/aikagan-web/.opencode/node_modules/effect/dist/internal
tracer.d.ts.map,2026-09-06 17:28:07 +0000,2026-09-06 17:28:07 +0000,,,186 bytes,1,/Users/pq/aikagan-web/.opencode/node_modules/effect/dist/internal/tracer.d.ts.map,internal,/Users/pq/aikagan-web/.opencode/node_modules/effect/dist/internal
tracer.js,2026-09-06 17:28:05 +0000,2026-09-06 17:28:05 +0000,,Javascript,921 bytes,1,/Users/pq/aikagan-web/.opencode/node_modules/effect/dist/internal/tracer.js,internal,/Users/pq/aikagan-web/.opencode/node_modules/effect/dist/internal
tracer.js.map,2026-09-06 17:28:07 +0000,2026-09-06 17:28:07 +0000,,,1 KB,1,/Users/pq/aikagan-web/.opencode/node_modules/effect/dist/internal/tracer.js.map,internal,/Users/pq/aikagan-web/.opencode/node_modules/effect/dist/internal
trie.d.ts,2026-09-06 17:28:08 +0000,2026-09-06 17:28:08 +0000,,Mpeg-2 Transport Stream,45 bytes,1,/Users/pq/aikagan-web/.opencode/node_modules/effect/dist/internal/trie.d.ts,internal,/Users/pq/aikagan-web/.opencode/node_modules/effect/dist/internal
trie.d.ts.map,2026-09-06 17:28:07 +0000,2026-09-06 17:28:07 +0000,,,114 bytes,1,/Users/pq/aikagan-web/.opencode/node_modules/effect/dist/internal/trie.d.ts.map,internal,/Users/pq/aikagan-web/.opencode/node_modules/effect/dist/internal
trie.js,2026-09-06 17:28:05 +0000,2026-09-06 17:28:05 +0000,,Javascript,14 KB,1,/Users/pq/aikagan-web/.opencode/node_modules/effect/dist/internal/trie.js,internal,/Users/pq/aikagan-web/.opencode/node_modules/effect/dist/internal
trie.js.map,2026-09-06 17:28:07 +0000,2026-09-06 17:28:07 +0000,,,20 KB,1,/Users/pq/aikagan-web/.opencode/node_modules/effect/dist/internal/trie.js.map,internal,/Users/pq/aikagan-web/.opencode/node_modules/effect/dist/internal
version.d.ts,2026-09-06 17:28:08 +0000,2026-09-06 17:28:08 +0000,,Mpeg-2 Transport Stream,105 bytes,1,/Users/pq/aikagan-web/.opencode/node_modules/effect/dist/internal/version.d.ts,internal,/Users/pq/aikagan-web/.opencode/node_modules/effect/dist/internal
version.d.ts.map,2026-09-06 17:28:07 +0000,2026-09-06 17:28:07 +0000,,,190 bytes,1,/Users/pq/aikagan-web/.opencode/node_modules/effect/dist/internal/version.d.ts.map,internal,/Users/pq/aikagan-web/.opencode/node_modules/effect/dist/internal
version.js,2026-09-06 17:28:05 +0000,2026-09-06 17:28:05 +0000,,Javascript,65 bytes,1,/Users/pq/aikagan-web/.opencode/node_modules/effect/dist/internal/version.js,internal,/Users/pq/aikagan-web/.opencode/node_modules/effect/dist/internal
version.js.map,2026-09-06 17:28:07 +0000,2026-09-06 17:28:07 +0000,,,181 bytes,1,/Users/pq/aikagan-web/.opencode/node_modules/effect/dist/internal/version.js.map,internal,/Users/pq/aikagan-web/.opencode/node_modules/effect/dist/internal
schema,2026-09-06 17:28:08 +0000,2026-09-06 17:28:04 +0000,,Folder,20 bytes,0,/Users/pq/aikagan-web/.opencode/node_modules/effect/dist/internal/schema,internal,/Users/pq/aikagan-web/.opencode/node_modules/effect/dist/internal/schema
annotations.d.ts,2026-09-06 17:28:07 +0000,2026-09-06 17:28:07 +0000,,Mpeg-2 Transport Stream,52 bytes,1,/Users/pq/aikagan-web/.opencode/node_modules/effect/dist/internal/schema/annotations.d.ts,schema,/Users/pq/aikagan-web/.opencode/node_modules/effect/dist/internal/schema
annotations.d.ts.map,2026-09-06 17:28:05 +0000,2026-09-06 17:28:05 +0000,,,138 bytes,1,/Users/pq/aikagan-web/.opencode/node_modules/effect/dist/internal/schema/annotations.d.ts.map,schema,/Users/pq/aikagan-web/.opencode/node_modules/effect/dist/internal/schema
annotations.js,2026-09-06 17:28:04 +0000,2026-09-06 17:28:04 +0000,,Javascript,1 KB,1,/Users/pq/aikagan-web/.opencode/node_modules/effect/dist/internal/schema/annotations.js,schema,/Users/pq/aikagan-web/.opencode/node_modules/effect/dist/internal/schema
annotations.js.map,2026-09-06 17:28:05 +0000,2026-09-06 17:28:05 +0000,,,1 KB,1,/Users/pq/aikagan-web/.opencode/node_modules/effect/dist/internal/schema/annotations.js.map,schema,/Users/pq/aikagan-web/.opencode/node_modules/effect/dist/internal/schema
arbitrary.d.ts,2026-09-06 17:28:07 +0000,2026-09-06 17:28:07 +0000,,Mpeg-2 Transport Stream,50 bytes,1,/Users/pq/aikagan-web/.opencode/node_modules/effect/dist/internal/schema/arbitrary.d.ts,schema,/Users/pq/aikagan-web/.opencode/node_modules/effect/dist/internal/schema
arbitrary.d.ts.map,2026-09-06 17:28:05 +0000,2026-09-06 17:28:05 +0000,,,134 bytes,1,/Users/pq/aikagan-web/.opencode/node_modules/effect/dist/internal/schema/arbitrary.d.ts.map,schema,/Users/pq/aikagan-web/.opencode/node_modules/effect/dist/internal/schema
arbitrary.js,2026-09-06 17:28:04 +0000,2026-09-06 17:28:04 +0000,,Javascript,9 KB,1,/Users/pq/aikagan-web/.opencode/node_modules/effect/dist/internal/schema/arbitrary.js,schema,/Users/pq/aikagan-web/.opencode/node_modules/effect/dist/internal/schema
arbitrary.js.map,2026-09-06 17:28:05 +0000,2026-09-06 17:28:05 +0000,,,13 KB,1,/Users/pq/aikagan-web/.opencode/node_modules/effect/dist/internal/schema/arbitrary.js.map,schema,/Users/pq/aikagan-web/.opencode/node_modules/effect/dist/internal/schema
equivalence.d.ts,2026-09-06 17:28:07 +0000,2026-09-06 17:28:07 +0000,,Mpeg-2 Transport Stream,52 bytes,1,/Users/pq/aikagan-web/.opencode/node_modules/effect/dist/internal/schema/equivalence.d.ts,schema,/Users/pq/aikagan-web/.opencode/node_modules/effect/dist/internal/schema
equivalence.d.ts.map,2026-09-06 17:28:05 +0000,2026-09-06 17:28:05 +0000,,,138 bytes,1,/Users/pq/aikagan-web/.opencode/node_modules/effect/dist/internal/schema/equivalence.d.ts.map,schema,/Users/pq/aikagan-web/.opencode/node_modules/effect/dist/internal/schema
equivalence.js,2026-09-06 17:28:04 +0000,2026-09-06 17:28:04 +0000,,Javascript,5 KB,1,/Users/pq/aikagan-web/.opencode/node_modules/effect/dist/internal/schema/equivalence.js,schema,/Users/pq/aikagan-web/.opencode/node_modules/effect/dist/internal/schema
equivalence.js.map,2026-09-06 17:28:05 +0000,2026-09-06 17:28:05 +0000,,,6 KB,1,/Users/pq/aikagan-web/.opencode/node_modules/effect/dist/internal/schema/equivalence.js.map,schema,/Users/pq/aikagan-web/.opencode/node_modules/effect/dist/internal/schema
representation.d.ts,2026-09-06 17:28:08 +0000,2026-09-06 17:28:08 +0000,,Mpeg-2 Transport Stream,55 bytes,1,/Users/pq/aikagan-web/.opencode/node_modules/effect/dist/internal/schema/representation.d.ts,schema,/Users/pq/aikagan-web/.opencode/node_modules/effect/dist/internal/schema
representation.d.ts.map,2026-09-06 17:28:05 +0000,2026-09-06 17:28:05 +0000,,,144 bytes,1,/Users/pq/aikagan-web/.opencode/node_modules/effect/dist/internal/schema/representation.d.ts.map,schema,/Users/pq/aikagan-web/.opencode/node_modules/effect/dist/internal/schema
representation.js,2026-09-06 17:28:05 +0000,2026-09-06 17:28:05 +0000,,Javascript,26 KB,1,/Users/pq/aikagan-web/.opencode/node_modules/effect/dist/internal/schema/representation.js,schema,/Users/pq/aikagan-web/.opencode/node_modules/effect/dist/internal/schema
representation.js.map,2026-09-06 17:28:05 +0000,2026-09-06 17:28:05 +0000,,,26 KB,1,/Users/pq/aikagan-web/.opencode/node_modules/effect/dist/internal/schema/representation.js.map,schema,/Users/pq/aikagan-web/.opencode/node_modules/effect/dist/internal/schema
schema.d.ts,2026-09-06 17:28:08 +0000,2026-09-06 17:28:08 +0000,,Mpeg-2 Transport Stream,360 bytes,1,/Users/pq/aikagan-web/.opencode/node_modules/effect/dist/internal/schema/schema.d.ts,schema,/Users/pq/aikagan-web/.opencode/node_modules/effect/dist/internal/schema
schema.d.ts.map,2026-09-06 17:28:05 +0000,2026-09-06 17:28:05 +0000,,,390 bytes,1,/Users/pq/aikagan-web/.opencode/node_modules/effect/dist/internal/schema/schema.d.ts.map,schema,/Users/pq/aikagan-web/.opencode/node_modules/effect/dist/internal/schema
schema.js,2026-09-06 17:28:05 +0000,2026-09-06 17:28:05 +0000,,Javascript,3 KB,1,/Users/pq/aikagan-web/.opencode/node_modules/effect/dist/internal/schema/schema.js,schema,/Users/pq/aikagan-web/.opencode/node_modules/effect/dist/internal/schema
schema.js.map,2026-09-06 17:28:05 +0000,2026-09-06 17:28:05 +0000,,,3 KB,1,/Users/pq/aikagan-web/.opencode/node_modules/effect/dist/internal/schema/schema.js.map,schema,/Users/pq/aikagan-web/.opencode/node_modules/effect/dist/internal/schema
testing,2026-09-06 17:28:08 +0000,2026-09-06 17:28:04 +0000,,Folder,20 bytes,0,/Users/pq/aikagan-web/.opencode/node_modules/effect/dist/testing,dist,/Users/pq/aikagan-web/.opencode/node_modules/effect/dist/testing
FastCheck.d.ts,2026-09-06 17:28:07 +0000,2026-09-06 17:28:07 +0000,,Mpeg-2 Transport Stream,3 KB,1,/Users/pq/aikagan-web/.opencode/node_modules/effect/dist/testing/FastCheck.d.ts,testing,/Users/pq/aikagan-web/.opencode/node_modules/effect/dist/testing
FastCheck.d.ts.map,2026-09-06 17:28:05 +0000,2026-09-06 17:28:05 +0000,,,247 bytes,1,/Users/pq/aikagan-web/.opencode/node_modules/effect/dist/testing/FastCheck.d.ts.map,testing,/Users/pq/aikagan-web/.opencode/node_modules/effect/dist/testing
FastCheck.js,2026-09-06 17:28:04 +0000,2026-09-06 17:28:04 +0000,,Javascript,3 KB,1,/Users/pq/aikagan-web/.opencode/node_modules/effect/dist/testing/FastCheck.js,testing,/Users/pq/aikagan-web/.opencode/node_modules/effect/dist/testing
FastCheck.js.map,2026-09-06 17:28:05 +0000,2026-09-06 17:28:05 +0000,,,256 bytes,1,/Users/pq/aikagan-web/.opencode/node_modules/effect/dist/testing/FastCheck.js.map,testing,/Users/pq/aikagan-web/.opencode/node_modules/effect/dist/testing
TestClock.d.ts,2026-09-06 17:28:08 +0000,2026-09-06 17:28:08 +0000,,Mpeg-2 Transport Stream,11 KB,1,/Users/pq/aikagan-web/.opencode/node_modules/effect/dist/testing/TestClock.d.ts,testing,/Users/pq/aikagan-web/.opencode/node_modules/effect/dist/testing
TestClock.d.ts.map,2026-09-06 17:28:07 +0000,2026-09-06 17:28:07 +0000,,,2 KB,1,/Users/pq/aikagan-web/.opencode/node_modules/effect/dist/testing/TestClock.d.ts.map,testing,/Users/pq/aikagan-web/.opencode/node_modules/effect/dist/testing
TestClock.js,2026-09-06 17:28:05 +0000,2026-09-06 17:28:05 +0000,,Javascript,11 KB,1,/Users/pq/aikagan-web/.opencode/node_modules/effect/dist/testing/TestClock.js,testing,/Users/pq/aikagan-web/.opencode/node_modules/effect/dist/testing
TestClock.js.map,2026-09-06 17:28:07 +0000,2026-09-06 17:28:07 +0000,,,6 KB,1,/Users/pq/aikagan-web/.opencode/node_modules/effect/dist/testing/TestClock.js.map,testing,/Users/pq/aikagan-web/.opencode/node_modules/effect/dist/testing
TestConsole.d.ts,2026-09-06 17:28:08 +0000,2026-09-06 17:28:08 +0000,,Mpeg-2 Transport Stream,9 KB,1,/Users/pq/aikagan-web/.opencode/node_modules/effect/dist/testing/TestConsole.d.ts,testing,/Users/pq/aikagan-web/.opencode/node_modules/effect/dist/testing
TestConsole.d.ts.map,2026-09-06 17:28:07 +0000,2026-09-06 17:28:07 +0000,,,1 KB,1,/Users/pq/aikagan-web/.opencode/node_modules/effect/dist/testing/TestConsole.d.ts.map,testing,/Users/pq/aikagan-web/.opencode/node_modules/effect/dist/testing
TestConsole.js,2026-09-06 17:28:05 +0000,2026-09-06 17:28:05 +0000,,Javascript,9 KB,1,/Users/pq/aikagan-web/.opencode/node_modules/effect/dist/testing/TestConsole.js,testing,/Users/pq/aikagan-web/.opencode/node_modules/effect/dist/testing
TestConsole.js.map,2026-09-06 17:28:07 +0000,2026-09-06 17:28:07 +0000,,,3 KB,1,/Users/pq/aikagan-web/.opencode/node_modules/effect/dist/testing/TestConsole.js.map,testing,/Users/pq/aikagan-web/.opencode/node_modules/effect/dist/testing
TestSchema.d.ts,2026-09-06 17:28:08 +0000,2026-09-06 17:28:08 +0000,,Mpeg-2 Transport Stream,15 KB,1,/Users/pq/aikagan-web/.opencode/node_modules/effect/dist/testing/TestSchema.d.ts,testing,/Users/pq/aikagan-web/.opencode/node_modules/effect/dist/testing
TestSchema.d.ts.map,2026-09-06 17:28:07 +0000,2026-09-06 17:28:07 +0000,,,4 KB,1,/Users/pq/aikagan-web/.opencode/node_modules/effect/dist/testing/TestSchema.d.ts.map,testing,/Users/pq/aikagan-web/.opencode/node_modules/effect/dist/testing
TestSchema.js,2026-09-06 17:28:05 +0000,2026-09-06 17:28:05 +0000,,Javascript,17 KB,1,/Users/pq/aikagan-web/.opencode/node_modules/effect/dist/testing/TestSchema.js,testing,/Users/pq/aikagan-web/.opencode/node_modules/effect/dist/testing
TestSchema.js.map,2026-09-06 17:28:07 +0000,2026-09-06 17:28:07 +0000,,,7 KB,1,/Users/pq/aikagan-web/.opencode/node_modules/effect/dist/testing/TestSchema.js.map,testing,/Users/pq/aikagan-web/.opencode/node_modules/effect/dist/testing
index.d.ts,2026-09-06 17:28:07 +0000,2026-09-06 17:28:07 +0000,,Mpeg-2 Transport Stream,342 bytes,1,/Users/pq/aikagan-web/.opencode/node_modules/effect/dist/testing/index.d.ts,testing,/Users/pq/aikagan-web/.opencode/node_modules/effect/dist/testing
index.d.ts.map,2026-09-06 17:28:05 +0000,2026-09-06 17:28:05 +0000,,,320 bytes,1,/Users/pq/aikagan-web/.opencode/node_modules/effect/dist/testing/index.d.ts.map,testing,/Users/pq/aikagan-web/.opencode/node_modules/effect/dist/testing
index.js,2026-09-06 17:28:04 +0000,2026-09-06 17:28:04 +0000,,Javascript,398 bytes,1,/Users/pq/aikagan-web/.opencode/node_modules/effect/dist/testing/index.js,testing,/Users/pq/aikagan-web/.opencode/node_modules/effect/dist/testing
index.js.map,2026-09-06 17:28:05 +0000,2026-09-06 17:28:05 +0000,,,361 bytes,1,/Users/pq/aikagan-web/.opencode/node_modules/effect/dist/testing/index.js.map,testing,/Users/pq/aikagan-web/.opencode/node_modules/effect/dist/testing
unstable,2026-09-06 17:28:04 +0000,2026-09-06 17:28:04 +0000,,Folder,18 bytes,0,/Users/pq/aikagan-web/.opencode/node_modules/effect/dist/unstable,dist,/Users/pq/aikagan-web/.opencode/node_modules/effect/dist/unstable
ai,2026-09-06 17:28:08 +0000,2026-09-06 17:28:04 +0000,,Folder,73 bytes,0,/Users/pq/aikagan-web/.opencode/node_modules/effect/dist/unstable/ai,unstable,/Users/pq/aikagan-web/.opencode/node_modules/effect/dist/unstable/ai
AiError.d.ts,2026-09-06 17:28:07 +0000,2026-09-06 17:28:07 +0000,,Mpeg-2 Transport Stream,52 KB,1,/Users/pq/aikagan-web/.opencode/node_modules/effect/dist/unstable/ai/AiError.d.ts,ai,/Users/pq/aikagan-web/.opencode/node_modules/effect/dist/unstable/ai
AiError.d.ts.map,2026-09-06 17:28:05 +0000,2026-09-06 17:28:05 +0000,,,7 KB,1,/Users/pq/aikagan-web/.opencode/node_modules/effect/dist/unstable/ai/AiError.d.ts.map,ai,/Users/pq/aikagan-web/.opencode/node_modules/effect/dist/unstable/ai
AiError.js,2026-09-06 17:28:04 +0000,2026-09-06 17:28:04 +0000,,Javascript,41 KB,1,/Users/pq/aikagan-web/.opencode/node_modules/effect/dist/unstable/ai/AiError.js,ai,/Users/pq/aikagan-web/.opencode/node_modules/effect/dist/unstable/ai
AiError.js.map,2026-09-06 17:28:05 +0000,2026-09-06 17:28:05 +0000,,,16 KB,1,/Users/pq/aikagan-web/.opencode/node_modules/effect/dist/unstable/ai/AiError.js.map,ai,/Users/pq/aikagan-web/.opencode/node_modules/effect/dist/unstable/ai
AnthropicStructuredOutput.d.ts,2026-09-06 17:28:07 +0000,2026-09-06 17:28:07 +0000,,Mpeg-2 Transport Stream,2 KB,1,/Users/pq/aikagan-web/.opencode/node_modules/effect/dist/unstable/ai/AnthropicStructuredOutput.d.ts,ai,/Users/pq/aikagan-web/.opencode/node_modules/effect/dist/unstable/ai
AnthropicStructuredOutput.d.ts.map,2026-09-06 17:28:05 +0000,2026-09-06 17:28:05 +0000,,,569 bytes,1,/Users/pq/aikagan-web/.opencode/node_modules/effect/dist/unstable/ai/AnthropicStructuredOutput.d.ts.map,ai,/Users/pq/aikagan-web/.opencode/node_modules/effect/dist/unstable/ai
AnthropicStructuredOutput.js,2026-09-06 17:28:04 +0000,2026-09-06 17:28:04 +0000,,Javascript,15 KB,1,/Users/pq/aikagan-web/.opencode/node_modules/effect/dist/unstable/ai/AnthropicStructuredOutput.js,ai,/Users/pq/aikagan-web/.opencode/node_modules/effect/dist/unstable/ai
AnthropicStructuredOutput.js.map,2026-09-06 17:28:05 +0000,2026-09-06 17:28:05 +0000,,,12 KB,1,/Users/pq/aikagan-web/.opencode/node_modules/effect/dist/unstable/ai/AnthropicStructuredOutput.js.map,ai,/Users/pq/aikagan-web/.opencode/node_modules/effect/dist/unstable/ai
Chat.d.ts,2026-09-06 17:28:07 +0000,2026-09-06 17:28:07 +0000,,Mpeg-2 Transport Stream,20 KB,1,/Users/pq/aikagan-web/.opencode/node_modules/effect/dist/unstable/ai/Chat.d.ts,ai,/Users/pq/aikagan-web/.opencode/node_modules/effect/dist/unstable/ai
Chat.d.ts.map,2026-09-06 17:28:05 +0000,2026-09-06 17:28:05 +0000,,,6 KB,1,/Users/pq/aikagan-web/.opencode/node_modules/effect/dist/unstable/ai/Chat.d.ts.map,ai,/Users/pq/aikagan-web/.opencode/node_modules/effect/dist/unstable/ai
Chat.js,2026-09-06 17:28:04 +0000,2026-09-06 17:28:04 +0000,,Javascript,19 KB,1,/Users/pq/aikagan-web/.opencode/node_modules/effect/dist/unstable/ai/Chat.js,ai,/Users/pq/aikagan-web/.opencode/node_modules/effect/dist/unstable/ai
Chat.js.map,2026-09-06 17:28:05 +0000,2026-09-06 17:28:05 +0000,,,12 KB,1,/Users/pq/aikagan-web/.opencode/node_modules/effect/dist/unstable/ai/Chat.js.map,ai,/Users/pq/aikagan-web/.opencode/node_modules/effect/dist/unstable/ai
EmbeddingModel.d.ts,2026-09-06 17:28:07 +0000,2026-09-06 17:28:07 +0000,,Mpeg-2 Transport Stream,8 KB,1,/Users/pq/aikagan-web/.opencode/node_modules/effect/dist/unstable/ai/EmbeddingModel.d.ts,ai,/Users/pq/aikagan-web/.opencode/node_modules/effect/dist/unstable/ai
EmbeddingModel.d.ts.map,2026-09-06 17:28:05 +0000,2026-09-06 17:28:05 +0000,,,2 KB,1,/Users/pq/aikagan-web/.opencode/node_modules/effect/dist/unstable/ai/EmbeddingModel.d.ts.map,ai,/Users/pq/aikagan-web/.opencode/node_modules/effect/dist/unstable/ai
EmbeddingModel.js,2026-09-06 17:28:04 +0000,2026-09-06 17:28:04 +0000,,Javascript,8 KB,1,/Users/pq/aikagan-web/.opencode/node_modules/effect/dist/unstable/ai/EmbeddingModel.js,ai,/Users/pq/aikagan-web/.opencode/node_modules/effect/dist/unstable/ai
EmbeddingModel.js.map,2026-09-06 17:28:05 +0000,2026-09-06 17:28:05 +0000,,,4 KB,1,/Users/pq/aikagan-web/.opencode/node_modules/effect/dist/unstable/ai/EmbeddingModel.js.map,ai,/Users/pq/aikagan-web/.opencode/node_modules/effect/dist/unstable/ai
IdGenerator.d.ts,2026-09-06 17:28:07 +0000,2026-09-06 17:28:07 +0000,,Mpeg-2 Transport Stream,8 KB,1,/Users/pq/aikagan-web/.opencode/node_modules/effect/dist/unstable/ai/IdGenerator.d.ts,ai,/Users/pq/aikagan-web/.opencode/node_modules/effect/dist/unstable/ai
IdGenerator.d.ts.map,2026-09-06 17:28:05 +0000,2026-09-06 17:28:05 +0000,,,1 KB,1,/Users/pq/aikagan-web/.opencode/node_modules/effect/dist/unstable/ai/IdGenerator.d.ts.map,ai,/Users/pq/aikagan-web/.opencode/node_modules/effect/dist/unstable/ai
IdGenerator.js,2026-09-06 17:28:04 +0000,2026-09-06 17:28:04 +0000,,Javascript,7 KB,1,/Users/pq/aikagan-web/.opencode/node_modules/effect/dist/unstable/ai/IdGenerator.js,ai,/Users/pq/aikagan-web/.opencode/node_modules/effect/dist/unstable/ai
IdGenerator.js.map,2026-09-06 17:28:05 +0000,2026-09-06 17:28:05 +0000,,,2 KB,1,/Users/pq/aikagan-web/.opencode/node_modules/effect/dist/unstable/ai/IdGenerator.js.map,ai,/Users/pq/aikagan-web/.opencode/node_modules/effect/dist/unstable/ai
LanguageModel.d.ts,2026-09-06 17:28:07 +0000,2026-09-06 17:28:07 +0000,,Mpeg-2 Transport Stream,25 KB,1,/Users/pq/aikagan-web/.opencode/node_modules/effect/dist/unstable/ai/LanguageModel.d.ts,ai,/Users/pq/aikagan-web/.opencode/node_modules/effect/dist/unstable/ai
LanguageModel.d.ts.map,2026-09-06 17:28:05 +0000,2026-09-06 17:28:05 +0000,,,12 KB,1,/Users/pq/aikagan-web/.opencode/node_modules/effect/dist/unstable/ai/LanguageModel.d.ts.map,ai,/Users/pq/aikagan-web/.opencode/node_modules/effect/dist/unstable/ai
LanguageModel.js,2026-09-06 17:28:04 +0000,2026-09-06 17:28:04 +0000,,Javascript,44 KB,1,/Users/pq/aikagan-web/.opencode/node_modules/effect/dist/unstable/ai/LanguageModel.js,ai,/Users/pq/aikagan-web/.opencode/node_modules/effect/dist/unstable/ai
LanguageModel.js.map,2026-09-06 17:28:05 +0000,2026-09-06 17:28:05 +0000,,,38 KB,1,/Users/pq/aikagan-web/.opencode/node_modules/effect/dist/unstable/ai/LanguageModel.js.map,ai,/Users/pq/aikagan-web/.opencode/node_modules/effect/dist/unstable/ai
McpSchema.d.ts,2026-09-06 17:28:07 +0000,2026-09-06 17:28:07 +0000,,Mpeg-2 Transport Stream,160 KB,1,/Users/pq/aikagan-web/.opencode/node_modules/effect/dist/unstable/ai/McpSchema.d.ts,ai,/Users/pq/aikagan-web/.opencode/node_modules/effect/dist/unstable/ai
McpSchema.d.ts.map,2026-09-06 17:28:05 +0000,2026-09-06 17:28:05 +0000,,,15 KB,1,/Users/pq/aikagan-web/.opencode/node_modules/effect/dist/unstable/ai/McpSchema.d.ts.map,ai,/Users/pq/aikagan-web/.opencode/node_modules/effect/dist/unstable/ai
McpSchema.js,2026-09-06 17:28:04 +0000,2026-09-06 17:28:04 +0000,,Javascript,64 KB,1,/Users/pq/aikagan-web/.opencode/node_modules/effect/dist/unstable/ai/McpSchema.js,ai,/Users/pq/aikagan-web/.opencode/node_modules/effect/dist/unstable/ai
McpSchema.js.map,2026-09-06 17:28:05 +0000,2026-09-06 17:28:05 +0000,,,28 KB,1,/Users/pq/aikagan-web/.opencode/node_modules/effect/dist/unstable/ai/McpSchema.js.map,ai,/Users/pq/aikagan-web/.opencode/node_modules/effect/dist/unstable/ai
McpServer.d.ts,2026-09-06 17:28:07 +0000,2026-09-06 17:28:07 +0000,,Mpeg-2 Transport Stream,22 KB,1,/Users/pq/aikagan-web/.opencode/node_modules/effect/dist/unstable/ai/McpServer.d.ts,ai,/Users/pq/aikagan-web/.opencode/node_modules/effect/dist/unstable/ai
McpServer.d.ts.map,2026-09-06 17:28:05 +0000,2026-09-06 17:28:05 +0000,,,15 KB,1,/Users/pq/aikagan-web/.opencode/node_modules/effect/dist/unstable/ai/McpServer.d.ts.map,ai,/Users/pq/aikagan-web/.opencode/node_modules/effect/dist/unstable/ai
McpServer.js,2026-09-06 17:28:04 +0000,2026-09-06 17:28:04 +0000,,Javascript,35 KB,1,/Users/pq/aikagan-web/.opencode/node_modules/effect/dist/unstable/ai/McpServer.js,ai,/Users/pq/aikagan-web/.opencode/node_modules/effect/dist/unstable/ai
McpServer.js.map,2026-09-06 17:28:05 +0000,2026-09-06 17:28:05 +0000,,,34 KB,1,/Users/pq/aikagan-web/.opencode/node_modules/effect/dist/unstable/ai/McpServer.js.map,ai,/Users/pq/aikagan-web/.opencode/node_modules/effect/dist/unstable/ai
Model.d.ts,2026-09-06 17:28:07 +0000,2026-09-06 17:28:07 +0000,,Mpeg-2 Transport Stream,6 KB,1,/Users/pq/aikagan-web/.opencode/node_modules/effect/dist/unstable/ai/Model.d.ts,ai,/Users/pq/aikagan-web/.opencode/node_modules/effect/dist/unstable/ai
Model.d.ts.map,2026-09-06 17:28:05 +0000,2026-09-06 17:28:05 +0000,,,1 KB,1,/Users/pq/aikagan-web/.opencode/node_modules/effect/dist/unstable/ai/Model.d.ts.map,ai,/Users/pq/aikagan-web/.opencode/node_modules/effect/dist/unstable/ai
Model.js,2026-09-06 17:28:04 +0000,2026-09-06 17:28:04 +0000,,Javascript,5 KB,1,/Users/pq/aikagan-web/.opencode/node_modules/effect/dist/unstable/ai/Model.js,ai,/Users/pq/aikagan-web/.opencode/node_modules/effect/dist/unstable/ai
Model.js.map,2026-09-06 17:28:05 +0000,2026-09-06 17:28:05 +0000,,,2 KB,1,/Users/pq/aikagan-web/.opencode/node_modules/effect/dist/unstable/ai/Model.js.map,ai,/Users/pq/aikagan-web/.opencode/node_modules/effect/dist/unstable/ai
OpenAiStructuredOutput.d.ts,2026-09-06 17:28:07 +0000,2026-09-06 17:28:07 +0000,,Mpeg-2 Transport Stream,2 KB,1,/Users/pq/aikagan-web/.opencode/node_modules/effect/dist/unstable/ai/OpenAiStructuredOutput.d.ts,ai,/Users/pq/aikagan-web/.opencode/node_modules/effect/dist/unstable/ai
OpenAiStructuredOutput.d.ts.map,2026-09-06 17:28:05 +0000,2026-09-06 17:28:05 +0000,,,535 bytes,1,/Users/pq/aikagan-web/.opencode/node_modules/effect/dist/unstable/ai/OpenAiStructuredOutput.d.ts.map,ai,/Users/pq/aikagan-web/.opencode/node_modules/effect/dist/unstable/ai
OpenAiStructuredOutput.js,2026-09-06 17:28:04 +0000,2026-09-06 17:28:04 +0000,,Javascript,17 KB,1,/Users/pq/aikagan-web/.opencode/node_modules/effect/dist/unstable/ai/OpenAiStructuredOutput.js,ai,/Users/pq/aikagan-web/.opencode/node_modules/effect/dist/unstable/ai
OpenAiStructuredOutput.js.map,2026-09-06 17:28:05 +0000,2026-09-06 17:28:05 +0000,,,15 KB,1,/Users/pq/aikagan-web/.opencode/node_modules/effect/dist/unstable/ai/OpenAiStructuredOutput.js.map,ai,/Users/pq/aikagan-web/.opencode/node_modules/effect/dist/unstable/ai
Prompt.d.ts,2026-09-06 17:28:07 +0000,2026-09-06 17:28:07 +0000,,Mpeg-2 Transport Stream,52 KB,1,/Users/pq/aikagan-web/.opencode/node_modules/effect/dist/unstable/ai/Prompt.d.ts,ai,/Users/pq/aikagan-web/.opencode/node_modules/effect/dist/unstable/ai
Prompt.d.ts.map,2026-09-06 17:28:05 +0000,2026-09-06 17:28:05 +0000,,,20 KB,1,/Users/pq/aikagan-web/.opencode/node_modules/effect/dist/unstable/ai/Prompt.d.ts.map,ai,/Users/pq/aikagan-web/.opencode/node_modules/effect/dist/unstable/ai
Prompt.js,2026-09-06 17:28:04 +0000,2026-09-06 17:28:04 +0000,,Javascript,25 KB,1,/Users/pq/aikagan-web/.opencode/node_modules/effect/dist/unstable/ai/Prompt.js,ai,/Users/pq/aikagan-web/.opencode/node_modules/effect/dist/unstable/ai
Prompt.js.map,2026-09-06 17:28:05 +0000,2026-09-06 17:28:05 +0000,,,16 KB,1,/Users/pq/aikagan-web/.opencode/node_modules/effect/dist/unstable/ai/Prompt.js.map,ai,/Users/pq/aikagan-web/.opencode/node_modules/effect/dist/unstable/ai
Response.d.ts,2026-09-06 17:28:08 +0000,2026-09-06 17:28:08 +0000,,Mpeg-2 Transport Stream,60 KB,1,/Users/pq/aikagan-web/.opencode/node_modules/effect/dist/unstable/ai/Response.d.ts,ai,/Users/pq/aikagan-web/.opencode/node_modules/effect/dist/unstable/ai
Response.d.ts.map,2026-09-06 17:28:05 +0000,2026-09-06 17:28:05 +0000,,,28 KB,1,/Users/pq/aikagan-web/.opencode/node_modules/effect/dist/unstable/ai/Response.d.ts.map,ai,/Users/pq/aikagan-web/.opencode/node_modules/effect/dist/unstable/ai
Response.js,2026-09-06 17:28:05 +0000,2026-09-06 17:28:05 +0000,,Javascript,19 KB,1,/Users/pq/aikagan-web/.opencode/node_modules/effect/dist/unstable/ai/Response.js,ai,/Users/pq/aikagan-web/.opencode/node_modules/effect/dist/unstable/ai
Response.js.map,2026-09-06 17:28:05 +0000,2026-09-06 17:28:05 +0000,,,14 KB,1,/Users/pq/aikagan-web/.opencode/node_modules/effect/dist/unstable/ai/Response.js.map,ai,/Users/pq/aikagan-web/.opencode/node_modules/effect/dist/unstable/ai
ResponseIdTracker.d.ts,2026-09-06 17:28:08 +0000,2026-09-06 17:28:08 +0000,,Mpeg-2 Transport Stream,4 KB,1,/Users/pq/aikagan-web/.opencode/node_modules/effect/dist/unstable/ai/ResponseIdTracker.d.ts,ai,/Users/pq/aikagan-web/.opencode/node_modules/effect/dist/unstable/ai
ResponseIdTracker.d.ts.map,2026-09-06 17:28:05 +0000,2026-09-06 17:28:05 +0000,,,847 bytes,1,/Users/pq/aikagan-web/.opencode/node_modules/effect/dist/unstable/ai/ResponseIdTracker.d.ts.map,ai,/Users/pq/aikagan-web/.opencode/node_modules/effect/dist/unstable/ai
ResponseIdTracker.js,2026-09-06 17:28:05 +0000,2026-09-06 17:28:05 +0000,,Javascript,4 KB,1,/Users/pq/aikagan-web/.opencode/node_modules/effect/dist/unstable/ai/ResponseIdTracker.js,ai,/Users/pq/aikagan-web/.opencode/node_modules/effect/dist/unstable/ai
ResponseIdTracker.js.map,2026-09-06 17:28:05 +0000,2026-09-06 17:28:05 +0000,,,2 KB,1,/Users/pq/aikagan-web/.opencode/node_modules/effect/dist/unstable/ai/ResponseIdTracker.js.map,ai,/Users/pq/aikagan-web/.opencode/node_modules/effect/dist/unstable/ai
Telemetry.d.ts,2026-09-06 17:28:08 +0000,2026-09-06 17:28:08 +0000,,Mpeg-2 Transport Stream,16 KB,1,/Users/pq/aikagan-web/.opencode/node_modules/effect/dist/unstable/ai/Telemetry.d.ts,ai,/Users/pq/aikagan-web/.opencode/node_modules/effect/dist/unstable/ai
Telemetry.d.ts.map,2026-09-06 17:28:07 +0000,2026-09-06 17:28:07 +0000,,,4 KB,1,/Users/pq/aikagan-web/.opencode/node_modules/effect/dist/unstable/ai/Telemetry.d.ts.map,ai,/Users/pq/aikagan-web/.opencode/node_modules/effect/dist/unstable/ai
Telemetry.js,2026-09-06 17:28:05 +0000,2026-09-06 17:28:05 +0000,,Javascript,6 KB,1,/Users/pq/aikagan-web/.opencode/node_modules/effect/dist/unstable/ai/Telemetry.js,ai,/Users/pq/aikagan-web/.opencode/node_modules/effect/dist/unstable/ai
Telemetry.js.map,2026-09-06 17:28:07 +0000,2026-09-06 17:28:07 +0000,,,2 KB,1,/Users/pq/aikagan-web/.opencode/node_modules/effect/dist/unstable/ai/Telemetry.js.map,ai,/Users/pq/aikagan-web/.opencode/node_modules/effect/dist/unstable/ai
Tokenizer.d.ts,2026-09-06 17:28:08 +0000,2026-09-06 17:28:08 +0000,,Mpeg-2 Transport Stream,5 KB,1,/Users/pq/aikagan-web/.opencode/node_modules/effect/dist/unstable/ai/Tokenizer.d.ts,ai,/Users/pq/aikagan-web/.opencode/node_modules/effect/dist/unstable/ai
Tokenizer.d.ts.map,2026-09-06 17:28:07 +0000,2026-09-06 17:28:07 +0000,,,1 KB,1,/Users/pq/aikagan-web/.opencode/node_modules/effect/dist/unstable/ai/Tokenizer.d.ts.map,ai,/Users/pq/aikagan-web/.opencode/node_modules/effect/dist/unstable/ai
Tokenizer.js,2026-09-06 17:28:05 +0000,2026-09-06 17:28:05 +0000,,Javascript,5 KB,1,/Users/pq/aikagan-web/.opencode/node_modules/effect/dist/unstable/ai/Tokenizer.js,ai,/Users/pq/aikagan-web/.opencode/node_modules/effect/dist/unstable/ai
Tokenizer.js.map,2026-09-06 17:28:07 +0000,2026-09-06 17:28:07 +0000,,,2 KB,1,/Users/pq/aikagan-web/.opencode/node_modules/effect/dist/unstable/ai/Tokenizer.js.map,ai,/Users/pq/aikagan-web/.opencode/node_modules/effect/dist/unstable/ai
Tool.d.ts,2026-09-06 17:28:08 +0000,2026-09-06 17:28:08 +0000,,Mpeg-2 Transport Stream,48 KB,1,/Users/pq/aikagan-web/.opencode/node_modules/effect/dist/unstable/ai/Tool.d.ts,ai,/Users/pq/aikagan-web/.opencode/node_modules/effect/dist/unstable/ai
Tool.d.ts.map,2026-09-06 17:28:07 +0000,2026-09-06 17:28:07 +0000,,,17 KB,1,/Users/pq/aikagan-web/.opencode/node_modules/effect/dist/unstable/ai/Tool.d.ts.map,ai,/Users/pq/aikagan-web/.opencode/node_modules/effect/dist/unstable/ai
Tool.js,2026-09-06 17:28:05 +0000,2026-09-06 17:28:05 +0000,,Javascript,28 KB,1,/Users/pq/aikagan-web/.opencode/node_modules/effect/dist/unstable/ai/Tool.js,ai,/Users/pq/aikagan-web/.opencode/node_modules/effect/dist/unstable/ai
Tool.js.map,2026-09-06 17:28:07 +0000,2026-09-06 17:28:07 +0000,,,11 KB,1,/Users/pq/aikagan-web/.opencode/node_modules/effect/dist/unstable/ai/Tool.js.map,ai,/Users/pq/aikagan-web/.opencode/node_modules/effect/dist/unstable/ai
Toolkit.d.ts,2026-09-06 17:28:08 +0000,2026-09-06 17:28:08 +0000,,Mpeg-2 Transport Stream,9 KB,1,/Users/pq/aikagan-web/.opencode/node_modules/effect/dist/unstable/ai/Toolkit.d.ts,ai,/Users/pq/aikagan-web/.opencode/node_modules/effect/dist/unstable/ai
Toolkit.d.ts.map,2026-09-06 17:28:07 +0000,2026-09-06 17:28:07 +0000,,,4 KB,1,/Users/pq/aikagan-web/.opencode/node_modules/effect/dist/unstable/ai/Toolkit.d.ts.map,ai,/Users/pq/aikagan-web/.opencode/node_modules/effect/dist/unstable/ai
Toolkit.js,2026-09-06 17:28:05 +0000,2026-09-06 17:28:05 +0000,,Javascript,9 KB,1,/Users/pq/aikagan-web/.opencode/node_modules/effect/dist/unstable/ai/Toolkit.js,ai,/Users/pq/aikagan-web/.opencode/node_modules/effect/dist/unstable/ai
Toolkit.js.map,2026-09-06 17:28:07 +0000,2026-09-06 17:28:07 +0000,,,8 KB,1,/Users/pq/aikagan-web/.opencode/node_modules/effect/dist/unstable/ai/Toolkit.js.map,ai,/Users/pq/aikagan-web/.opencode/node_modules/effect/dist/unstable/ai
index.d.ts,2026-09-06 17:28:07 +0000,2026-09-06 17:28:07 +0000,,Mpeg-2 Transport Stream,1 KB,1,/Users/pq/aikagan-web/.opencode/node_modules/effect/dist/unstable/ai/index.d.ts,ai,/Users/pq/aikagan-web/.opencode/node_modules/effect/dist/unstable/ai
index.d.ts.map,2026-09-06 17:28:05 +0000,2026-09-06 17:28:05 +0000,,,956 bytes,1,/Users/pq/aikagan-web/.opencode/node_modules/effect/dist/unstable/ai/index.d.ts.map,ai,/Users/pq/aikagan-web/.opencode/node_modules/effect/dist/unstable/ai
index.js,2026-09-06 17:28:04 +0000,2026-09-06 17:28:04 +0000,,Javascript,1 KB,1,/Users/pq/aikagan-web/.opencode/node_modules/effect/dist/unstable/ai/index.js,ai,/Users/pq/aikagan-web/.opencode/node_modules/effect/dist/unstable/ai
index.js.map,2026-09-06 17:28:05 +0000,2026-09-06 17:28:05 +0000,,,1 KB,1,/Users/pq/aikagan-web/.opencode/node_modules/effect/dist/unstable/ai/index.js.map,ai,/Users/pq/aikagan-web/.opencode/node_modules/effect/dist/unstable/ai
internal,2026-09-06 17:28:07 +0000,2026-09-06 17:28:04 +0000,,Folder,4 bytes,0,/Users/pq/aikagan-web/.opencode/node_modules/effect/dist/unstable/ai/internal,ai,/Users/pq/aikagan-web/.opencode/node_modules/effect/dist/unstable/ai/internal
codec-transformer.d.ts,2026-09-06 17:28:07 +0000,2026-09-06 17:28:07 +0000,,Mpeg-2 Transport Stream,58 bytes,1,/Users/pq/aikagan-web/.opencode/node_modules/effect/dist/unstable/ai/internal/codec-transformer.d.ts,internal,/Users/pq/aikagan-web/.opencode/node_modules/effect/dist/unstable/ai/internal
codec-transformer.d.ts.map,2026-09-06 17:28:05 +0000,2026-09-06 17:28:05 +0000,,,158 bytes,1,/Users/pq/aikagan-web/.opencode/node_modules/effect/dist/unstable/ai/internal/codec-transformer.d.ts.map,internal,/Users/pq/aikagan-web/.opencode/node_modules/effect/dist/unstable/ai/internal
codec-transformer.js,2026-09-06 17:28:04 +0000,2026-09-06 17:28:04 +0000,,Javascript,498 bytes,1,/Users/pq/aikagan-web/.opencode/node_modules/effect/dist/unstable/ai/internal/codec-transformer.js,internal,/Users/pq/aikagan-web/.opencode/node_modules/effect/dist/unstable/ai/internal
codec-transformer.js.map,2026-09-06 17:28:05 +0000,2026-09-06 17:28:05 +0000,,,792 bytes,1,/Users/pq/aikagan-web/.opencode/node_modules/effect/dist/unstable/ai/internal/codec-transformer.js.map,internal,/Users/pq/aikagan-web/.opencode/node_modules/effect/dist/unstable/ai/internal
cli,2026-09-06 17:28:07 +0000,2026-09-06 17:28:04 +0000,,Folder,49 bytes,0,/Users/pq/aikagan-web/.opencode/node_modules/effect/dist/unstable/cli,unstable,/Users/pq/aikagan-web/.opencode/node_modules/effect/dist/unstable/cli
Argument.d.ts,2026-09-06 17:28:07 +0000,2026-09-06 17:28:07 +0000,,Mpeg-2 Transport Stream,36 KB,1,/Users/pq/aikagan-web/.opencode/node_modules/effect/dist/unstable/cli/Argument.d.ts,cli,/Users/pq/aikagan-web/.opencode/node_modules/effect/dist/unstable/cli
Argument.d.ts.map,2026-09-06 17:28:05 +0000,2026-09-06 17:28:05 +0000,,,10 KB,1,/Users/pq/aikagan-web/.opencode/node_modules/effect/dist/unstable/cli/Argument.d.ts.map,cli,/Users/pq/aikagan-web/.opencode/node_modules/effect/dist/unstable/cli
Argument.js,2026-09-06 17:28:04 +0000,2026-09-06 17:28:04 +0000,,Javascript,15 KB,1,/Users/pq/aikagan-web/.opencode/node_modules/effect/dist/unstable/cli/Argument.js,cli,/Users/pq/aikagan-web/.opencode/node_modules/effect/dist/unstable/cli
Argument.js.map,2026-09-06 17:28:05 +0000,2026-09-06 17:28:05 +0000,,,5 KB,1,/Users/pq/aikagan-web/.opencode/node_modules/effect/dist/unstable/cli/Argument.js.map,cli,/Users/pq/aikagan-web/.opencode/node_modules/effect/dist/unstable/cli
CliError.d.ts,2026-09-06 17:28:07 +0000,2026-09-06 17:28:07 +0000,,Mpeg-2 Transport Stream,14 KB,1,/Users/pq/aikagan-web/.opencode/node_modules/effect/dist/unstable/cli/CliError.d.ts,cli,/Users/pq/aikagan-web/.opencode/node_modules/effect/dist/unstable/cli
CliError.d.ts.map,2026-09-06 17:28:05 +0000,2026-09-06 17:28:05 +0000,,,2 KB,1,/Users/pq/aikagan-web/.opencode/node_modules/effect/dist/unstable/cli/CliError.d.ts.map,cli,/Users/pq/aikagan-web/.opencode/node_modules/effect/dist/unstable/cli
CliError.js,2026-09-06 17:28:04 +0000,2026-09-06 17:28:04 +0000,,Javascript,14 KB,1,/Users/pq/aikagan-web/.opencode/node_modules/effect/dist/unstable/cli/CliError.js,cli,/Users/pq/aikagan-web/.opencode/node_modules/effect/dist/unstable/cli
CliError.js.map,2026-09-06 17:28:05 +0000,2026-09-06 17:28:05 +0000,,,5 KB,1,/Users/pq/aikagan-web/.opencode/node_modules/effect/dist/unstable/cli/CliError.js.map,cli,/Users/pq/aikagan-web/.opencode/node_modules/effect/dist/unstable/cli
CliOutput.d.ts,2026-09-06 17:28:07 +0000,2026-09-06 17:28:07 +0000,,Mpeg-2 Transport Stream,11 KB,1,/Users/pq/aikagan-web/.opencode/node_modules/effect/dist/unstable/cli/CliOutput.d.ts,cli,/Users/pq/aikagan-web/.opencode/node_modules/effect/dist/unstable/cli
CliOutput.d.ts.map,2026-09-06 17:28:05 +0000,2026-09-06 17:28:05 +0000,,,1 KB,1,/Users/pq/aikagan-web/.opencode/node_modules/effect/dist/unstable/cli/CliOutput.d.ts.map,cli,/Users/pq/aikagan-web/.opencode/node_modules/effect/dist/unstable/cli
CliOutput.js,2026-09-06 17:28:04 +0000,2026-09-06 17:28:04 +0000,,Javascript,12 KB,1,/Users/pq/aikagan-web/.opencode/node_modules/effect/dist/unstable/cli/CliOutput.js,cli,/Users/pq/aikagan-web/.opencode/node_modules/effect/dist/unstable/cli
CliOutput.js.map,2026-09-06 17:28:05 +0000,2026-09-06 17:28:05 +0000,,,10 KB,1,/Users/pq/aikagan-web/.opencode/node_modules/effect/dist/unstable/cli/CliOutput.js.map,cli,/Users/pq/aikagan-web/.opencode/node_modules/effect/dist/unstable/cli
Command.d.ts,2026-09-06 17:28:07 +0000,2026-09-06 17:28:07 +0000,,Mpeg-2 Transport Stream,59 KB,1,/Users/pq/aikagan-web/.opencode/node_modules/effect/dist/unstable/cli/Command.d.ts,cli,/Users/pq/aikagan-web/.opencode/node_modules/effect/dist/unstable/cli
Command.d.ts.map,2026-09-06 17:28:05 +0000,2026-09-06 17:28:05 +0000,,,20 KB,1,/Users/pq/aikagan-web/.opencode/node_modules/effect/dist/unstable/cli/Command.d.ts.map,cli,/Users/pq/aikagan-web/.opencode/node_modules/effect/dist/unstable/cli
Command.js,2026-09-06 17:28:04 +0000,2026-09-06 17:28:04 +0000,,Javascript,26 KB,1,/Users/pq/aikagan-web/.opencode/node_modules/effect/dist/unstable/cli/Command.js,cli,/Users/pq/aikagan-web/.opencode/node_modules/effect/dist/unstable/cli
Command.js.map,2026-09-06 17:28:05 +0000,2026-09-06 17:28:05 +0000,,,18 KB,1,/Users/pq/aikagan-web/.opencode/node_modules/effect/dist/unstable/cli/Command.js.map,cli,/Users/pq/aikagan-web/.opencode/node_modules/effect/dist/unstable/cli
Completions.d.ts,2026-09-06 17:28:07 +0000,2026-09-06 17:28:07 +0000,,Mpeg-2 Transport Stream,3 KB,1,/Users/pq/aikagan-web/.opencode/node_modules/effect/dist/unstable/cli/Completions.d.ts,cli,/Users/pq/aikagan-web/.opencode/node_modules/effect/dist/unstable/cli
Completions.d.ts.map,2026-09-06 17:28:05 +0000,2026-09-06 17:28:05 +0000,,,2 KB,1,/Users/pq/aikagan-web/.opencode/node_modules/effect/dist/unstable/cli/Completions.d.ts.map,cli,/Users/pq/aikagan-web/.opencode/node_modules/effect/dist/unstable/cli
Completions.js,2026-09-06 17:28:04 +0000,2026-09-06 17:28:04 +0000,,Javascript,2 KB,1,/Users/pq/aikagan-web/.opencode/node_modules/effect/dist/unstable/cli/Completions.js,cli,/Users/pq/aikagan-web/.opencode/node_modules/effect/dist/unstable/cli
Completions.js.map,2026-09-06 17:28:05 +0000,2026-09-06 17:28:05 +0000,,,699 bytes,1,/Users/pq/aikagan-web/.opencode/node_modules/effect/dist/unstable/cli/Completions.js.map,cli,/Users/pq/aikagan-web/.opencode/node_modules/effect/dist/unstable/cli
Flag.d.ts,2026-09-06 17:28:07 +0000,2026-09-06 17:28:07 +0000,,Mpeg-2 Transport Stream,48 KB,1,/Users/pq/aikagan-web/.opencode/node_modules/effect/dist/unstable/cli/Flag.d.ts,cli,/Users/pq/aikagan-web/.opencode/node_modules/effect/dist/unstable/cli
Flag.d.ts.map,2026-09-06 17:28:05 +0000,2026-09-06 17:28:05 +0000,,,11 KB,1,/Users/pq/aikagan-web/.opencode/node_modules/effect/dist/unstable/cli/Flag.d.ts.map,cli,/Users/pq/aikagan-web/.opencode/node_modules/effect/dist/unstable/cli
Flag.js,2026-09-06 17:28:04 +0000,2026-09-06 17:28:04 +0000,,Javascript,22 KB,1,/Users/pq/aikagan-web/.opencode/node_modules/effect/dist/unstable/cli/Flag.js,cli,/Users/pq/aikagan-web/.opencode/node_modules/effect/dist/unstable/cli
Flag.js.map,2026-09-06 17:28:05 +0000,2026-09-06 17:28:05 +0000,,,6 KB,1,/Users/pq/aikagan-web/.opencode/node_modules/effect/dist/unstable/cli/Flag.js.map,cli,/Users/pq/aikagan-web/.opencode/node_modules/effect/dist/unstable/cli
GlobalFlag.d.ts,2026-09-06 17:28:07 +0000,2026-09-06 17:28:07 +0000,,Mpeg-2 Transport Stream,6 KB,1,/Users/pq/aikagan-web/.opencode/node_modules/effect/dist/unstable/cli/GlobalFlag.d.ts,cli,/Users/pq/aikagan-web/.opencode/node_modules/effect/dist/unstable/cli
GlobalFlag.d.ts.map,2026-09-06 17:28:05 +0000,2026-09-06 17:28:05 +0000,,,2 KB,1,/Users/pq/aikagan-web/.opencode/node_modules/effect/dist/unstable/cli/GlobalFlag.d.ts.map,cli,/Users/pq/aikagan-web/.opencode/node_modules/effect/dist/unstable/cli
GlobalFlag.js,2026-09-06 17:28:04 +0000,2026-09-06 17:28:04 +0000,,Javascript,6 KB,1,/Users/pq/aikagan-web/.opencode/node_modules/effect/dist/unstable/cli/GlobalFlag.js,cli,/Users/pq/aikagan-web/.opencode/node_modules/effect/dist/unstable/cli
GlobalFlag.js.map,2026-09-06 17:28:05 +0000,2026-09-06 17:28:05 +0000,,,4 KB,1,/Users/pq/aikagan-web/.opencode/node_modules/effect/dist/unstable/cli/GlobalFlag.js.map,cli,/Users/pq/aikagan-web/.opencode/node_modules/effect/dist/unstable/cli
HelpDoc.d.ts,2026-09-06 17:28:07 +0000,2026-09-06 17:28:07 +0000,,Mpeg-2 Transport Stream,8 KB,1,/Users/pq/aikagan-web/.opencode/node_modules/effect/dist/unstable/cli/HelpDoc.d.ts,cli,/Users/pq/aikagan-web/.opencode/node_modules/effect/dist/unstable/cli
HelpDoc.d.ts.map,2026-09-06 17:28:05 +0000,2026-09-06 17:28:05 +0000,,,2 KB,1,/Users/pq/aikagan-web/.opencode/node_modules/effect/dist/unstable/cli/HelpDoc.d.ts.map,cli,/Users/pq/aikagan-web/.opencode/node_modules/effect/dist/unstable/cli
HelpDoc.js,2026-09-06 17:28:04 +0000,2026-09-06 17:28:04 +0000,,Javascript,1 KB,1,/Users/pq/aikagan-web/.opencode/node_modules/effect/dist/unstable/cli/HelpDoc.js,cli,/Users/pq/aikagan-web/.opencode/node_modules/effect/dist/unstable/cli
HelpDoc.js.map,2026-09-06 17:28:05 +0000,2026-09-06 17:28:05 +0000,,,153 bytes,1,/Users/pq/aikagan-web/.opencode/node_modules/effect/dist/unstable/cli/HelpDoc.js.map,cli,/Users/pq/aikagan-web/.opencode/node_modules/effect/dist/unstable/cli
Param.d.ts,2026-09-06 17:28:07 +0000,2026-09-06 17:28:07 +0000,,Mpeg-2 Transport Stream,15 KB,1,/Users/pq/aikagan-web/.opencode/node_modules/effect/dist/unstable/cli/Param.d.ts,cli,/Users/pq/aikagan-web/.opencode/node_modules/effect/dist/unstable/cli
Param.d.ts.map,2026-09-06 17:28:05 +0000,2026-09-06 17:28:05 +0000,,,6 KB,1,/Users/pq/aikagan-web/.opencode/node_modules/effect/dist/unstable/cli/Param.d.ts.map,cli,/Users/pq/aikagan-web/.opencode/node_modules/effect/dist/unstable/cli
Param.js,2026-09-06 17:28:04 +0000,2026-09-06 17:28:04 +0000,,Javascript,44 KB,1,/Users/pq/aikagan-web/.opencode/node_modules/effect/dist/unstable/cli/Param.js,cli,/Users/pq/aikagan-web/.opencode/node_modules/effect/dist/unstable/cli
Param.js.map,2026-09-06 17:28:05 +0000,2026-09-06 17:28:05 +0000,,,23 KB,1,/Users/pq/aikagan-web/.opencode/node_modules/effect/dist/unstable/cli/Param.js.map,cli,/Users/pq/aikagan-web/.opencode/node_modules/effect/dist/unstable/cli
Primitive.d.ts,2026-09-06 17:28:07 +0000,2026-09-06 17:28:07 +0000,,Mpeg-2 Transport Stream,14 KB,1,/Users/pq/aikagan-web/.opencode/node_modules/effect/dist/unstable/cli/Primitive.d.ts,cli,/Users/pq/aikagan-web/.opencode/node_modules/effect/dist/unstable/cli
Primitive.d.ts.map,2026-09-06 17:28:05 +0000,2026-09-06 17:28:05 +0000,,,3 KB,1,/Users/pq/aikagan-web/.opencode/node_modules/effect/dist/unstable/cli/Primitive.d.ts.map,cli,/Users/pq/aikagan-web/.opencode/node_modules/effect/dist/unstable/cli
Primitive.js,2026-09-06 17:28:04 +0000,2026-09-06 17:28:04 +0000,,Javascript,20 KB,1,/Users/pq/aikagan-web/.opencode/node_modules/effect/dist/unstable/cli/Primitive.js,cli,/Users/pq/aikagan-web/.opencode/node_modules/effect/dist/unstable/cli
Primitive.js.map,2026-09-06 17:28:05 +0000,2026-09-06 17:28:05 +0000,,,9 KB,1,/Users/pq/aikagan-web/.opencode/node_modules/effect/dist/unstable/cli/Primitive.js.map,cli,/Users/pq/aikagan-web/.opencode/node_modules/effect/dist/unstable/cli
Prompt.d.ts,2026-09-06 17:28:07 +0000,2026-09-06 17:28:07 +0000,,Mpeg-2 Transport Stream,24 KB,1,/Users/pq/aikagan-web/.opencode/node_modules/effect/dist/unstable/cli/Prompt.d.ts,cli,/Users/pq/aikagan-web/.opencode/node_modules/effect/dist/unstable/cli
Prompt.d.ts.map,2026-09-06 17:28:05 +0000,2026-09-06 17:28:05 +0000,,,10 KB,1,/Users/pq/aikagan-web/.opencode/node_modules/effect/dist/unstable/cli/Prompt.d.ts.map,cli,/Users/pq/aikagan-web/.opencode/node_modules/effect/dist/unstable/cli
Prompt.js,2026-09-06 17:28:04 +0000,2026-09-06 17:28:04 +0000,,Javascript,94 KB,1,/Users/pq/aikagan-web/.opencode/node_modules/effect/dist/unstable/cli/Prompt.js,cli,/Users/pq/aikagan-web/.opencode/node_modules/effect/dist/unstable/cli
Prompt.js.map,2026-09-06 17:28:05 +0000,2026-09-06 17:28:05 +0000,,,108 KB,1,/Users/pq/aikagan-web/.opencode/node_modules/effect/dist/unstable/cli/Prompt.js.map,cli,/Users/pq/aikagan-web/.opencode/node_modules/effect/dist/unstable/cli
index.d.ts,2026-09-06 17:28:07 +0000,2026-09-06 17:28:07 +0000,,Mpeg-2 Transport Stream,788 bytes,1,/Users/pq/aikagan-web/.opencode/node_modules/effect/dist/unstable/cli/index.d.ts,cli,/Users/pq/aikagan-web/.opencode/node_modules/effect/dist/unstable/cli
index.d.ts.map,2026-09-06 17:28:05 +0000,2026-09-06 17:28:05 +0000,,,657 bytes,1,/Users/pq/aikagan-web/.opencode/node_modules/effect/dist/unstable/cli/index.d.ts.map,cli,/Users/pq/aikagan-web/.opencode/node_modules/effect/dist/unstable/cli
index.js,2026-09-06 17:28:04 +0000,2026-09-06 17:28:04 +0000,,Javascript,844 bytes,1,/Users/pq/aikagan-web/.opencode/node_modules/effect/dist/unstable/cli/index.js,cli,/Users/pq/aikagan-web/.opencode/node_modules/effect/dist/unstable/cli
index.js.map,2026-09-06 17:28:05 +0000,2026-09-06 17:28:05 +0000,,,708 bytes,1,/Users/pq/aikagan-web/.opencode/node_modules/effect/dist/unstable/cli/index.js.map,cli,/Users/pq/aikagan-web/.opencode/node_modules/effect/dist/unstable/cli
internal,2026-09-06 17:28:07 +0000,2026-09-06 17:28:04 +0000,,Folder,29 bytes,0,/Users/pq/aikagan-web/.opencode/node_modules/effect/dist/unstable/cli/internal,cli,/Users/pq/aikagan-web/.opencode/node_modules/effect/dist/unstable/cli/internal
ansi.d.ts,2026-09-06 17:28:07 +0000,2026-09-06 17:28:07 +0000,,Mpeg-2 Transport Stream,208 bytes,1,/Users/pq/aikagan-web/.opencode/node_modules/effect/dist/unstable/cli/internal/ansi.d.ts,internal,/Users/pq/aikagan-web/.opencode/node_modules/effect/dist/unstable/cli/internal
ansi.d.ts.map,2026-09-06 17:28:05 +0000,2026-09-06 17:28:05 +0000,,,324 bytes,1,/Users/pq/aikagan-web/.opencode/node_modules/effect/dist/unstable/cli/internal/ansi.d.ts.map,internal,/Users/pq/aikagan-web/.opencode/node_modules/effect/dist/unstable/cli/internal
ansi.js,2026-09-06 17:28:04 +0000,2026-09-06 17:28:04 +0000,,Javascript,3 KB,1,/Users/pq/aikagan-web/.opencode/node_modules/effect/dist/unstable/cli/internal/ansi.js,internal,/Users/pq/aikagan-web/.opencode/node_modules/effect/dist/unstable/cli/internal
ansi.js.map,2026-09-06 17:28:05 +0000,2026-09-06 17:28:05 +0000,,,4 KB,1,/Users/pq/aikagan-web/.opencode/node_modules/effect/dist/unstable/cli/internal/ansi.js.map,internal,/Users/pq/aikagan-web/.opencode/node_modules/effect/dist/unstable/cli/internal
auto-suggest.d.ts,2026-09-06 17:28:07 +0000,2026-09-06 17:28:07 +0000,,Mpeg-2 Transport Stream,53 bytes,1,/Users/pq/aikagan-web/.opencode/node_modules/effect/dist/unstable/cli/internal/auto-suggest.d.ts,internal,/Users/pq/aikagan-web/.opencode/node_modules/effect/dist/unstable/cli/internal
auto-suggest.d.ts.map,2026-09-06 17:28:05 +0000,2026-09-06 17:28:05 +0000,,,149 bytes,1,/Users/pq/aikagan-web/.opencode/node_modules/effect/dist/unstable/cli/internal/auto-suggest.d.ts.map,internal,/Users/pq/aikagan-web/.opencode/node_modules/effect/dist/unstable/cli/internal
auto-suggest.js,2026-09-06 17:28:04 +0000,2026-09-06 17:28:04 +0000,,Javascript,1 KB,1,/Users/pq/aikagan-web/.opencode/node_modules/effect/dist/unstable/cli/internal/auto-suggest.js,internal,/Users/pq/aikagan-web/.opencode/node_modules/effect/dist/unstable/cli/internal
auto-suggest.js.map,2026-09-06 17:28:05 +0000,2026-09-06 17:28:05 +0000,,,2 KB,1,/Users/pq/aikagan-web/.opencode/node_modules/effect/dist/unstable/cli/internal/auto-suggest.js.map,internal,/Users/pq/aikagan-web/.opencode/node_modules/effect/dist/unstable/cli/internal
command.d.ts,2026-09-06 17:28:07 +0000,2026-09-06 17:28:07 +0000,,Mpeg-2 Transport Stream,5 KB,1,/Users/pq/aikagan-web/.opencode/node_modules/effect/dist/unstable/cli/internal/command.d.ts,internal,/Users/pq/aikagan-web/.opencode/node_modules/effect/dist/unstable/cli/internal
command.d.ts.map,2026-09-06 17:28:05 +0000,2026-09-06 17:28:05 +0000,,,4 KB,1,/Users/pq/aikagan-web/.opencode/node_modules/effect/dist/unstable/cli/internal/command.d.ts.map,internal,/Users/pq/aikagan-web/.opencode/node_modules/effect/dist/unstable/cli/internal
command.js,2026-09-06 17:28:04 +0000,2026-09-06 17:28:04 +0000,,Javascript,9 KB,1,/Users/pq/aikagan-web/.opencode/node_modules/effect/dist/unstable/cli/internal/command.js,internal,/Users/pq/aikagan-web/.opencode/node_modules/effect/dist/unstable/cli/internal
command.js.map,2026-09-06 17:28:05 +0000,2026-09-06 17:28:05 +0000,,,9 KB,1,/Users/pq/aikagan-web/.opencode/node_modules/effect/dist/unstable/cli/internal/command.js.map,internal,/Users/pq/aikagan-web/.opencode/node_modules/effect/dist/unstable/cli/internal
config.d.ts,2026-09-06 17:28:07 +0000,2026-09-06 17:28:07 +0000,,Mpeg-2 Transport Stream,2 KB,1,/Users/pq/aikagan-web/.opencode/node_modules/effect/dist/unstable/cli/internal/config.d.ts,internal,/Users/pq/aikagan-web/.opencode/node_modules/effect/dist/unstable/cli/internal
config.d.ts.map,2026-09-06 17:28:05 +0000,2026-09-06 17:28:05 +0000,,,1 KB,1,/Users/pq/aikagan-web/.opencode/node_modules/effect/dist/unstable/cli/internal/config.d.ts.map,internal,/Users/pq/aikagan-web/.opencode/node_modules/effect/dist/unstable/cli/internal
config.js,2026-09-06 17:28:04 +0000,2026-09-06 17:28:04 +0000,,Javascript,6 KB,1,/Users/pq/aikagan-web/.opencode/node_modules/effect/dist/unstable/cli/internal/config.js,internal,/Users/pq/aikagan-web/.opencode/node_modules/effect/dist/unstable/cli/internal
config.js.map,2026-09-06 17:28:05 +0000,2026-09-06 17:28:05 +0000,,,4 KB,1,/Users/pq/aikagan-web/.opencode/node_modules/effect/dist/unstable/cli/internal/config.js.map,internal,/Users/pq/aikagan-web/.opencode/node_modules/effect/dist/unstable/cli/internal
help.d.ts,2026-09-06 17:28:07 +0000,2026-09-06 17:28:07 +0000,,Mpeg-2 Transport Stream,2 KB,1,/Users/pq/aikagan-web/.opencode/node_modules/effect/dist/unstable/cli/internal/help.d.ts,internal,/Users/pq/aikagan-web/.opencode/node_modules/effect/dist/unstable/cli/internal
help.d.ts.map,2026-09-06 17:28:05 +0000,2026-09-06 17:28:05 +0000,,,1 KB,1,/Users/pq/aikagan-web/.opencode/node_modules/effect/dist/unstable/cli/internal/help.d.ts.map,internal,/Users/pq/aikagan-web/.opencode/node_modules/effect/dist/unstable/cli/internal
help.js,2026-09-06 17:28:04 +0000,2026-09-06 17:28:04 +0000,,Javascript,5 KB,1,/Users/pq/aikagan-web/.opencode/node_modules/effect/dist/unstable/cli/internal/help.js,internal,/Users/pq/aikagan-web/.opencode/node_modules/effect/dist/unstable/cli/internal
help.js.map,2026-09-06 17:28:05 +0000,2026-09-06 17:28:05 +0000,,,5 KB,1,/Users/pq/aikagan-web/.opencode/node_modules/effect/dist/unstable/cli/internal/help.js.map,internal,/Users/pq/aikagan-web/.opencode/node_modules/effect/dist/unstable/cli/internal
lexer.d.ts,2026-09-06 17:28:07 +0000,2026-09-06 17:28:07 +0000,,Mpeg-2 Transport Stream,46 bytes,1,/Users/pq/aikagan-web/.opencode/node_modules/effect/dist/unstable/cli/internal/lexer.d.ts,internal,/Users/pq/aikagan-web/.opencode/node_modules/effect/dist/unstable/cli/internal
lexer.d.ts.map,2026-09-06 17:28:05 +0000,2026-09-06 17:28:05 +0000,,,135 bytes,1,/Users/pq/aikagan-web/.opencode/node_modules/effect/dist/unstable/cli/internal/lexer.d.ts.map,internal,/Users/pq/aikagan-web/.opencode/node_modules/effect/dist/unstable/cli/internal
lexer.js,2026-09-06 17:28:04 +0000,2026-09-06 17:28:04 +0000,,Javascript,1 KB,1,/Users/pq/aikagan-web/.opencode/node_modules/effect/dist/unstable/cli/internal/lexer.js,internal,/Users/pq/aikagan-web/.opencode/node_modules/effect/dist/unstable/cli/internal
lexer.js.map,2026-09-06 17:28:05 +0000,2026-09-06 17:28:05 +0000,,,2 KB,1,/Users/pq/aikagan-web/.opencode/node_modules/effect/dist/unstable/cli/internal/lexer.js.map,internal,/Users/pq/aikagan-web/.opencode/node_modules/effect/dist/unstable/cli/internal
parser.d.ts,2026-09-06 17:28:07 +0000,2026-09-06 17:28:07 +0000,,Mpeg-2 Transport Stream,47 bytes,1,/Users/pq/aikagan-web/.opencode/node_modules/effect/dist/unstable/cli/internal/parser.d.ts,internal,/Users/pq/aikagan-web/.opencode/node_modules/effect/dist/unstable/cli/internal
parser.d.ts.map,2026-09-06 17:28:05 +0000,2026-09-06 17:28:05 +0000,,,137 bytes,1,/Users/pq/aikagan-web/.opencode/node_modules/effect/dist/unstable/cli/internal/parser.d.ts.map,internal,/Users/pq/aikagan-web/.opencode/node_modules/effect/dist/unstable/cli/internal
parser.js,2026-09-06 17:28:04 +0000,2026-09-06 17:28:04 +0000,,Javascript,22 KB,1,/Users/pq/aikagan-web/.opencode/node_modules/effect/dist/unstable/cli/internal/parser.js,internal,/Users/pq/aikagan-web/.opencode/node_modules/effect/dist/unstable/cli/internal
parser.js.map,2026-09-06 17:28:05 +0000,2026-09-06 17:28:05 +0000,,,21 KB,1,/Users/pq/aikagan-web/.opencode/node_modules/effect/dist/unstable/cli/internal/parser.js.map,internal,/Users/pq/aikagan-web/.opencode/node_modules/effect/dist/unstable/cli/internal
completions,2026-09-06 17:28:08 +0000,2026-09-06 17:28:04 +0000,,Folder,16 bytes,0,/Users/pq/aikagan-web/.opencode/node_modules/effect/dist/unstable/cli/internal/completions,internal,/Users/pq/aikagan-web/.opencode/node_modules/effect/dist/unstable/cli/internal/completions
bash.d.ts,2026-09-06 17:28:07 +0000,2026-09-06 17:28:07 +0000,,Mpeg-2 Transport Stream,45 bytes,1,/Users/pq/aikagan-web/.opencode/node_modules/effect/dist/unstable/cli/internal/completions/bash.d.ts,completions,/Users/pq/aikagan-web/.opencode/node_modules/effect/dist/unstable/cli/internal/completions
bash.d.ts.map,2026-09-06 17:28:05 +0000,2026-09-06 17:28:05 +0000,,,148 bytes,1,/Users/pq/aikagan-web/.opencode/node_modules/effect/dist/unstable/cli/internal/completions/bash.d.ts.map,completions,/Users/pq/aikagan-web/.opencode/node_modules/effect/dist/unstable/cli/internal/completions
bash.js,2026-09-06 17:28:04 +0000,2026-09-06 17:28:04 +0000,,Javascript,7 KB,1,/Users/pq/aikagan-web/.opencode/node_modules/effect/dist/unstable/cli/internal/completions/bash.js,completions,/Users/pq/aikagan-web/.opencode/node_modules/effect/dist/unstable/cli/internal/completions
bash.js.map,2026-09-06 17:28:05 +0000,2026-09-06 17:28:05 +0000,,,7 KB,1,/Users/pq/aikagan-web/.opencode/node_modules/effect/dist/unstable/cli/internal/completions/bash.js.map,completions,/Users/pq/aikagan-web/.opencode/node_modules/effect/dist/unstable/cli/internal/completions
descriptor.d.ts,2026-09-06 17:28:07 +0000,2026-09-06 17:28:07 +0000,,Mpeg-2 Transport Stream,51 bytes,1,/Users/pq/aikagan-web/.opencode/node_modules/effect/dist/unstable/cli/internal/completions/descriptor.d.ts,completions,/Users/pq/aikagan-web/.opencode/node_modules/effect/dist/unstable/cli/internal/completions
descriptor.d.ts.map,2026-09-06 17:28:05 +0000,2026-09-06 17:28:05 +0000,,,160 bytes,1,/Users/pq/aikagan-web/.opencode/node_modules/effect/dist/unstable/cli/internal/completions/descriptor.d.ts.map,completions,/Users/pq/aikagan-web/.opencode/node_modules/effect/dist/unstable/cli/internal/completions
descriptor.js,2026-09-06 17:28:04 +0000,2026-09-06 17:28:04 +0000,,Javascript,4 KB,1,/Users/pq/aikagan-web/.opencode/node_modules/effect/dist/unstable/cli/internal/completions/descriptor.js,completions,/Users/pq/aikagan-web/.opencode/node_modules/effect/dist/unstable/cli/internal/completions
descriptor.js.map,2026-09-06 17:28:05 +0000,2026-09-06 17:28:05 +0000,,,4 KB,1,/Users/pq/aikagan-web/.opencode/node_modules/effect/dist/unstable/cli/internal/completions/descriptor.js.map,completions,/Users/pq/aikagan-web/.opencode/node_modules/effect/dist/unstable/cli/internal/completions
fish.d.ts,2026-09-06 17:28:07 +0000,2026-09-06 17:28:07 +0000,,Mpeg-2 Transport Stream,45 bytes,1,/Users/pq/aikagan-web/.opencode/node_modules/effect/dist/unstable/cli/internal/completions/fish.d.ts,completions,/Users/pq/aikagan-web/.opencode/node_modules/effect/dist/unstable/cli/internal/completions
fish.d.ts.map,2026-09-06 17:28:05 +0000,2026-09-06 17:28:05 +0000,,,148 bytes,1,/Users/pq/aikagan-web/.opencode/node_modules/effect/dist/unstable/cli/internal/completions/fish.d.ts.map,completions,/Users/pq/aikagan-web/.opencode/node_modules/effect/dist/unstable/cli/internal/completions
fish.js,2026-09-06 17:28:04 +0000,2026-09-06 17:28:04 +0000,,Javascript,8 KB,1,/Users/pq/aikagan-web/.opencode/node_modules/effect/dist/unstable/cli/internal/completions/fish.js,completions,/Users/pq/aikagan-web/.opencode/node_modules/effect/dist/unstable/cli/internal/completions
fish.js.map,2026-09-06 17:28:05 +0000,2026-09-06 17:28:05 +0000,,,7 KB,1,/Users/pq/aikagan-web/.opencode/node_modules/effect/dist/unstable/cli/internal/completions/fish.js.map,completions,/Users/pq/aikagan-web/.opencode/node_modules/effect/dist/unstable/cli/internal/completions
zsh.d.ts,2026-09-06 17:28:08 +0000,2026-09-06 17:28:08 +0000,,Mpeg-2 Transport Stream,44 bytes,1,/Users/pq/aikagan-web/.opencode/node_modules/effect/dist/unstable/cli/internal/completions/zsh.d.ts,completions,/Users/pq/aikagan-web/.opencode/node_modules/effect/dist/unstable/cli/internal/completions
zsh.d.ts.map,2026-09-06 17:28:07 +0000,2026-09-06 17:28:07 +0000,,,146 bytes,1,/Users/pq/aikagan-web/.opencode/node_modules/effect/dist/unstable/cli/internal/completions/zsh.d.ts.map,completions,/Users/pq/aikagan-web/.opencode/node_modules/effect/dist/unstable/cli/internal/completions
zsh.js,2026-09-06 17:28:05 +0000,2026-09-06 17:28:05 +0000,,Javascript,6 KB,1,/Users/pq/aikagan-web/.opencode/node_modules/effect/dist/unstable/cli/internal/completions/zsh.js,completions,/Users/pq/aikagan-web/.opencode/node_modules/effect/dist/unstable/cli/internal/completions
zsh.js.map,2026-09-06 17:28:07 +0000,2026-09-06 17:28:07 +0000,,,7 KB,1,/Users/pq/aikagan-web/.opencode/node_modules/effect/dist/unstable/cli/internal/completions/zsh.js.map,completions,/Users/pq/aikagan-web/.opencode/node_modules/effect/dist/unstable/cli/internal/completions
cluster,2026-09-06 17:28:08 +0000,2026-09-06 17:28:04 +0000,,Folder,157 bytes,0,/Users/pq/aikagan-web/.opencode/node_modules/effect/dist/unstable/cluster,unstable,/Users/pq/aikagan-web/.opencode/node_modules/effect/dist/unstable/cluster
ClusterCron.d.ts,2026-09-06 17:28:07 +0000,2026-09-06 17:28:07 +0000,,Mpeg-2 Transport Stream,3 KB,1,/Users/pq/aikagan-web/.opencode/node_modules/effect/dist/unstable/cluster/ClusterCron.d.ts,cluster,/Users/pq/aikagan-web/.opencode/node_modules/effect/dist/unstable/cluster
ClusterCron.d.ts.map,2026-09-06 17:28:05 +0000,2026-09-06 17:28:05 +0000,,,972 bytes,1,/Users/pq/aikagan-web/.opencode/node_modules/effect/dist/unstable/cluster/ClusterCron.d.ts.map,cluster,/Users/pq/aikagan-web/.opencode/node_modules/effect/dist/unstable/cluster
ClusterCron.js,2026-09-06 17:28:04 +0000,2026-09-06 17:28:04 +0000,,Javascript,5 KB,1,/Users/pq/aikagan-web/.opencode/node_modules/effect/dist/unstable/cluster/ClusterCron.js,cluster,/Users/pq/aikagan-web/.opencode/node_modules/effect/dist/unstable/cluster
ClusterCron.js.map,2026-09-06 17:28:05 +0000,2026-09-06 17:28:05 +0000,,,5 KB,1,/Users/pq/aikagan-web/.opencode/node_modules/effect/dist/unstable/cluster/ClusterCron.js.map,cluster,/Users/pq/aikagan-web/.opencode/node_modules/effect/dist/unstable/cluster
ClusterError.d.ts,2026-09-06 17:28:07 +0000,2026-09-06 17:28:07 +0000,,Mpeg-2 Transport Stream,8 KB,1,/Users/pq/aikagan-web/.opencode/node_modules/effect/dist/unstable/cluster/ClusterError.d.ts,cluster,/Users/pq/aikagan-web/.opencode/node_modules/effect/dist/unstable/cluster
ClusterError.d.ts.map,2026-09-06 17:28:05 +0000,2026-09-06 17:28:05 +0000,,,2 KB,1,/Users/pq/aikagan-web/.opencode/node_modules/effect/dist/unstable/cluster/ClusterError.d.ts.map,cluster,/Users/pq/aikagan-web/.opencode/node_modules/effect/dist/unstable/cluster
ClusterError.js,2026-09-06 17:28:04 +0000,2026-09-06 17:28:04 +0000,,Javascript,8 KB,1,/Users/pq/aikagan-web/.opencode/node_modules/effect/dist/unstable/cluster/ClusterError.js,cluster,/Users/pq/aikagan-web/.opencode/node_modules/effect/dist/unstable/cluster
ClusterError.js.map,2026-09-06 17:28:05 +0000,2026-09-06 17:28:05 +0000,,,3 KB,1,/Users/pq/aikagan-web/.opencode/node_modules/effect/dist/unstable/cluster/ClusterError.js.map,cluster,/Users/pq/aikagan-web/.opencode/node_modules/effect/dist/unstable/cluster
ClusterMetrics.d.ts,2026-09-06 17:28:07 +0000,2026-09-06 17:28:07 +0000,,Mpeg-2 Transport Stream,4 KB,1,/Users/pq/aikagan-web/.opencode/node_modules/effect/dist/unstable/cluster/ClusterMetrics.d.ts,cluster,/Users/pq/aikagan-web/.opencode/node_modules/effect/dist/unstable/cluster
ClusterMetrics.d.ts.map,2026-09-06 17:28:05 +0000,2026-09-06 17:28:05 +0000,,,508 bytes,1,/Users/pq/aikagan-web/.opencode/node_modules/effect/dist/unstable/cluster/ClusterMetrics.d.ts.map,cluster,/Users/pq/aikagan-web/.opencode/node_modules/effect/dist/unstable/cluster
ClusterMetrics.js,2026-09-06 17:28:04 +0000,2026-09-06 17:28:04 +0000,,Javascript,4 KB,1,/Users/pq/aikagan-web/.opencode/node_modules/effect/dist/unstable/cluster/ClusterMetrics.js,cluster,/Users/pq/aikagan-web/.opencode/node_modules/effect/dist/unstable/cluster
ClusterMetrics.js.map,2026-09-06 17:28:05 +0000,2026-09-06 17:28:05 +0000,,,888 bytes,1,/Users/pq/aikagan-web/.opencode/node_modules/effect/dist/unstable/cluster/ClusterMetrics.js.map,cluster,/Users/pq/aikagan-web/.opencode/node_modules/effect/dist/unstable/cluster
ClusterSchema.d.ts,2026-09-06 17:28:07 +0000,2026-09-06 17:28:07 +0000,,Mpeg-2 Transport Stream,6 KB,1,/Users/pq/aikagan-web/.opencode/node_modules/effect/dist/unstable/cluster/ClusterSchema.d.ts,cluster,/Users/pq/aikagan-web/.opencode/node_modules/effect/dist/unstable/cluster
ClusterSchema.d.ts.map,2026-09-06 17:28:05 +0000,2026-09-06 17:28:05 +0000,,,1 KB,1,/Users/pq/aikagan-web/.opencode/node_modules/effect/dist/unstable/cluster/ClusterSchema.d.ts.map,cluster,/Users/pq/aikagan-web/.opencode/node_modules/effect/dist/unstable/cluster
ClusterSchema.js,2026-09-06 17:28:04 +0000,2026-09-06 17:28:04 +0000,,Javascript,6 KB,1,/Users/pq/aikagan-web/.opencode/node_modules/effect/dist/unstable/cluster/ClusterSchema.js,cluster,/Users/pq/aikagan-web/.opencode/node_modules/effect/dist/unstable/cluster
ClusterSchema.js.map,2026-09-06 17:28:05 +0000,2026-09-06 17:28:05 +0000,,,2 KB,1,/Users/pq/aikagan-web/.opencode/node_modules/effect/dist/unstable/cluster/ClusterSchema.js.map,cluster,/Users/pq/aikagan-web/.opencode/node_modules/effect/dist/unstable/cluster
ClusterWorkflowEngine.d.ts,2026-09-06 17:28:07 +0000,2026-09-06 17:28:07 +0000,,Mpeg-2 Transport Stream,5 KB,1,/Users/pq/aikagan-web/.opencode/node_modules/effect/dist/unstable/cluster/ClusterWorkflowEngine.d.ts,cluster,/Users/pq/aikagan-web/.opencode/node_modules/effect/dist/unstable/cluster
ClusterWorkflowEngine.d.ts.map,2026-09-06 17:28:05 +0000,2026-09-06 17:28:05 +0000,,,929 bytes,1,/Users/pq/aikagan-web/.opencode/node_modules/effect/dist/unstable/cluster/ClusterWorkflowEngine.d.ts.map,cluster,/Users/pq/aikagan-web/.opencode/node_modules/effect/dist/unstable/cluster
ClusterWorkflowEngine.js,2026-09-06 17:28:04 +0000,2026-09-06 17:28:04 +0000,,Javascript,23 KB,1,/Users/pq/aikagan-web/.opencode/node_modules/effect/dist/unstable/cluster/ClusterWorkflowEngine.js,cluster,/Users/pq/aikagan-web/.opencode/node_modules/effect/dist/unstable/cluster
ClusterWorkflowEngine.js.map,2026-09-06 17:28:05 +0000,2026-09-06 17:28:05 +0000,,,25 KB,1,/Users/pq/aikagan-web/.opencode/node_modules/effect/dist/unstable/cluster/ClusterWorkflowEngine.js.map,cluster,/Users/pq/aikagan-web/.opencode/node_modules/effect/dist/unstable/cluster
DeliverAt.d.ts,2026-09-06 17:28:07 +0000,2026-09-06 17:28:07 +0000,,Mpeg-2 Transport Stream,2 KB,1,/Users/pq/aikagan-web/.opencode/node_modules/effect/dist/unstable/cluster/DeliverAt.d.ts,cluster,/Users/pq/aikagan-web/.opencode/node_modules/effect/dist/unstable/cluster
DeliverAt.d.ts.map,2026-09-06 17:28:05 +0000,2026-09-06 17:28:05 +0000,,,499 bytes,1,/Users/pq/aikagan-web/.opencode/node_modules/effect/dist/unstable/cluster/DeliverAt.d.ts.map,cluster,/Users/pq/aikagan-web/.opencode/node_modules/effect/dist/unstable/cluster
DeliverAt.js,2026-09-06 17:28:04 +0000,2026-09-06 17:28:04 +0000,,Javascript,921 bytes,1,/Users/pq/aikagan-web/.opencode/node_modules/effect/dist/unstable/cluster/DeliverAt.js,cluster,/Users/pq/aikagan-web/.opencode/node_modules/effect/dist/unstable/cluster
DeliverAt.js.map,2026-09-06 17:28:05 +0000,2026-09-06 17:28:05 +0000,,,561 bytes,1,/Users/pq/aikagan-web/.opencode/node_modules/effect/dist/unstable/cluster/DeliverAt.js.map,cluster,/Users/pq/aikagan-web/.opencode/node_modules/effect/dist/unstable/cluster
Entity.d.ts,2026-09-06 17:28:07 +0000,2026-09-06 17:28:07 +0000,,Mpeg-2 Transport Stream,13 KB,1,/Users/pq/aikagan-web/.opencode/node_modules/effect/dist/unstable/cluster/Entity.d.ts,cluster,/Users/pq/aikagan-web/.opencode/node_modules/effect/dist/unstable/cluster
Entity.d.ts.map,2026-09-06 17:28:05 +0000,2026-09-06 17:28:05 +0000,,,8 KB,1,/Users/pq/aikagan-web/.opencode/node_modules/effect/dist/unstable/cluster/Entity.d.ts.map,cluster,/Users/pq/aikagan-web/.opencode/node_modules/effect/dist/unstable/cluster
Entity.js,2026-09-06 17:28:04 +0000,2026-09-06 17:28:04 +0000,,Javascript,14 KB,1,/Users/pq/aikagan-web/.opencode/node_modules/effect/dist/unstable/cluster/Entity.js,cluster,/Users/pq/aikagan-web/.opencode/node_modules/effect/dist/unstable/cluster
Entity.js.map,2026-09-06 17:28:05 +0000,2026-09-06 17:28:05 +0000,,,13 KB,1,/Users/pq/aikagan-web/.opencode/node_modules/effect/dist/unstable/cluster/Entity.js.map,cluster,/Users/pq/aikagan-web/.opencode/node_modules/effect/dist/unstable/cluster
EntityAddress.d.ts,2026-09-06 17:28:07 +0000,2026-09-06 17:28:07 +0000,,Mpeg-2 Transport Stream,3 KB,1,/Users/pq/aikagan-web/.opencode/node_modules/effect/dist/unstable/cluster/EntityAddress.d.ts,cluster,/Users/pq/aikagan-web/.opencode/node_modules/effect/dist/unstable/cluster
EntityAddress.d.ts.map,2026-09-06 17:28:05 +0000,2026-09-06 17:28:05 +0000,,,879 bytes,1,/Users/pq/aikagan-web/.opencode/node_modules/effect/dist/unstable/cluster/EntityAddress.d.ts.map,cluster,/Users/pq/aikagan-web/.opencode/node_modules/effect/dist/unstable/cluster
EntityAddress.js,2026-09-06 17:28:04 +0000,2026-09-06 17:28:04 +0000,,Javascript,3 KB,1,/Users/pq/aikagan-web/.opencode/node_modules/effect/dist/unstable/cluster/EntityAddress.js,cluster,/Users/pq/aikagan-web/.opencode/node_modules/effect/dist/unstable/cluster
EntityAddress.js.map,2026-09-06 17:28:05 +0000,2026-09-06 17:28:05 +0000,,,1 KB,1,/Users/pq/aikagan-web/.opencode/node_modules/effect/dist/unstable/cluster/EntityAddress.js.map,cluster,/Users/pq/aikagan-web/.opencode/node_modules/effect/dist/unstable/cluster
EntityId.d.ts,2026-09-06 17:28:07 +0000,2026-09-06 17:28:07 +0000,,Mpeg-2 Transport Stream,2 KB,1,/Users/pq/aikagan-web/.opencode/node_modules/effect/dist/unstable/cluster/EntityId.d.ts,cluster,/Users/pq/aikagan-web/.opencode/node_modules/effect/dist/unstable/cluster
EntityId.d.ts.map,2026-09-06 17:28:05 +0000,2026-09-06 17:28:05 +0000,,,406 bytes,1,/Users/pq/aikagan-web/.opencode/node_modules/effect/dist/unstable/cluster/EntityId.d.ts.map,cluster,/Users/pq/aikagan-web/.opencode/node_modules/effect/dist/unstable/cluster
EntityId.js,2026-09-06 17:28:04 +0000,2026-09-06 17:28:04 +0000,,Javascript,2 KB,1,/Users/pq/aikagan-web/.opencode/node_modules/effect/dist/unstable/cluster/EntityId.js,cluster,/Users/pq/aikagan-web/.opencode/node_modules/effect/dist/unstable/cluster
EntityId.js.map,2026-09-06 17:28:05 +0000,2026-09-06 17:28:05 +0000,,,461 bytes,1,/Users/pq/aikagan-web/.opencode/node_modules/effect/dist/unstable/cluster/EntityId.js.map,cluster,/Users/pq/aikagan-web/.opencode/node_modules/effect/dist/unstable/cluster
EntityProxy.d.ts,2026-09-06 17:28:07 +0000,2026-09-06 17:28:07 +0000,,Mpeg-2 Transport Stream,6 KB,1,/Users/pq/aikagan-web/.opencode/node_modules/effect/dist/unstable/cluster/EntityProxy.d.ts,cluster,/Users/pq/aikagan-web/.opencode/node_modules/effect/dist/unstable/cluster
EntityProxy.d.ts.map,2026-09-06 17:28:05 +0000,2026-09-06 17:28:05 +0000,,,3 KB,1,/Users/pq/aikagan-web/.opencode/node_modules/effect/dist/unstable/cluster/EntityProxy.d.ts.map,cluster,/Users/pq/aikagan-web/.opencode/node_modules/effect/dist/unstable/cluster
EntityProxy.js,2026-09-06 17:28:04 +0000,2026-09-06 17:28:04 +0000,,Javascript,6 KB,1,/Users/pq/aikagan-web/.opencode/node_modules/effect/dist/unstable/cluster/EntityProxy.js,cluster,/Users/pq/aikagan-web/.opencode/node_modules/effect/dist/unstable/cluster
EntityProxy.js.map,2026-09-06 17:28:05 +0000,2026-09-06 17:28:05 +0000,,,3 KB,1,/Users/pq/aikagan-web/.opencode/node_modules/effect/dist/unstable/cluster/EntityProxy.js.map,cluster,/Users/pq/aikagan-web/.opencode/node_modules/effect/dist/unstable/cluster
EntityProxyServer.d.ts,2026-09-06 17:28:07 +0000,2026-09-06 17:28:07 +0000,,Mpeg-2 Transport Stream,2 KB,1,/Users/pq/aikagan-web/.opencode/node_modules/effect/dist/unstable/cluster/EntityProxyServer.d.ts,cluster,/Users/pq/aikagan-web/.opencode/node_modules/effect/dist/unstable/cluster
EntityProxyServer.d.ts.map,2026-09-06 17:28:05 +0000,2026-09-06 17:28:05 +0000,,,1 KB,1,/Users/pq/aikagan-web/.opencode/node_modules/effect/dist/unstable/cluster/EntityProxyServer.d.ts.map,cluster,/Users/pq/aikagan-web/.opencode/node_modules/effect/dist/unstable/cluster
EntityProxyServer.js,2026-09-06 17:28:04 +0000,2026-09-06 17:28:04 +0000,,Javascript,4 KB,1,/Users/pq/aikagan-web/.opencode/node_modules/effect/dist/unstable/cluster/EntityProxyServer.js,cluster,/Users/pq/aikagan-web/.opencode/node_modules/effect/dist/unstable/cluster
EntityProxyServer.js.map,2026-09-06 17:28:05 +0000,2026-09-06 17:28:05 +0000,,,3 KB,1,/Users/pq/aikagan-web/.opencode/node_modules/effect/dist/unstable/cluster/EntityProxyServer.js.map,cluster,/Users/pq/aikagan-web/.opencode/node_modules/effect/dist/unstable/cluster
EntityResource.d.ts,2026-09-06 17:28:07 +0000,2026-09-06 17:28:07 +0000,,Mpeg-2 Transport Stream,4 KB,1,/Users/pq/aikagan-web/.opencode/node_modules/effect/dist/unstable/cluster/EntityResource.d.ts,cluster,/Users/pq/aikagan-web/.opencode/node_modules/effect/dist/unstable/cluster
EntityResource.d.ts.map,2026-09-06 17:28:05 +0000,2026-09-06 17:28:05 +0000,,,2 KB,1,/Users/pq/aikagan-web/.opencode/node_modules/effect/dist/unstable/cluster/EntityResource.d.ts.map,cluster,/Users/pq/aikagan-web/.opencode/node_modules/effect/dist/unstable/cluster
EntityResource.js,2026-09-06 17:28:04 +0000,2026-09-06 17:28:04 +0000,,Javascript,3 KB,1,/Users/pq/aikagan-web/.opencode/node_modules/effect/dist/unstable/cluster/EntityResource.js,cluster,/Users/pq/aikagan-web/.opencode/node_modules/effect/dist/unstable/cluster
EntityResource.js.map,2026-09-06 17:28:05 +0000,2026-09-06 17:28:05 +0000,,,2 KB,1,/Users/pq/aikagan-web/.opencode/node_modules/effect/dist/unstable/cluster/EntityResource.js.map,cluster,/Users/pq/aikagan-web/.opencode/node_modules/effect/dist/unstable/cluster
EntityType.d.ts,2026-09-06 17:28:07 +0000,2026-09-06 17:28:07 +0000,,Mpeg-2 Transport Stream,2 KB,1,/Users/pq/aikagan-web/.opencode/node_modules/effect/dist/unstable/cluster/EntityType.d.ts,cluster,/Users/pq/aikagan-web/.opencode/node_modules/effect/dist/unstable/cluster
EntityType.d.ts.map,2026-09-06 17:28:05 +0000,2026-09-06 17:28:05 +0000,,,401 bytes,1,/Users/pq/aikagan-web/.opencode/node_modules/effect/dist/unstable/cluster/EntityType.d.ts.map,cluster,/Users/pq/aikagan-web/.opencode/node_modules/effect/dist/unstable/cluster
EntityType.js,2026-09-06 17:28:04 +0000,2026-09-06 17:28:04 +0000,,Javascript,2 KB,1,/Users/pq/aikagan-web/.opencode/node_modules/effect/dist/unstable/cluster/EntityType.js,cluster,/Users/pq/aikagan-web/.opencode/node_modules/effect/dist/unstable/cluster
EntityType.js.map,2026-09-06 17:28:05 +0000,2026-09-06 17:28:05 +0000,,,463 bytes,1,/Users/pq/aikagan-web/.opencode/node_modules/effect/dist/unstable/cluster/EntityType.js.map,cluster,/Users/pq/aikagan-web/.opencode/node_modules/effect/dist/unstable/cluster
Envelope.d.ts,2026-09-06 17:28:07 +0000,2026-09-06 17:28:07 +0000,,Mpeg-2 Transport Stream,10 KB,1,/Users/pq/aikagan-web/.opencode/node_modules/effect/dist/unstable/cluster/Envelope.d.ts,cluster,/Users/pq/aikagan-web/.opencode/node_modules/effect/dist/unstable/cluster
Envelope.d.ts.map,2026-09-06 17:28:05 +0000,2026-09-06 17:28:05 +0000,,,5 KB,1,/Users/pq/aikagan-web/.opencode/node_modules/effect/dist/unstable/cluster/Envelope.d.ts.map,cluster,/Users/pq/aikagan-web/.opencode/node_modules/effect/dist/unstable/cluster
Envelope.js,2026-09-06 17:28:04 +0000,2026-09-06 17:28:04 +0000,,Javascript,7 KB,1,/Users/pq/aikagan-web/.opencode/node_modules/effect/dist/unstable/cluster/Envelope.js,cluster,/Users/pq/aikagan-web/.opencode/node_modules/effect/dist/unstable/cluster
Envelope.js.map,2026-09-06 17:28:05 +0000,2026-09-06 17:28:05 +0000,,,4 KB,1,/Users/pq/aikagan-web/.opencode/node_modules/effect/dist/unstable/cluster/Envelope.js.map,cluster,/Users/pq/aikagan-web/.opencode/node_modules/effect/dist/unstable/cluster
HttpRunner.d.ts,2026-09-06 17:28:07 +0000,2026-09-06 17:28:07 +0000,,Mpeg-2 Transport Stream,9 KB,1,/Users/pq/aikagan-web/.opencode/node_modules/effect/dist/unstable/cluster/HttpRunner.d.ts,cluster,/Users/pq/aikagan-web/.opencode/node_modules/effect/dist/unstable/cluster
HttpRunner.d.ts.map,2026-09-06 17:28:05 +0000,2026-09-06 17:28:05 +0000,,,4 KB,1,/Users/pq/aikagan-web/.opencode/node_modules/effect/dist/unstable/cluster/HttpRunner.d.ts.map,cluster,/Users/pq/aikagan-web/.opencode/node_modules/effect/dist/unstable/cluster
HttpRunner.js,2026-09-06 17:28:04 +0000,2026-09-06 17:28:04 +0000,,Javascript,8 KB,1,/Users/pq/aikagan-web/.opencode/node_modules/effect/dist/unstable/cluster/HttpRunner.js,cluster,/Users/pq/aikagan-web/.opencode/node_modules/effect/dist/unstable/cluster
HttpRunner.js.map,2026-09-06 17:28:05 +0000,2026-09-06 17:28:05 +0000,,,5 KB,1,/Users/pq/aikagan-web/.opencode/node_modules/effect/dist/unstable/cluster/HttpRunner.js.map,cluster,/Users/pq/aikagan-web/.opencode/node_modules/effect/dist/unstable/cluster
K8sHttpClient.d.ts,2026-09-06 17:28:07 +0000,2026-09-06 17:28:07 +0000,,Mpeg-2 Transport Stream,5 KB,1,/Users/pq/aikagan-web/.opencode/node_modules/effect/dist/unstable/cluster/K8sHttpClient.d.ts,cluster,/Users/pq/aikagan-web/.opencode/node_modules/effect/dist/unstable/cluster
K8sHttpClient.d.ts.map,2026-09-06 17:28:05 +0000,2026-09-06 17:28:05 +0000,,,1 KB,1,/Users/pq/aikagan-web/.opencode/node_modules/effect/dist/unstable/cluster/K8sHttpClient.d.ts.map,cluster,/Users/pq/aikagan-web/.opencode/node_modules/effect/dist/unstable/cluster
K8sHttpClient.js,2026-09-06 17:28:04 +0000,2026-09-06 17:28:04 +0000,,Javascript,8 KB,1,/Users/pq/aikagan-web/.opencode/node_modules/effect/dist/unstable/cluster/K8sHttpClient.js,cluster,/Users/pq/aikagan-web/.opencode/node_modules/effect/dist/unstable/cluster
K8sHttpClient.js.map,2026-09-06 17:28:05 +0000,2026-09-06 17:28:05 +0000,,,8 KB,1,/Users/pq/aikagan-web/.opencode/node_modules/effect/dist/unstable/cluster/K8sHttpClient.js.map,cluster,/Users/pq/aikagan-web/.opencode/node_modules/effect/dist/unstable/cluster
MachineId.d.ts,2026-09-06 17:28:07 +0000,2026-09-06 17:28:07 +0000,,Mpeg-2 Transport Stream,2 KB,1,/Users/pq/aikagan-web/.opencode/node_modules/effect/dist/unstable/cluster/MachineId.d.ts,cluster,/Users/pq/aikagan-web/.opencode/node_modules/effect/dist/unstable/cluster
MachineId.d.ts.map,2026-09-06 17:28:05 +0000,2026-09-06 17:28:05 +0000,,,402 bytes,1,/Users/pq/aikagan-web/.opencode/node_modules/effect/dist/unstable/cluster/MachineId.d.ts.map,cluster,/Users/pq/aikagan-web/.opencode/node_modules/effect/dist/unstable/cluster
MachineId.js,2026-09-06 17:28:04 +0000,2026-09-06 17:28:04 +0000,,Javascript,2 KB,1,/Users/pq/aikagan-web/.opencode/node_modules/effect/dist/unstable/cluster/MachineId.js,cluster,/Users/pq/aikagan-web/.opencode/node_modules/effect/dist/unstable/cluster
MachineId.js.map,2026-09-06 17:28:05 +0000,2026-09-06 17:28:05 +0000,,,583 bytes,1,/Users/pq/aikagan-web/.opencode/node_modules/effect/dist/unstable/cluster/MachineId.js.map,cluster,/Users/pq/aikagan-web/.opencode/node_modules/effect/dist/unstable/cluster
Message.d.ts,2026-09-06 17:28:07 +0000,2026-09-06 17:28:07 +0000,,Mpeg-2 Transport Stream,9 KB,1,/Users/pq/aikagan-web/.opencode/node_modules/effect/dist/unstable/cluster/Message.d.ts,cluster,/Users/pq/aikagan-web/.opencode/node_modules/effect/dist/unstable/cluster
Message.d.ts.map,2026-09-06 17:28:05 +0000,2026-09-06 17:28:05 +0000,,,4 KB,1,/Users/pq/aikagan-web/.opencode/node_modules/effect/dist/unstable/cluster/Message.d.ts.map,cluster,/Users/pq/aikagan-web/.opencode/node_modules/effect/dist/unstable/cluster
Message.js,2026-09-06 17:28:04 +0000,2026-09-06 17:28:04 +0000,,Javascript,7 KB,1,/Users/pq/aikagan-web/.opencode/node_modules/effect/dist/unstable/cluster/Message.js,cluster,/Users/pq/aikagan-web/.opencode/node_modules/effect/dist/unstable/cluster
Message.js.map,2026-09-06 17:28:05 +0000,2026-09-06 17:28:05 +0000,,,4 KB,1,/Users/pq/aikagan-web/.opencode/node_modules/effect/dist/unstable/cluster/Message.js.map,cluster,/Users/pq/aikagan-web/.opencode/node_modules/effect/dist/unstable/cluster
MessageStorage.d.ts,2026-09-06 17:28:07 +0000,2026-09-06 17:28:07 +0000,,Mpeg-2 Transport Stream,28 KB,1,/Users/pq/aikagan-web/.opencode/node_modules/effect/dist/unstable/cluster/MessageStorage.d.ts,cluster,/Users/pq/aikagan-web/.opencode/node_modules/effect/dist/unstable/cluster
MessageStorage.d.ts.map,2026-09-06 17:28:05 +0000,2026-09-06 17:28:05 +0000,,,13 KB,1,/Users/pq/aikagan-web/.opencode/node_modules/effect/dist/unstable/cluster/MessageStorage.d.ts.map,cluster,/Users/pq/aikagan-web/.opencode/node_modules/effect/dist/unstable/cluster
MessageStorage.js,2026-09-06 17:28:04 +0000,2026-09-06 17:28:04 +0000,,Javascript,21 KB,1,/Users/pq/aikagan-web/.opencode/node_modules/effect/dist/unstable/cluster/MessageStorage.js,cluster,/Users/pq/aikagan-web/.opencode/node_modules/effect/dist/unstable/cluster
MessageStorage.js.map,2026-09-06 17:28:05 +0000,2026-09-06 17:28:05 +0000,,,22 KB,1,/Users/pq/aikagan-web/.opencode/node_modules/effect/dist/unstable/cluster/MessageStorage.js.map,cluster,/Users/pq/aikagan-web/.opencode/node_modules/effect/dist/unstable/cluster
Reply.d.ts,2026-09-06 17:28:08 +0000,2026-09-06 17:28:08 +0000,,Mpeg-2 Transport Stream,10 KB,1,/Users/pq/aikagan-web/.opencode/node_modules/effect/dist/unstable/cluster/Reply.d.ts,cluster,/Users/pq/aikagan-web/.opencode/node_modules/effect/dist/unstable/cluster
Reply.d.ts.map,2026-09-06 17:28:05 +0000,2026-09-06 17:28:05 +0000,,,5 KB,1,/Users/pq/aikagan-web/.opencode/node_modules/effect/dist/unstable/cluster/Reply.d.ts.map,cluster,/Users/pq/aikagan-web/.opencode/node_modules/effect/dist/unstable/cluster
Reply.js,2026-09-06 17:28:05 +0000,2026-09-06 17:28:05 +0000,,Javascript,9 KB,1,/Users/pq/aikagan-web/.opencode/node_modules/effect/dist/unstable/cluster/Reply.js,cluster,/Users/pq/aikagan-web/.opencode/node_modules/effect/dist/unstable/cluster
Reply.js.map,2026-09-06 17:28:05 +0000,2026-09-06 17:28:05 +0000,,,8 KB,1,/Users/pq/aikagan-web/.opencode/node_modules/effect/dist/unstable/cluster/Reply.js.map,cluster,/Users/pq/aikagan-web/.opencode/node_modules/effect/dist/unstable/cluster
Runner.d.ts,2026-09-06 17:28:08 +0000,2026-09-06 17:28:08 +0000,,Mpeg-2 Transport Stream,5 KB,1,/Users/pq/aikagan-web/.opencode/node_modules/effect/dist/unstable/cluster/Runner.d.ts,cluster,/Users/pq/aikagan-web/.opencode/node_modules/effect/dist/unstable/cluster
Runner.d.ts.map,2026-09-06 17:28:05 +0000,2026-09-06 17:28:05 +0000,,,1 KB,1,/Users/pq/aikagan-web/.opencode/node_modules/effect/dist/unstable/cluster/Runner.d.ts.map,cluster,/Users/pq/aikagan-web/.opencode/node_modules/effect/dist/unstable/cluster
Runner.js,2026-09-06 17:28:05 +0000,2026-09-06 17:28:05 +0000,,Javascript,5 KB,1,/Users/pq/aikagan-web/.opencode/node_modules/effect/dist/unstable/cluster/Runner.js,cluster,/Users/pq/aikagan-web/.opencode/node_modules/effect/dist/unstable/cluster
Runner.js.map,2026-09-06 17:28:05 +0000,2026-09-06 17:28:05 +0000,,,2 KB,1,/Users/pq/aikagan-web/.opencode/node_modules/effect/dist/unstable/cluster/Runner.js.map,cluster,/Users/pq/aikagan-web/.opencode/node_modules/effect/dist/unstable/cluster
RunnerAddress.d.ts,2026-09-06 17:28:08 +0000,2026-09-06 17:28:08 +0000,,Mpeg-2 Transport Stream,4 KB,1,/Users/pq/aikagan-web/.opencode/node_modules/effect/dist/unstable/cluster/RunnerAddress.d.ts,cluster,/Users/pq/aikagan-web/.opencode/node_modules/effect/dist/unstable/cluster
RunnerAddress.d.ts.map,2026-09-06 17:28:05 +0000,2026-09-06 17:28:05 +0000,,,872 bytes,1,/Users/pq/aikagan-web/.opencode/node_modules/effect/dist/unstable/cluster/RunnerAddress.d.ts.map,cluster,/Users/pq/aikagan-web/.opencode/node_modules/effect/dist/unstable/cluster
RunnerAddress.js,2026-09-06 17:28:05 +0000,2026-09-06 17:28:05 +0000,,Javascript,4 KB,1,/Users/pq/aikagan-web/.opencode/node_modules/effect/dist/unstable/cluster/RunnerAddress.js,cluster,/Users/pq/aikagan-web/.opencode/node_modules/effect/dist/unstable/cluster
RunnerAddress.js.map,2026-09-06 17:28:05 +0000,2026-09-06 17:28:05 +0000,,,1 KB,1,/Users/pq/aikagan-web/.opencode/node_modules/effect/dist/unstable/cluster/RunnerAddress.js.map,cluster,/Users/pq/aikagan-web/.opencode/node_modules/effect/dist/unstable/cluster
RunnerHealth.d.ts,2026-09-06 17:28:08 +0000,2026-09-06 17:28:08 +0000,,Mpeg-2 Transport Stream,5 KB,1,/Users/pq/aikagan-web/.opencode/node_modules/effect/dist/unstable/cluster/RunnerHealth.d.ts,cluster,/Users/pq/aikagan-web/.opencode/node_modules/effect/dist/unstable/cluster
RunnerHealth.d.ts.map,2026-09-06 17:28:05 +0000,2026-09-06 17:28:05 +0000,,,1 KB,1,/Users/pq/aikagan-web/.opencode/node_modules/effect/dist/unstable/cluster/RunnerHealth.d.ts.map,cluster,/Users/pq/aikagan-web/.opencode/node_modules/effect/dist/unstable/cluster
RunnerHealth.js,2026-09-06 17:28:05 +0000,2026-09-06 17:28:05 +0000,,Javascript,5 KB,1,/Users/pq/aikagan-web/.opencode/node_modules/effect/dist/unstable/cluster/RunnerHealth.js,cluster,/Users/pq/aikagan-web/.opencode/node_modules/effect/dist/unstable/cluster
RunnerHealth.js.map,2026-09-06 17:28:05 +0000,2026-09-06 17:28:05 +0000,,,2 KB,1,/Users/pq/aikagan-web/.opencode/node_modules/effect/dist/unstable/cluster/RunnerHealth.js.map,cluster,/Users/pq/aikagan-web/.opencode/node_modules/effect/dist/unstable/cluster
RunnerServer.d.ts,2026-09-06 17:28:08 +0000,2026-09-06 17:28:08 +0000,,Mpeg-2 Transport Stream,3 KB,1,/Users/pq/aikagan-web/.opencode/node_modules/effect/dist/unstable/cluster/RunnerServer.d.ts,cluster,/Users/pq/aikagan-web/.opencode/node_modules/effect/dist/unstable/cluster
RunnerServer.d.ts.map,2026-09-06 17:28:05 +0000,2026-09-06 17:28:05 +0000,,,1 KB,1,/Users/pq/aikagan-web/.opencode/node_modules/effect/dist/unstable/cluster/RunnerServer.d.ts.map,cluster,/Users/pq/aikagan-web/.opencode/node_modules/effect/dist/unstable/cluster
RunnerServer.js,2026-09-06 17:28:05 +0000,2026-09-06 17:28:05 +0000,,Javascript,7 KB,1,/Users/pq/aikagan-web/.opencode/node_modules/effect/dist/unstable/cluster/RunnerServer.js,cluster,/Users/pq/aikagan-web/.opencode/node_modules/effect/dist/unstable/cluster
RunnerServer.js.map,2026-09-06 17:28:05 +0000,2026-09-06 17:28:05 +0000,,,5 KB,1,/Users/pq/aikagan-web/.opencode/node_modules/effect/dist/unstable/cluster/RunnerServer.js.map,cluster,/Users/pq/aikagan-web/.opencode/node_modules/effect/dist/unstable/cluster
RunnerStorage.d.ts,2026-09-06 17:28:08 +0000,2026-09-06 17:28:08 +0000,,Mpeg-2 Transport Stream,9 KB,1,/Users/pq/aikagan-web/.opencode/node_modules/effect/dist/unstable/cluster/RunnerStorage.d.ts,cluster,/Users/pq/aikagan-web/.opencode/node_modules/effect/dist/unstable/cluster
RunnerStorage.d.ts.map,2026-09-06 17:28:05 +0000,2026-09-06 17:28:05 +0000,,,5 KB,1,/Users/pq/aikagan-web/.opencode/node_modules/effect/dist/unstable/cluster/RunnerStorage.d.ts.map,cluster,/Users/pq/aikagan-web/.opencode/node_modules/effect/dist/unstable/cluster
RunnerStorage.js,2026-09-06 17:28:05 +0000,2026-09-06 17:28:05 +0000,,Javascript,5 KB,1,/Users/pq/aikagan-web/.opencode/node_modules/effect/dist/unstable/cluster/RunnerStorage.js,cluster,/Users/pq/aikagan-web/.opencode/node_modules/effect/dist/unstable/cluster
RunnerStorage.js.map,2026-09-06 17:28:05 +0000,2026-09-06 17:28:05 +0000,,,4 KB,1,/Users/pq/aikagan-web/.opencode/node_modules/effect/dist/unstable/cluster/RunnerStorage.js.map,cluster,/Users/pq/aikagan-web/.opencode/node_modules/effect/dist/unstable/cluster
Runners.d.ts,2026-09-06 17:28:08 +0000,2026-09-06 17:28:08 +0000,,Mpeg-2 Transport Stream,10 KB,1,/Users/pq/aikagan-web/.opencode/node_modules/effect/dist/unstable/cluster/Runners.d.ts,cluster,/Users/pq/aikagan-web/.opencode/node_modules/effect/dist/unstable/cluster
Runners.d.ts.map,2026-09-06 17:28:05 +0000,2026-09-06 17:28:05 +0000,,,4 KB,1,/Users/pq/aikagan-web/.opencode/node_modules/effect/dist/unstable/cluster/Runners.d.ts.map,cluster,/Users/pq/aikagan-web/.opencode/node_modules/effect/dist/unstable/cluster
Runners.js,2026-09-06 17:28:05 +0000,2026-09-06 17:28:05 +0000,,Javascript,19 KB,1,/Users/pq/aikagan-web/.opencode/node_modules/effect/dist/unstable/cluster/Runners.js,cluster,/Users/pq/aikagan-web/.opencode/node_modules/effect/dist/unstable/cluster
Runners.js.map,2026-09-06 17:28:05 +0000,2026-09-06 17:28:05 +0000,,,18 KB,1,/Users/pq/aikagan-web/.opencode/node_modules/effect/dist/unstable/cluster/Runners.js.map,cluster,/Users/pq/aikagan-web/.opencode/node_modules/effect/dist/unstable/cluster
ShardId.d.ts,2026-09-06 17:28:08 +0000,2026-09-06 17:28:08 +0000,,Mpeg-2 Transport Stream,4 KB,1,/Users/pq/aikagan-web/.opencode/node_modules/effect/dist/unstable/cluster/ShardId.d.ts,cluster,/Users/pq/aikagan-web/.opencode/node_modules/effect/dist/unstable/cluster
ShardId.d.ts.map,2026-09-06 17:28:06 +0000,2026-09-06 17:28:06 +0000,,,1 KB,1,/Users/pq/aikagan-web/.opencode/node_modules/effect/dist/unstable/cluster/ShardId.d.ts.map,cluster,/Users/pq/aikagan-web/.opencode/node_modules/effect/dist/unstable/cluster
ShardId.js,2026-09-06 17:28:05 +0000,2026-09-06 17:28:05 +0000,,Javascript,5 KB,1,/Users/pq/aikagan-web/.opencode/node_modules/effect/dist/unstable/cluster/ShardId.js,cluster,/Users/pq/aikagan-web/.opencode/node_modules/effect/dist/unstable/cluster
ShardId.js.map,2026-09-06 17:28:06 +0000,2026-09-06 17:28:06 +0000,,,3 KB,1,/Users/pq/aikagan-web/.opencode/node_modules/effect/dist/unstable/cluster/ShardId.js.map,cluster,/Users/pq/aikagan-web/.opencode/node_modules/effect/dist/unstable/cluster
Sharding.d.ts,2026-09-06 17:28:08 +0000,2026-09-06 17:28:08 +0000,,Mpeg-2 Transport Stream,6 KB,1,/Users/pq/aikagan-web/.opencode/node_modules/effect/dist/unstable/cluster/Sharding.d.ts,cluster,/Users/pq/aikagan-web/.opencode/node_modules/effect/dist/unstable/cluster
Sharding.d.ts.map,2026-09-06 17:28:06 +0000,2026-09-06 17:28:06 +0000,,,4 KB,1,/Users/pq/aikagan-web/.opencode/node_modules/effect/dist/unstable/cluster/Sharding.d.ts.map,cluster,/Users/pq/aikagan-web/.opencode/node_modules/effect/dist/unstable/cluster
Sharding.js,2026-09-06 17:28:05 +0000,2026-09-06 17:28:05 +0000,,Javascript,47 KB,1,/Users/pq/aikagan-web/.opencode/node_modules/effect/dist/unstable/cluster/Sharding.js,cluster,/Users/pq/aikagan-web/.opencode/node_modules/effect/dist/unstable/cluster
Sharding.js.map,2026-09-06 17:28:06 +0000,2026-09-06 17:28:06 +0000,,,46 KB,1,/Users/pq/aikagan-web/.opencode/node_modules/effect/dist/unstable/cluster/Sharding.js.map,cluster,/Users/pq/aikagan-web/.opencode/node_modules/effect/dist/unstable/cluster
ShardingConfig.d.ts,2026-09-06 17:28:08 +0000,2026-09-06 17:28:08 +0000,,Mpeg-2 Transport Stream,12 KB,1,/Users/pq/aikagan-web/.opencode/node_modules/effect/dist/unstable/cluster/ShardingConfig.d.ts,cluster,/Users/pq/aikagan-web/.opencode/node_modules/effect/dist/unstable/cluster
ShardingConfig.d.ts.map,2026-09-06 17:28:06 +0000,2026-09-06 17:28:06 +0000,,,3 KB,1,/Users/pq/aikagan-web/.opencode/node_modules/effect/dist/unstable/cluster/ShardingConfig.d.ts.map,cluster,/Users/pq/aikagan-web/.opencode/node_modules/effect/dist/unstable/cluster
ShardingConfig.js,2026-09-06 17:28:05 +0000,2026-09-06 17:28:05 +0000,,Javascript,12 KB,1,/Users/pq/aikagan-web/.opencode/node_modules/effect/dist/unstable/cluster/ShardingConfig.js,cluster,/Users/pq/aikagan-web/.opencode/node_modules/effect/dist/unstable/cluster
ShardingConfig.js.map,2026-09-06 17:28:06 +0000,2026-09-06 17:28:06 +0000,,,7 KB,1,/Users/pq/aikagan-web/.opencode/node_modules/effect/dist/unstable/cluster/ShardingConfig.js.map,cluster,/Users/pq/aikagan-web/.opencode/node_modules/effect/dist/unstable/cluster
ShardingRegistrationEvent.d.ts,2026-09-06 17:28:08 +0000,2026-09-06 17:28:08 +0000,,Mpeg-2 Transport Stream,3 KB,1,/Users/pq/aikagan-web/.opencode/node_modules/effect/dist/unstable/cluster/ShardingRegistrationEvent.d.ts,cluster,/Users/pq/aikagan-web/.opencode/node_modules/effect/dist/unstable/cluster
ShardingRegistrationEvent.d.ts.map,2026-09-06 17:28:06 +0000,2026-09-06 17:28:06 +0000,,,774 bytes,1,/Users/pq/aikagan-web/.opencode/node_modules/effect/dist/unstable/cluster/ShardingRegistrationEvent.d.ts.map,cluster,/Users/pq/aikagan-web/.opencode/node_modules/effect/dist/unstable/cluster
ShardingRegistrationEvent.js,2026-09-06 17:28:05 +0000,2026-09-06 17:28:05 +0000,,Javascript,2 KB,1,/Users/pq/aikagan-web/.opencode/node_modules/effect/dist/unstable/cluster/ShardingRegistrationEvent.js,cluster,/Users/pq/aikagan-web/.opencode/node_modules/effect/dist/unstable/cluster
ShardingRegistrationEvent.js.map,2026-09-06 17:28:06 +0000,2026-09-06 17:28:06 +0000,,,473 bytes,1,/Users/pq/aikagan-web/.opencode/node_modules/effect/dist/unstable/cluster/ShardingRegistrationEvent.js.map,cluster,/Users/pq/aikagan-web/.opencode/node_modules/effect/dist/unstable/cluster
SingleRunner.d.ts,2026-09-06 17:28:08 +0000,2026-09-06 17:28:08 +0000,,Mpeg-2 Transport Stream,3 KB,1,/Users/pq/aikagan-web/.opencode/node_modules/effect/dist/unstable/cluster/SingleRunner.d.ts,cluster,/Users/pq/aikagan-web/.opencode/node_modules/effect/dist/unstable/cluster
SingleRunner.d.ts.map,2026-09-06 17:28:06 +0000,2026-09-06 17:28:06 +0000,,,806 bytes,1,/Users/pq/aikagan-web/.opencode/node_modules/effect/dist/unstable/cluster/SingleRunner.d.ts.map,cluster,/Users/pq/aikagan-web/.opencode/node_modules/effect/dist/unstable/cluster
SingleRunner.js,2026-09-06 17:28:05 +0000,2026-09-06 17:28:05 +0000,,Javascript,3 KB,1,/Users/pq/aikagan-web/.opencode/node_modules/effect/dist/unstable/cluster/SingleRunner.js,cluster,/Users/pq/aikagan-web/.opencode/node_modules/effect/dist/unstable/cluster
SingleRunner.js.map,2026-09-06 17:28:06 +0000,2026-09-06 17:28:06 +0000,,,1 KB,1,/Users/pq/aikagan-web/.opencode/node_modules/effect/dist/unstable/cluster/SingleRunner.js.map,cluster,/Users/pq/aikagan-web/.opencode/node_modules/effect/dist/unstable/cluster
Singleton.d.ts,2026-09-06 17:28:08 +0000,2026-09-06 17:28:08 +0000,,Mpeg-2 Transport Stream,3 KB,1,/Users/pq/aikagan-web/.opencode/node_modules/effect/dist/unstable/cluster/Singleton.d.ts,cluster,/Users/pq/aikagan-web/.opencode/node_modules/effect/dist/unstable/cluster
Singleton.d.ts.map,2026-09-06 17:28:06 +0000,2026-09-06 17:28:06 +0000,,,659 bytes,1,/Users/pq/aikagan-web/.opencode/node_modules/effect/dist/unstable/cluster/Singleton.d.ts.map,cluster,/Users/pq/aikagan-web/.opencode/node_modules/effect/dist/unstable/cluster
Singleton.js,2026-09-06 17:28:05 +0000,2026-09-06 17:28:05 +0000,,Javascript,3 KB,1,/Users/pq/aikagan-web/.opencode/node_modules/effect/dist/unstable/cluster/Singleton.js,cluster,/Users/pq/aikagan-web/.opencode/node_modules/effect/dist/unstable/cluster
Singleton.js.map,2026-09-06 17:28:06 +0000,2026-09-06 17:28:06 +0000,,,673 bytes,1,/Users/pq/aikagan-web/.opencode/node_modules/effect/dist/unstable/cluster/Singleton.js.map,cluster,/Users/pq/aikagan-web/.opencode/node_modules/effect/dist/unstable/cluster
SingletonAddress.d.ts,2026-09-06 17:28:08 +0000,2026-09-06 17:28:08 +0000,,Mpeg-2 Transport Stream,2 KB,1,/Users/pq/aikagan-web/.opencode/node_modules/effect/dist/unstable/cluster/SingletonAddress.d.ts,cluster,/Users/pq/aikagan-web/.opencode/node_modules/effect/dist/unstable/cluster
SingletonAddress.d.ts.map,2026-09-06 17:28:06 +0000,2026-09-06 17:28:06 +0000,,,596 bytes,1,/Users/pq/aikagan-web/.opencode/node_modules/effect/dist/unstable/cluster/SingletonAddress.d.ts.map,cluster,/Users/pq/aikagan-web/.opencode/node_modules/effect/dist/unstable/cluster
SingletonAddress.js,2026-09-06 17:28:05 +0000,2026-09-06 17:28:05 +0000,,Javascript,2 KB,1,/Users/pq/aikagan-web/.opencode/node_modules/effect/dist/unstable/cluster/SingletonAddress.js,cluster,/Users/pq/aikagan-web/.opencode/node_modules/effect/dist/unstable/cluster
SingletonAddress.js.map,2026-09-06 17:28:06 +0000,2026-09-06 17:28:06 +0000,,,999 bytes,1,/Users/pq/aikagan-web/.opencode/node_modules/effect/dist/unstable/cluster/SingletonAddress.js.map,cluster,/Users/pq/aikagan-web/.opencode/node_modules/effect/dist/unstable/cluster
Snowflake.d.ts,2026-09-06 17:28:08 +0000,2026-09-06 17:28:08 +0000,,Mpeg-2 Transport Stream,7 KB,1,/Users/pq/aikagan-web/.opencode/node_modules/effect/dist/unstable/cluster/Snowflake.d.ts,cluster,/Users/pq/aikagan-web/.opencode/node_modules/effect/dist/unstable/cluster
Snowflake.d.ts.map,2026-09-06 17:28:06 +0000,2026-09-06 17:28:06 +0000,,,2 KB,1,/Users/pq/aikagan-web/.opencode/node_modules/effect/dist/unstable/cluster/Snowflake.d.ts.map,cluster,/Users/pq/aikagan-web/.opencode/node_modules/effect/dist/unstable/cluster
Snowflake.js,2026-09-06 17:28:05 +0000,2026-09-06 17:28:05 +0000,,Javascript,6 KB,1,/Users/pq/aikagan-web/.opencode/node_modules/effect/dist/unstable/cluster/Snowflake.js,cluster,/Users/pq/aikagan-web/.opencode/node_modules/effect/dist/unstable/cluster
Snowflake.js.map,2026-09-06 17:28:06 +0000,2026-09-06 17:28:06 +0000,,,4 KB,1,/Users/pq/aikagan-web/.opencode/node_modules/effect/dist/unstable/cluster/Snowflake.js.map,cluster,/Users/pq/aikagan-web/.opencode/node_modules/effect/dist/unstable/cluster
SocketRunner.d.ts,2026-09-06 17:28:08 +0000,2026-09-06 17:28:08 +0000,,Mpeg-2 Transport Stream,2 KB,1,/Users/pq/aikagan-web/.opencode/node_modules/effect/dist/unstable/cluster/SocketRunner.d.ts,cluster,/Users/pq/aikagan-web/.opencode/node_modules/effect/dist/unstable/cluster
SocketRunner.d.ts.map,2026-09-06 17:28:06 +0000,2026-09-06 17:28:06 +0000,,,969 bytes,1,/Users/pq/aikagan-web/.opencode/node_modules/effect/dist/unstable/cluster/SocketRunner.d.ts.map,cluster,/Users/pq/aikagan-web/.opencode/node_modules/effect/dist/unstable/cluster
SocketRunner.js,2026-09-06 17:28:05 +0000,2026-09-06 17:28:05 +0000,,Javascript,3 KB,1,/Users/pq/aikagan-web/.opencode/node_modules/effect/dist/unstable/cluster/SocketRunner.js,cluster,/Users/pq/aikagan-web/.opencode/node_modules/effect/dist/unstable/cluster
SocketRunner.js.map,2026-09-06 17:28:06 +0000,2026-09-06 17:28:06 +0000,,,1 KB,1,/Users/pq/aikagan-web/.opencode/node_modules/effect/dist/unstable/cluster/SocketRunner.js.map,cluster,/Users/pq/aikagan-web/.opencode/node_modules/effect/dist/unstable/cluster
SqlMessageStorage.d.ts,2026-09-06 17:28:08 +0000,2026-09-06 17:28:08 +0000,,Mpeg-2 Transport Stream,3 KB,1,/Users/pq/aikagan-web/.opencode/node_modules/effect/dist/unstable/cluster/SqlMessageStorage.d.ts,cluster,/Users/pq/aikagan-web/.opencode/node_modules/effect/dist/unstable/cluster
SqlMessageStorage.d.ts.map,2026-09-06 17:28:06 +0000,2026-09-06 17:28:06 +0000,,,987 bytes,1,/Users/pq/aikagan-web/.opencode/node_modules/effect/dist/unstable/cluster/SqlMessageStorage.d.ts.map,cluster,/Users/pq/aikagan-web/.opencode/node_modules/effect/dist/unstable/cluster
SqlMessageStorage.js,2026-09-06 17:28:05 +0000,2026-09-06 17:28:05 +0000,,Javascript,33 KB,1,/Users/pq/aikagan-web/.opencode/node_modules/effect/dist/unstable/cluster/SqlMessageStorage.js,cluster,/Users/pq/aikagan-web/.opencode/node_modules/effect/dist/unstable/cluster
SqlMessageStorage.js.map,2026-09-06 17:28:06 +0000,2026-09-06 17:28:06 +0000,,,22 KB,1,/Users/pq/aikagan-web/.opencode/node_modules/effect/dist/unstable/cluster/SqlMessageStorage.js.map,cluster,/Users/pq/aikagan-web/.opencode/node_modules/effect/dist/unstable/cluster
SqlRunnerStorage.d.ts,2026-09-06 17:28:08 +0000,2026-09-06 17:28:08 +0000,,Mpeg-2 Transport Stream,3 KB,1,/Users/pq/aikagan-web/.opencode/node_modules/effect/dist/unstable/cluster/SqlRunnerStorage.d.ts,cluster,/Users/pq/aikagan-web/.opencode/node_modules/effect/dist/unstable/cluster
SqlRunnerStorage.d.ts.map,2026-09-06 17:28:06 +0000,2026-09-06 17:28:06 +0000,,,947 bytes,1,/Users/pq/aikagan-web/.opencode/node_modules/effect/dist/unstable/cluster/SqlRunnerStorage.d.ts.map,cluster,/Users/pq/aikagan-web/.opencode/node_modules/effect/dist/unstable/cluster
SqlRunnerStorage.js,2026-09-06 17:28:05 +0000,2026-09-06 17:28:05 +0000,,Javascript,25 KB,1,/Users/pq/aikagan-web/.opencode/node_modules/effect/dist/unstable/cluster/SqlRunnerStorage.js,cluster,/Users/pq/aikagan-web/.opencode/node_modules/effect/dist/unstable/cluster
SqlRunnerStorage.js.map,2026-09-06 17:28:06 +0000,2026-09-06 17:28:06 +0000,,,21 KB,1,/Users/pq/aikagan-web/.opencode/node_modules/effect/dist/unstable/cluster/SqlRunnerStorage.js.map,cluster,/Users/pq/aikagan-web/.opencode/node_modules/effect/dist/unstable/cluster
TestRunner.d.ts,2026-09-06 17:28:08 +0000,2026-09-06 17:28:08 +0000,,Mpeg-2 Transport Stream,2 KB,1,/Users/pq/aikagan-web/.opencode/node_modules/effect/dist/unstable/cluster/TestRunner.d.ts,cluster,/Users/pq/aikagan-web/.opencode/node_modules/effect/dist/unstable/cluster
TestRunner.d.ts.map,2026-09-06 17:28:07 +0000,2026-09-06 17:28:07 +0000,,,474 bytes,1,/Users/pq/aikagan-web/.opencode/node_modules/effect/dist/unstable/cluster/TestRunner.d.ts.map,cluster,/Users/pq/aikagan-web/.opencode/node_modules/effect/dist/unstable/cluster
TestRunner.js,2026-09-06 17:28:05 +0000,2026-09-06 17:28:05 +0000,,Javascript,2 KB,1,/Users/pq/aikagan-web/.opencode/node_modules/effect/dist/unstable/cluster/TestRunner.js,cluster,/Users/pq/aikagan-web/.opencode/node_modules/effect/dist/unstable/cluster
TestRunner.js.map,2026-09-06 17:28:07 +0000,2026-09-06 17:28:07 +0000,,,899 bytes,1,/Users/pq/aikagan-web/.opencode/node_modules/effect/dist/unstable/cluster/TestRunner.js.map,cluster,/Users/pq/aikagan-web/.opencode/node_modules/effect/dist/unstable/cluster
index.d.ts,2026-09-06 17:28:07 +0000,2026-09-06 17:28:07 +0000,,Mpeg-2 Transport Stream,3 KB,1,/Users/pq/aikagan-web/.opencode/node_modules/effect/dist/unstable/cluster/index.d.ts,cluster,/Users/pq/aikagan-web/.opencode/node_modules/effect/dist/unstable/cluster
index.d.ts.map,2026-09-06 17:28:05 +0000,2026-09-06 17:28:05 +0000,,,2 KB,1,/Users/pq/aikagan-web/.opencode/node_modules/effect/dist/unstable/cluster/index.d.ts.map,cluster,/Users/pq/aikagan-web/.opencode/node_modules/effect/dist/unstable/cluster
index.js,2026-09-06 17:28:04 +0000,2026-09-06 17:28:04 +0000,,Javascript,3 KB,1,/Users/pq/aikagan-web/.opencode/node_modules/effect/dist/unstable/cluster/index.js,cluster,/Users/pq/aikagan-web/.opencode/node_modules/effect/dist/unstable/cluster
index.js.map,2026-09-06 17:28:05 +0000,2026-09-06 17:28:05 +0000,,,2 KB,1,/Users/pq/aikagan-web/.opencode/node_modules/effect/dist/unstable/cluster/index.js.map,cluster,/Users/pq/aikagan-web/.opencode/node_modules/effect/dist/unstable/cluster
internal,2026-09-06 17:28:08 +0000,2026-09-06 17:28:04 +0000,,Folder,24 bytes,0,/Users/pq/aikagan-web/.opencode/node_modules/effect/dist/unstable/cluster/internal,cluster,/Users/pq/aikagan-web/.opencode/node_modules/effect/dist/unstable/cluster/internal
entityManager.d.ts,2026-09-06 17:28:07 +0000,2026-09-06 17:28:07 +0000,,Mpeg-2 Transport Stream,54 bytes,1,/Users/pq/aikagan-web/.opencode/node_modules/effect/dist/unstable/cluster/internal/entityManager.d.ts,internal,/Users/pq/aikagan-web/.opencode/node_modules/effect/dist/unstable/cluster/internal
entityManager.d.ts.map,2026-09-06 17:28:05 +0000,2026-09-06 17:28:05 +0000,,,155 bytes,1,/Users/pq/aikagan-web/.opencode/node_modules/effect/dist/unstable/cluster/internal/entityManager.d.ts.map,internal,/Users/pq/aikagan-web/.opencode/node_modules/effect/dist/unstable/cluster/internal
entityManager.js,2026-09-06 17:28:04 +0000,2026-09-06 17:28:04 +0000,,Javascript,19 KB,1,/Users/pq/aikagan-web/.opencode/node_modules/effect/dist/unstable/cluster/internal/entityManager.js,internal,/Users/pq/aikagan-web/.opencode/node_modules/effect/dist/unstable/cluster/internal
entityManager.js.map,2026-09-06 17:28:05 +0000,2026-09-06 17:28:05 +0000,,,21 KB,1,/Users/pq/aikagan-web/.opencode/node_modules/effect/dist/unstable/cluster/internal/entityManager.js.map,internal,/Users/pq/aikagan-web/.opencode/node_modules/effect/dist/unstable/cluster/internal
entityReaper.d.ts,2026-09-06 17:28:07 +0000,2026-09-06 17:28:07 +0000,,Mpeg-2 Transport Stream,53 bytes,1,/Users/pq/aikagan-web/.opencode/node_modules/effect/dist/unstable/cluster/internal/entityReaper.d.ts,internal,/Users/pq/aikagan-web/.opencode/node_modules/effect/dist/unstable/cluster/internal
entityReaper.d.ts.map,2026-09-06 17:28:05 +0000,2026-09-06 17:28:05 +0000,,,153 bytes,1,/Users/pq/aikagan-web/.opencode/node_modules/effect/dist/unstable/cluster/internal/entityReaper.d.ts.map,internal,/Users/pq/aikagan-web/.opencode/node_modules/effect/dist/unstable/cluster/internal
entityReaper.js,2026-09-06 17:28:04 +0000,2026-09-06 17:28:04 +0000,,Javascript,2 KB,1,/Users/pq/aikagan-web/.opencode/node_modules/effect/dist/unstable/cluster/internal/entityReaper.js,internal,/Users/pq/aikagan-web/.opencode/node_modules/effect/dist/unstable/cluster/internal
entityReaper.js.map,2026-09-06 17:28:05 +0000,2026-09-06 17:28:05 +0000,,,2 KB,1,/Users/pq/aikagan-web/.opencode/node_modules/effect/dist/unstable/cluster/internal/entityReaper.js.map,internal,/Users/pq/aikagan-web/.opencode/node_modules/effect/dist/unstable/cluster/internal
hash.d.ts,2026-09-06 17:28:07 +0000,2026-09-06 17:28:07 +0000,,Mpeg-2 Transport Stream,45 bytes,1,/Users/pq/aikagan-web/.opencode/node_modules/effect/dist/unstable/cluster/internal/hash.d.ts,internal,/Users/pq/aikagan-web/.opencode/node_modules/effect/dist/unstable/cluster/internal
hash.d.ts.map,2026-09-06 17:28:05 +0000,2026-09-06 17:28:05 +0000,,,137 bytes,1,/Users/pq/aikagan-web/.opencode/node_modules/effect/dist/unstable/cluster/internal/hash.d.ts.map,internal,/Users/pq/aikagan-web/.opencode/node_modules/effect/dist/unstable/cluster/internal
hash.js,2026-09-06 17:28:04 +0000,2026-09-06 17:28:04 +0000,,Javascript,824 bytes,1,/Users/pq/aikagan-web/.opencode/node_modules/effect/dist/unstable/cluster/internal/hash.js,internal,/Users/pq/aikagan-web/.opencode/node_modules/effect/dist/unstable/cluster/internal
hash.js.map,2026-09-06 17:28:05 +0000,2026-09-06 17:28:05 +0000,,,579 bytes,1,/Users/pq/aikagan-web/.opencode/node_modules/effect/dist/unstable/cluster/internal/hash.js.map,internal,/Users/pq/aikagan-web/.opencode/node_modules/effect/dist/unstable/cluster/internal
interruptors.d.ts,2026-09-06 17:28:07 +0000,2026-09-06 17:28:07 +0000,,Mpeg-2 Transport Stream,53 bytes,1,/Users/pq/aikagan-web/.opencode/node_modules/effect/dist/unstable/cluster/internal/interruptors.d.ts,internal,/Users/pq/aikagan-web/.opencode/node_modules/effect/dist/unstable/cluster/internal
interruptors.d.ts.map,2026-09-06 17:28:05 +0000,2026-09-06 17:28:05 +0000,,,153 bytes,1,/Users/pq/aikagan-web/.opencode/node_modules/effect/dist/unstable/cluster/internal/interruptors.d.ts.map,internal,/Users/pq/aikagan-web/.opencode/node_modules/effect/dist/unstable/cluster/internal
interruptors.js,2026-09-06 17:28:04 +0000,2026-09-06 17:28:04 +0000,,Javascript,117 bytes,1,/Users/pq/aikagan-web/.opencode/node_modules/effect/dist/unstable/cluster/internal/interruptors.js,internal,/Users/pq/aikagan-web/.opencode/node_modules/effect/dist/unstable/cluster/internal
interruptors.js.map,2026-09-06 17:28:05 +0000,2026-09-06 17:28:05 +0000,,,252 bytes,1,/Users/pq/aikagan-web/.opencode/node_modules/effect/dist/unstable/cluster/internal/interruptors.js.map,internal,/Users/pq/aikagan-web/.opencode/node_modules/effect/dist/unstable/cluster/internal
resourceMap.d.ts,2026-09-06 17:28:08 +0000,2026-09-06 17:28:08 +0000,,Mpeg-2 Transport Stream,52 bytes,1,/Users/pq/aikagan-web/.opencode/node_modules/effect/dist/unstable/cluster/internal/resourceMap.d.ts,internal,/Users/pq/aikagan-web/.opencode/node_modules/effect/dist/unstable/cluster/internal
resourceMap.d.ts.map,2026-09-06 17:28:05 +0000,2026-09-06 17:28:05 +0000,,,151 bytes,1,/Users/pq/aikagan-web/.opencode/node_modules/effect/dist/unstable/cluster/internal/resourceMap.d.ts.map,internal,/Users/pq/aikagan-web/.opencode/node_modules/effect/dist/unstable/cluster/internal
resourceMap.js,2026-09-06 17:28:05 +0000,2026-09-06 17:28:05 +0000,,Javascript,3 KB,1,/Users/pq/aikagan-web/.opencode/node_modules/effect/dist/unstable/cluster/internal/resourceMap.js,internal,/Users/pq/aikagan-web/.opencode/node_modules/effect/dist/unstable/cluster/internal
resourceMap.js.map,2026-09-06 17:28:05 +0000,2026-09-06 17:28:05 +0000,,,4 KB,1,/Users/pq/aikagan-web/.opencode/node_modules/effect/dist/unstable/cluster/internal/resourceMap.js.map,internal,/Users/pq/aikagan-web/.opencode/node_modules/effect/dist/unstable/cluster/internal
resourceRef.d.ts,2026-09-06 17:28:08 +0000,2026-09-06 17:28:08 +0000,,Mpeg-2 Transport Stream,52 bytes,1,/Users/pq/aikagan-web/.opencode/node_modules/effect/dist/unstable/cluster/internal/resourceRef.d.ts,internal,/Users/pq/aikagan-web/.opencode/node_modules/effect/dist/unstable/cluster/internal
resourceRef.d.ts.map,2026-09-06 17:28:05 +0000,2026-09-06 17:28:05 +0000,,,151 bytes,1,/Users/pq/aikagan-web/.opencode/node_modules/effect/dist/unstable/cluster/internal/resourceRef.d.ts.map,internal,/Users/pq/aikagan-web/.opencode/node_modules/effect/dist/unstable/cluster/internal
resourceRef.js,2026-09-06 17:28:05 +0000,2026-09-06 17:28:05 +0000,,Javascript,2 KB,1,/Users/pq/aikagan-web/.opencode/node_modules/effect/dist/unstable/cluster/internal/resourceRef.js,internal,/Users/pq/aikagan-web/.opencode/node_modules/effect/dist/unstable/cluster/internal
resourceRef.js.map,2026-09-06 17:28:05 +0000,2026-09-06 17:28:05 +0000,,,3 KB,1,/Users/pq/aikagan-web/.opencode/node_modules/effect/dist/unstable/cluster/internal/resourceRef.js.map,internal,/Users/pq/aikagan-web/.opencode/node_modules/effect/dist/unstable/cluster/internal
devtools,2026-09-06 17:28:07 +0000,2026-09-06 17:28:04 +0000,,Folder,20 bytes,0,/Users/pq/aikagan-web/.opencode/node_modules/effect/dist/unstable/devtools,unstable,/Users/pq/aikagan-web/.opencode/node_modules/effect/dist/unstable/devtools
DevTools.d.ts,2026-09-06 17:28:07 +0000,2026-09-06 17:28:07 +0000,,Mpeg-2 Transport Stream,3 KB,1,/Users/pq/aikagan-web/.opencode/node_modules/effect/dist/unstable/devtools/DevTools.d.ts,devtools,/Users/pq/aikagan-web/.opencode/node_modules/effect/dist/unstable/devtools
DevTools.d.ts.map,2026-09-06 17:28:05 +0000,2026-09-06 17:28:05 +0000,,,581 bytes,1,/Users/pq/aikagan-web/.opencode/node_modules/effect/dist/unstable/devtools/DevTools.d.ts.map,devtools,/Users/pq/aikagan-web/.opencode/node_modules/effect/dist/unstable/devtools
DevTools.js,2026-09-06 17:28:04 +0000,2026-09-06 17:28:04 +0000,,Javascript,3 KB,1,/Users/pq/aikagan-web/.opencode/node_modules/effect/dist/unstable/devtools/DevTools.js,devtools,/Users/pq/aikagan-web/.opencode/node_modules/effect/dist/unstable/devtools
DevTools.js.map,2026-09-06 17:28:05 +0000,2026-09-06 17:28:05 +0000,,,835 bytes,1,/Users/pq/aikagan-web/.opencode/node_modules/effect/dist/unstable/devtools/DevTools.js.map,devtools,/Users/pq/aikagan-web/.opencode/node_modules/effect/dist/unstable/devtools
DevToolsClient.d.ts,2026-09-06 17:28:07 +0000,2026-09-06 17:28:07 +0000,,Mpeg-2 Transport Stream,3 KB,1,/Users/pq/aikagan-web/.opencode/node_modules/effect/dist/unstable/devtools/DevToolsClient.d.ts,devtools,/Users/pq/aikagan-web/.opencode/node_modules/effect/dist/unstable/devtools
DevToolsClient.d.ts.map,2026-09-06 17:28:05 +0000,2026-09-06 17:28:05 +0000,,,1 KB,1,/Users/pq/aikagan-web/.opencode/node_modules/effect/dist/unstable/devtools/DevToolsClient.d.ts.map,devtools,/Users/pq/aikagan-web/.opencode/node_modules/effect/dist/unstable/devtools
DevToolsClient.js,2026-09-06 17:28:04 +0000,2026-09-06 17:28:04 +0000,,Javascript,8 KB,1,/Users/pq/aikagan-web/.opencode/node_modules/effect/dist/unstable/devtools/DevToolsClient.js,devtools,/Users/pq/aikagan-web/.opencode/node_modules/effect/dist/unstable/devtools
DevToolsClient.js.map,2026-09-06 17:28:05 +0000,2026-09-06 17:28:05 +0000,,,5 KB,1,/Users/pq/aikagan-web/.opencode/node_modules/effect/dist/unstable/devtools/DevToolsClient.js.map,devtools,/Users/pq/aikagan-web/.opencode/node_modules/effect/dist/unstable/devtools
DevToolsSchema.d.ts,2026-09-06 17:28:07 +0000,2026-09-06 17:28:07 +0000,,Mpeg-2 Transport Stream,21 KB,1,/Users/pq/aikagan-web/.opencode/node_modules/effect/dist/unstable/devtools/DevToolsSchema.d.ts,devtools,/Users/pq/aikagan-web/.opencode/node_modules/effect/dist/unstable/devtools
DevToolsSchema.d.ts.map,2026-09-06 17:28:05 +0000,2026-09-06 17:28:05 +0000,,,4 KB,1,/Users/pq/aikagan-web/.opencode/node_modules/effect/dist/unstable/devtools/DevToolsSchema.d.ts.map,devtools,/Users/pq/aikagan-web/.opencode/node_modules/effect/dist/unstable/devtools
DevToolsSchema.js,2026-09-06 17:28:04 +0000,2026-09-06 17:28:04 +0000,,Javascript,9 KB,1,/Users/pq/aikagan-web/.opencode/node_modules/effect/dist/unstable/devtools/DevToolsSchema.js,devtools,/Users/pq/aikagan-web/.opencode/node_modules/effect/dist/unstable/devtools
DevToolsSchema.js.map,2026-09-06 17:28:05 +0000,2026-09-06 17:28:05 +0000,,,6 KB,1,/Users/pq/aikagan-web/.opencode/node_modules/effect/dist/unstable/devtools/DevToolsSchema.js.map,devtools,/Users/pq/aikagan-web/.opencode/node_modules/effect/dist/unstable/devtools
DevToolsServer.d.ts,2026-09-06 17:28:07 +0000,2026-09-06 17:28:07 +0000,,Mpeg-2 Transport Stream,2 KB,1,/Users/pq/aikagan-web/.opencode/node_modules/effect/dist/unstable/devtools/DevToolsServer.d.ts,devtools,/Users/pq/aikagan-web/.opencode/node_modules/effect/dist/unstable/devtools
DevToolsServer.d.ts.map,2026-09-06 17:28:05 +0000,2026-09-06 17:28:05 +0000,,,825 bytes,1,/Users/pq/aikagan-web/.opencode/node_modules/effect/dist/unstable/devtools/DevToolsServer.d.ts.map,devtools,/Users/pq/aikagan-web/.opencode/node_modules/effect/dist/unstable/devtools
DevToolsServer.js,2026-09-06 17:28:04 +0000,2026-09-06 17:28:04 +0000,,Javascript,3 KB,1,/Users/pq/aikagan-web/.opencode/node_modules/effect/dist/unstable/devtools/DevToolsServer.js,devtools,/Users/pq/aikagan-web/.opencode/node_modules/effect/dist/unstable/devtools
DevToolsServer.js.map,2026-09-06 17:28:05 +0000,2026-09-06 17:28:05 +0000,,,2 KB,1,/Users/pq/aikagan-web/.opencode/node_modules/effect/dist/unstable/devtools/DevToolsServer.js.map,devtools,/Users/pq/aikagan-web/.opencode/node_modules/effect/dist/unstable/devtools
index.d.ts,2026-09-06 17:28:07 +0000,2026-09-06 17:28:07 +0000,,Mpeg-2 Transport Stream,363 bytes,1,/Users/pq/aikagan-web/.opencode/node_modules/effect/dist/unstable/devtools/index.d.ts,devtools,/Users/pq/aikagan-web/.opencode/node_modules/effect/dist/unstable/devtools
index.d.ts.map,2026-09-06 17:28:05 +0000,2026-09-06 17:28:05 +0000,,,331 bytes,1,/Users/pq/aikagan-web/.opencode/node_modules/effect/dist/unstable/devtools/index.d.ts.map,devtools,/Users/pq/aikagan-web/.opencode/node_modules/effect/dist/unstable/devtools
index.js,2026-09-06 17:28:04 +0000,2026-09-06 17:28:04 +0000,,Javascript,419 bytes,1,/Users/pq/aikagan-web/.opencode/node_modules/effect/dist/unstable/devtools/index.js,devtools,/Users/pq/aikagan-web/.opencode/node_modules/effect/dist/unstable/devtools
index.js.map,2026-09-06 17:28:05 +0000,2026-09-06 17:28:05 +0000,,,383 bytes,1,/Users/pq/aikagan-web/.opencode/node_modules/effect/dist/unstable/devtools/index.js.map,devtools,/Users/pq/aikagan-web/.opencode/node_modules/effect/dist/unstable/devtools
encoding,2026-09-06 17:28:08 +0000,2026-09-06 17:28:04 +0000,,Folder,16 bytes,0,/Users/pq/aikagan-web/.opencode/node_modules/effect/dist/unstable/encoding,unstable,/Users/pq/aikagan-web/.opencode/node_modules/effect/dist/unstable/encoding
Msgpack.d.ts,2026-09-06 17:28:07 +0000,2026-09-06 17:28:07 +0000,,Mpeg-2 Transport Stream,7 KB,1,/Users/pq/aikagan-web/.opencode/node_modules/effect/dist/unstable/encoding/Msgpack.d.ts,encoding,/Users/pq/aikagan-web/.opencode/node_modules/effect/dist/unstable/encoding
Msgpack.d.ts.map,2026-09-06 17:28:05 +0000,2026-09-06 17:28:05 +0000,,,4 KB,1,/Users/pq/aikagan-web/.opencode/node_modules/effect/dist/unstable/encoding/Msgpack.d.ts.map,encoding,/Users/pq/aikagan-web/.opencode/node_modules/effect/dist/unstable/encoding
Msgpack.js,2026-09-06 17:28:04 +0000,2026-09-06 17:28:04 +0000,,Javascript,8 KB,1,/Users/pq/aikagan-web/.opencode/node_modules/effect/dist/unstable/encoding/Msgpack.js,encoding,/Users/pq/aikagan-web/.opencode/node_modules/effect/dist/unstable/encoding
Msgpack.js.map,2026-09-06 17:28:05 +0000,2026-09-06 17:28:05 +0000,,,5 KB,1,/Users/pq/aikagan-web/.opencode/node_modules/effect/dist/unstable/encoding/Msgpack.js.map,encoding,/Users/pq/aikagan-web/.opencode/node_modules/effect/dist/unstable/encoding
Ndjson.d.ts,2026-09-06 17:28:07 +0000,2026-09-06 17:28:07 +0000,,Mpeg-2 Transport Stream,15 KB,1,/Users/pq/aikagan-web/.opencode/node_modules/effect/dist/unstable/encoding/Ndjson.d.ts,encoding,/Users/pq/aikagan-web/.opencode/node_modules/effect/dist/unstable/encoding
Ndjson.d.ts.map,2026-09-06 17:28:05 +0000,2026-09-06 17:28:05 +0000,,,8 KB,1,/Users/pq/aikagan-web/.opencode/node_modules/effect/dist/unstable/encoding/Ndjson.d.ts.map,encoding,/Users/pq/aikagan-web/.opencode/node_modules/effect/dist/unstable/encoding
Ndjson.js,2026-09-06 17:28:04 +0000,2026-09-06 17:28:04 +0000,,Javascript,8 KB,1,/Users/pq/aikagan-web/.opencode/node_modules/effect/dist/unstable/encoding/Ndjson.js,encoding,/Users/pq/aikagan-web/.opencode/node_modules/effect/dist/unstable/encoding
Ndjson.js.map,2026-09-06 17:28:05 +0000,2026-09-06 17:28:05 +0000,,,4 KB,1,/Users/pq/aikagan-web/.opencode/node_modules/effect/dist/unstable/encoding/Ndjson.js.map,encoding,/Users/pq/aikagan-web/.opencode/node_modules/effect/dist/unstable/encoding
Sse.d.ts,2026-09-06 17:28:08 +0000,2026-09-06 17:28:08 +0000,,Mpeg-2 Transport Stream,9 KB,1,/Users/pq/aikagan-web/.opencode/node_modules/effect/dist/unstable/encoding/Sse.d.ts,encoding,/Users/pq/aikagan-web/.opencode/node_modules/effect/dist/unstable/encoding
Sse.d.ts.map,2026-09-06 17:28:06 +0000,2026-09-06 17:28:06 +0000,,,4 KB,1,/Users/pq/aikagan-web/.opencode/node_modules/effect/dist/unstable/encoding/Sse.d.ts.map,encoding,/Users/pq/aikagan-web/.opencode/node_modules/effect/dist/unstable/encoding
Sse.js,2026-09-06 17:28:05 +0000,2026-09-06 17:28:05 +0000,,Javascript,11 KB,1,/Users/pq/aikagan-web/.opencode/node_modules/effect/dist/unstable/encoding/Sse.js,encoding,/Users/pq/aikagan-web/.opencode/node_modules/effect/dist/unstable/encoding
Sse.js.map,2026-09-06 17:28:06 +0000,2026-09-06 17:28:06 +0000,,,10 KB,1,/Users/pq/aikagan-web/.opencode/node_modules/effect/dist/unstable/encoding/Sse.js.map,encoding,/Users/pq/aikagan-web/.opencode/node_modules/effect/dist/unstable/encoding
index.d.ts,2026-09-06 17:28:07 +0000,2026-09-06 17:28:07 +0000,,Mpeg-2 Transport Stream,244 bytes,1,/Users/pq/aikagan-web/.opencode/node_modules/effect/dist/unstable/encoding/index.d.ts,encoding,/Users/pq/aikagan-web/.opencode/node_modules/effect/dist/unstable/encoding
index.d.ts.map,2026-09-06 17:28:05 +0000,2026-09-06 17:28:05 +0000,,,278 bytes,1,/Users/pq/aikagan-web/.opencode/node_modules/effect/dist/unstable/encoding/index.d.ts.map,encoding,/Users/pq/aikagan-web/.opencode/node_modules/effect/dist/unstable/encoding
index.js,2026-09-06 17:28:04 +0000,2026-09-06 17:28:04 +0000,,Javascript,300 bytes,1,/Users/pq/aikagan-web/.opencode/node_modules/effect/dist/unstable/encoding/index.js,encoding,/Users/pq/aikagan-web/.opencode/node_modules/effect/dist/unstable/encoding
index.js.map,2026-09-06 17:28:05 +0000,2026-09-06 17:28:05 +0000,,,301 bytes,1,/Users/pq/aikagan-web/.opencode/node_modules/effect/dist/unstable/encoding/index.js.map,encoding,/Users/pq/aikagan-web/.opencode/node_modules/effect/dist/unstable/encoding
eventlog,2026-09-06 17:28:08 +0000,2026-09-06 17:28:04 +0000,,Folder,61 bytes,0,/Users/pq/aikagan-web/.opencode/node_modules/effect/dist/unstable/eventlog,unstable,/Users/pq/aikagan-web/.opencode/node_modules/effect/dist/unstable/eventlog
Event.d.ts,2026-09-06 17:28:07 +0000,2026-09-06 17:28:07 +0000,,Mpeg-2 Transport Stream,9 KB,1,/Users/pq/aikagan-web/.opencode/node_modules/effect/dist/unstable/eventlog/Event.d.ts,eventlog,/Users/pq/aikagan-web/.opencode/node_modules/effect/dist/unstable/eventlog
Event.d.ts.map,2026-09-06 17:28:05 +0000,2026-09-06 17:28:05 +0000,,,6 KB,1,/Users/pq/aikagan-web/.opencode/node_modules/effect/dist/unstable/eventlog/Event.d.ts.map,eventlog,/Users/pq/aikagan-web/.opencode/node_modules/effect/dist/unstable/eventlog
Event.js,2026-09-06 17:28:04 +0000,2026-09-06 17:28:04 +0000,,Javascript,3 KB,1,/Users/pq/aikagan-web/.opencode/node_modules/effect/dist/unstable/eventlog/Event.js,eventlog,/Users/pq/aikagan-web/.opencode/node_modules/effect/dist/unstable/eventlog
Event.js.map,2026-09-06 17:28:05 +0000,2026-09-06 17:28:05 +0000,,,2 KB,1,/Users/pq/aikagan-web/.opencode/node_modules/effect/dist/unstable/eventlog/Event.js.map,eventlog,/Users/pq/aikagan-web/.opencode/node_modules/effect/dist/unstable/eventlog
EventGroup.d.ts,2026-09-06 17:28:07 +0000,2026-09-06 17:28:07 +0000,,Mpeg-2 Transport Stream,4 KB,1,/Users/pq/aikagan-web/.opencode/node_modules/effect/dist/unstable/eventlog/EventGroup.d.ts,eventlog,/Users/pq/aikagan-web/.opencode/node_modules/effect/dist/unstable/eventlog
EventGroup.d.ts.map,2026-09-06 17:28:05 +0000,2026-09-06 17:28:05 +0000,,,2 KB,1,/Users/pq/aikagan-web/.opencode/node_modules/effect/dist/unstable/eventlog/EventGroup.d.ts.map,eventlog,/Users/pq/aikagan-web/.opencode/node_modules/effect/dist/unstable/eventlog
EventGroup.js,2026-09-06 17:28:04 +0000,2026-09-06 17:28:04 +0000,,Javascript,3 KB,1,/Users/pq/aikagan-web/.opencode/node_modules/effect/dist/unstable/eventlog/EventGroup.js,eventlog,/Users/pq/aikagan-web/.opencode/node_modules/effect/dist/unstable/eventlog
EventGroup.js.map,2026-09-06 17:28:05 +0000,2026-09-06 17:28:05 +0000,,,1 KB,1,/Users/pq/aikagan-web/.opencode/node_modules/effect/dist/unstable/eventlog/EventGroup.js.map,eventlog,/Users/pq/aikagan-web/.opencode/node_modules/effect/dist/unstable/eventlog
EventJournal.d.ts,2026-09-06 17:28:07 +0000,2026-09-06 17:28:07 +0000,,Mpeg-2 Transport Stream,10 KB,1,/Users/pq/aikagan-web/.opencode/node_modules/effect/dist/unstable/eventlog/EventJournal.d.ts,eventlog,/Users/pq/aikagan-web/.opencode/node_modules/effect/dist/unstable/eventlog
EventJournal.d.ts.map,2026-09-06 17:28:05 +0000,2026-09-06 17:28:05 +0000,,,4 KB,1,/Users/pq/aikagan-web/.opencode/node_modules/effect/dist/unstable/eventlog/EventJournal.d.ts.map,eventlog,/Users/pq/aikagan-web/.opencode/node_modules/effect/dist/unstable/eventlog
EventJournal.js,2026-09-06 17:28:04 +0000,2026-09-06 17:28:04 +0000,,Javascript,22 KB,1,/Users/pq/aikagan-web/.opencode/node_modules/effect/dist/unstable/eventlog/EventJournal.js,eventlog,/Users/pq/aikagan-web/.opencode/node_modules/effect/dist/unstable/eventlog
EventJournal.js.map,2026-09-06 17:28:05 +0000,2026-09-06 17:28:05 +0000,,,21 KB,1,/Users/pq/aikagan-web/.opencode/node_modules/effect/dist/unstable/eventlog/EventJournal.js.map,eventlog,/Users/pq/aikagan-web/.opencode/node_modules/effect/dist/unstable/eventlog
EventLog.d.ts,2026-09-06 17:28:07 +0000,2026-09-06 17:28:07 +0000,,Mpeg-2 Transport Stream,17 KB,1,/Users/pq/aikagan-web/.opencode/node_modules/effect/dist/unstable/eventlog/EventLog.d.ts,eventlog,/Users/pq/aikagan-web/.opencode/node_modules/effect/dist/unstable/eventlog
EventLog.d.ts.map,2026-09-06 17:28:05 +0000,2026-09-06 17:28:05 +0000,,,10 KB,1,/Users/pq/aikagan-web/.opencode/node_modules/effect/dist/unstable/eventlog/EventLog.d.ts.map,eventlog,/Users/pq/aikagan-web/.opencode/node_modules/effect/dist/unstable/eventlog
EventLog.js,2026-09-06 17:28:04 +0000,2026-09-06 17:28:04 +0000,,Javascript,21 KB,1,/Users/pq/aikagan-web/.opencode/node_modules/effect/dist/unstable/eventlog/EventLog.js,eventlog,/Users/pq/aikagan-web/.opencode/node_modules/effect/dist/unstable/eventlog
EventLog.js.map,2026-09-06 17:28:05 +0000,2026-09-06 17:28:05 +0000,,,19 KB,1,/Users/pq/aikagan-web/.opencode/node_modules/effect/dist/unstable/eventlog/EventLog.js.map,eventlog,/Users/pq/aikagan-web/.opencode/node_modules/effect/dist/unstable/eventlog
EventLogEncryption.d.ts,2026-09-06 17:28:07 +0000,2026-09-06 17:28:07 +0000,,Mpeg-2 Transport Stream,5 KB,1,/Users/pq/aikagan-web/.opencode/node_modules/effect/dist/unstable/eventlog/EventLogEncryption.d.ts,eventlog,/Users/pq/aikagan-web/.opencode/node_modules/effect/dist/unstable/eventlog
EventLogEncryption.d.ts.map,2026-09-06 17:28:05 +0000,2026-09-06 17:28:05 +0000,,,1 KB,1,/Users/pq/aikagan-web/.opencode/node_modules/effect/dist/unstable/eventlog/EventLogEncryption.d.ts.map,eventlog,/Users/pq/aikagan-web/.opencode/node_modules/effect/dist/unstable/eventlog
EventLogEncryption.js,2026-09-06 17:28:04 +0000,2026-09-06 17:28:04 +0000,,Javascript,5 KB,1,/Users/pq/aikagan-web/.opencode/node_modules/effect/dist/unstable/eventlog/EventLogEncryption.js,eventlog,/Users/pq/aikagan-web/.opencode/node_modules/effect/dist/unstable/eventlog
EventLogEncryption.js.map,2026-09-06 17:28:05 +0000,2026-09-06 17:28:05 +0000,,,5 KB,1,/Users/pq/aikagan-web/.opencode/node_modules/effect/dist/unstable/eventlog/EventLogEncryption.js.map,eventlog,/Users/pq/aikagan-web/.opencode/node_modules/effect/dist/unstable/eventlog
EventLogMessage.d.ts,2026-09-06 17:28:07 +0000,2026-09-06 17:28:07 +0000,,Mpeg-2 Transport Stream,14 KB,1,/Users/pq/aikagan-web/.opencode/node_modules/effect/dist/unstable/eventlog/EventLogMessage.d.ts,eventlog,/Users/pq/aikagan-web/.opencode/node_modules/effect/dist/unstable/eventlog
EventLogMessage.d.ts.map,2026-09-06 17:28:05 +0000,2026-09-06 17:28:05 +0000,,,2 KB,1,/Users/pq/aikagan-web/.opencode/node_modules/effect/dist/unstable/eventlog/EventLogMessage.d.ts.map,eventlog,/Users/pq/aikagan-web/.opencode/node_modules/effect/dist/unstable/eventlog
EventLogMessage.js,2026-09-06 17:28:04 +0000,2026-09-06 17:28:04 +0000,,Javascript,9 KB,1,/Users/pq/aikagan-web/.opencode/node_modules/effect/dist/unstable/eventlog/EventLogMessage.js,eventlog,/Users/pq/aikagan-web/.opencode/node_modules/effect/dist/unstable/eventlog
EventLogMessage.js.map,2026-09-06 17:28:05 +0000,2026-09-06 17:28:05 +0000,,,7 KB,1,/Users/pq/aikagan-web/.opencode/node_modules/effect/dist/unstable/eventlog/EventLogMessage.js.map,eventlog,/Users/pq/aikagan-web/.opencode/node_modules/effect/dist/unstable/eventlog
EventLogRemote.d.ts,2026-09-06 17:28:07 +0000,2026-09-06 17:28:07 +0000,,Mpeg-2 Transport Stream,10 KB,1,/Users/pq/aikagan-web/.opencode/node_modules/effect/dist/unstable/eventlog/EventLogRemote.d.ts,eventlog,/Users/pq/aikagan-web/.opencode/node_modules/effect/dist/unstable/eventlog
EventLogRemote.d.ts.map,2026-09-06 17:28:05 +0000,2026-09-06 17:28:05 +0000,,,4 KB,1,/Users/pq/aikagan-web/.opencode/node_modules/effect/dist/unstable/eventlog/EventLogRemote.d.ts.map,eventlog,/Users/pq/aikagan-web/.opencode/node_modules/effect/dist/unstable/eventlog
EventLogRemote.js,2026-09-06 17:28:04 +0000,2026-09-06 17:28:04 +0000,,Javascript,11 KB,1,/Users/pq/aikagan-web/.opencode/node_modules/effect/dist/unstable/eventlog/EventLogRemote.js,eventlog,/Users/pq/aikagan-web/.opencode/node_modules/effect/dist/unstable/eventlog
EventLogRemote.js.map,2026-09-06 17:28:05 +0000,2026-09-06 17:28:05 +0000,,,9 KB,1,/Users/pq/aikagan-web/.opencode/node_modules/effect/dist/unstable/eventlog/EventLogRemote.js.map,eventlog,/Users/pq/aikagan-web/.opencode/node_modules/effect/dist/unstable/eventlog
EventLogServer.d.ts,2026-09-06 17:28:07 +0000,2026-09-06 17:28:07 +0000,,Mpeg-2 Transport Stream,2 KB,1,/Users/pq/aikagan-web/.opencode/node_modules/effect/dist/unstable/eventlog/EventLogServer.d.ts,eventlog,/Users/pq/aikagan-web/.opencode/node_modules/effect/dist/unstable/eventlog
EventLogServer.d.ts.map,2026-09-06 17:28:05 +0000,2026-09-06 17:28:05 +0000,,,1 KB,1,/Users/pq/aikagan-web/.opencode/node_modules/effect/dist/unstable/eventlog/EventLogServer.d.ts.map,eventlog,/Users/pq/aikagan-web/.opencode/node_modules/effect/dist/unstable/eventlog
EventLogServer.js,2026-09-06 17:28:04 +0000,2026-09-06 17:28:04 +0000,,Javascript,6 KB,1,/Users/pq/aikagan-web/.opencode/node_modules/effect/dist/unstable/eventlog/EventLogServer.js,eventlog,/Users/pq/aikagan-web/.opencode/node_modules/effect/dist/unstable/eventlog
EventLogServer.js.map,2026-09-06 17:28:05 +0000,2026-09-06 17:28:05 +0000,,,6 KB,1,/Users/pq/aikagan-web/.opencode/node_modules/effect/dist/unstable/eventlog/EventLogServer.js.map,eventlog,/Users/pq/aikagan-web/.opencode/node_modules/effect/dist/unstable/eventlog
EventLogServerEncrypted.d.ts,2026-09-06 17:28:07 +0000,2026-09-06 17:28:07 +0000,,Mpeg-2 Transport Stream,5 KB,1,/Users/pq/aikagan-web/.opencode/node_modules/effect/dist/unstable/eventlog/EventLogServerEncrypted.d.ts,eventlog,/Users/pq/aikagan-web/.opencode/node_modules/effect/dist/unstable/eventlog
EventLogServerEncrypted.d.ts.map,2026-09-06 17:28:05 +0000,2026-09-06 17:28:05 +0000,,,2 KB,1,/Users/pq/aikagan-web/.opencode/node_modules/effect/dist/unstable/eventlog/EventLogServerEncrypted.d.ts.map,eventlog,/Users/pq/aikagan-web/.opencode/node_modules/effect/dist/unstable/eventlog
EventLogServerEncrypted.js,2026-09-06 17:28:04 +0000,2026-09-06 17:28:04 +0000,,Javascript,9 KB,1,/Users/pq/aikagan-web/.opencode/node_modules/effect/dist/unstable/eventlog/EventLogServerEncrypted.js,eventlog,/Users/pq/aikagan-web/.opencode/node_modules/effect/dist/unstable/eventlog
EventLogServerEncrypted.js.map,2026-09-06 17:28:05 +0000,2026-09-06 17:28:05 +0000,,,7 KB,1,/Users/pq/aikagan-web/.opencode/node_modules/effect/dist/unstable/eventlog/EventLogServerEncrypted.js.map,eventlog,/Users/pq/aikagan-web/.opencode/node_modules/effect/dist/unstable/eventlog
EventLogServerUnencrypted.d.ts,2026-09-06 17:28:07 +0000,2026-09-06 17:28:07 +0000,,Mpeg-2 Transport Stream,14 KB,1,/Users/pq/aikagan-web/.opencode/node_modules/effect/dist/unstable/eventlog/EventLogServerUnencrypted.d.ts,eventlog,/Users/pq/aikagan-web/.opencode/node_modules/effect/dist/unstable/eventlog
EventLogServerUnencrypted.d.ts.map,2026-09-06 17:28:05 +0000,2026-09-06 17:28:05 +0000,,,7 KB,1,/Users/pq/aikagan-web/.opencode/node_modules/effect/dist/unstable/eventlog/EventLogServerUnencrypted.d.ts.map,eventlog,/Users/pq/aikagan-web/.opencode/node_modules/effect/dist/unstable/eventlog
EventLogServerUnencrypted.js,2026-09-06 17:28:04 +0000,2026-09-06 17:28:04 +0000,,Javascript,24 KB,1,/Users/pq/aikagan-web/.opencode/node_modules/effect/dist/unstable/eventlog/EventLogServerUnencrypted.js,eventlog,/Users/pq/aikagan-web/.opencode/node_modules/effect/dist/unstable/eventlog
EventLogServerUnencrypted.js.map,2026-09-06 17:28:05 +0000,2026-09-06 17:28:05 +0000,,,20 KB,1,/Users/pq/aikagan-web/.opencode/node_modules/effect/dist/unstable/eventlog/EventLogServerUnencrypted.js.map,eventlog,/Users/pq/aikagan-web/.opencode/node_modules/effect/dist/unstable/eventlog
EventLogSessionAuth.d.ts,2026-09-06 17:28:07 +0000,2026-09-06 17:28:07 +0000,,Mpeg-2 Transport Stream,6 KB,1,/Users/pq/aikagan-web/.opencode/node_modules/effect/dist/unstable/eventlog/EventLogSessionAuth.d.ts,eventlog,/Users/pq/aikagan-web/.opencode/node_modules/effect/dist/unstable/eventlog
EventLogSessionAuth.d.ts.map,2026-09-06 17:28:05 +0000,2026-09-06 17:28:05 +0000,,,2 KB,1,/Users/pq/aikagan-web/.opencode/node_modules/effect/dist/unstable/eventlog/EventLogSessionAuth.d.ts.map,eventlog,/Users/pq/aikagan-web/.opencode/node_modules/effect/dist/unstable/eventlog
EventLogSessionAuth.js,2026-09-06 17:28:04 +0000,2026-09-06 17:28:04 +0000,,Javascript,14 KB,1,/Users/pq/aikagan-web/.opencode/node_modules/effect/dist/unstable/eventlog/EventLogSessionAuth.js,eventlog,/Users/pq/aikagan-web/.opencode/node_modules/effect/dist/unstable/eventlog
EventLogSessionAuth.js.map,2026-09-06 17:28:05 +0000,2026-09-06 17:28:05 +0000,,,10 KB,1,/Users/pq/aikagan-web/.opencode/node_modules/effect/dist/unstable/eventlog/EventLogSessionAuth.js.map,eventlog,/Users/pq/aikagan-web/.opencode/node_modules/effect/dist/unstable/eventlog
SqlEventJournal.d.ts,2026-09-06 17:28:08 +0000,2026-09-06 17:28:08 +0000,,Mpeg-2 Transport Stream,2 KB,1,/Users/pq/aikagan-web/.opencode/node_modules/effect/dist/unstable/eventlog/SqlEventJournal.d.ts,eventlog,/Users/pq/aikagan-web/.opencode/node_modules/effect/dist/unstable/eventlog
SqlEventJournal.d.ts.map,2026-09-06 17:28:06 +0000,2026-09-06 17:28:06 +0000,,,830 bytes,1,/Users/pq/aikagan-web/.opencode/node_modules/effect/dist/unstable/eventlog/SqlEventJournal.d.ts.map,eventlog,/Users/pq/aikagan-web/.opencode/node_modules/effect/dist/unstable/eventlog
SqlEventJournal.js,2026-09-06 17:28:05 +0000,2026-09-06 17:28:05 +0000,,Javascript,12 KB,1,/Users/pq/aikagan-web/.opencode/node_modules/effect/dist/unstable/eventlog/SqlEventJournal.js,eventlog,/Users/pq/aikagan-web/.opencode/node_modules/effect/dist/unstable/eventlog
SqlEventJournal.js.map,2026-09-06 17:28:06 +0000,2026-09-06 17:28:06 +0000,,,9 KB,1,/Users/pq/aikagan-web/.opencode/node_modules/effect/dist/unstable/eventlog/SqlEventJournal.js.map,eventlog,/Users/pq/aikagan-web/.opencode/node_modules/effect/dist/unstable/eventlog
SqlEventLogServerEncrypted.d.ts,2026-09-06 17:28:08 +0000,2026-09-06 17:28:08 +0000,,Mpeg-2 Transport Stream,4 KB,1,/Users/pq/aikagan-web/.opencode/node_modules/effect/dist/unstable/eventlog/SqlEventLogServerEncrypted.d.ts,eventlog,/Users/pq/aikagan-web/.opencode/node_modules/effect/dist/unstable/eventlog
SqlEventLogServerEncrypted.d.ts.map,2026-09-06 17:28:06 +0000,2026-09-06 17:28:06 +0000,,,1 KB,1,/Users/pq/aikagan-web/.opencode/node_modules/effect/dist/unstable/eventlog/SqlEventLogServerEncrypted.d.ts.map,eventlog,/Users/pq/aikagan-web/.opencode/node_modules/effect/dist/unstable/eventlog
SqlEventLogServerEncrypted.js,2026-09-06 17:28:05 +0000,2026-09-06 17:28:05 +0000,,Javascript,12 KB,1,/Users/pq/aikagan-web/.opencode/node_modules/effect/dist/unstable/eventlog/SqlEventLogServerEncrypted.js,eventlog,/Users/pq/aikagan-web/.opencode/node_modules/effect/dist/unstable/eventlog
SqlEventLogServerEncrypted.js.map,2026-09-06 17:28:06 +0000,2026-09-06 17:28:06 +0000,,,9 KB,1,/Users/pq/aikagan-web/.opencode/node_modules/effect/dist/unstable/eventlog/SqlEventLogServerEncrypted.js.map,eventlog,/Users/pq/aikagan-web/.opencode/node_modules/effect/dist/unstable/eventlog
SqlEventLogServerUnencrypted.d.ts,2026-09-06 17:28:08 +0000,2026-09-06 17:28:08 +0000,,Mpeg-2 Transport Stream,1 KB,1,/Users/pq/aikagan-web/.opencode/node_modules/effect/dist/unstable/eventlog/SqlEventLogServerUnencrypted.d.ts,eventlog,/Users/pq/aikagan-web/.opencode/node_modules/effect/dist/unstable/eventlog
SqlEventLogServerUnencrypted.d.ts.map,2026-09-06 17:28:06 +0000,2026-09-06 17:28:06 +0000,,,989 bytes,1,/Users/pq/aikagan-web/.opencode/node_modules/effect/dist/unstable/eventlog/SqlEventLogServerUnencrypted.d.ts.map,eventlog,/Users/pq/aikagan-web/.opencode/node_modules/effect/dist/unstable/eventlog
SqlEventLogServerUnencrypted.js,2026-09-06 17:28:05 +0000,2026-09-06 17:28:05 +0000,,Javascript,16 KB,1,/Users/pq/aikagan-web/.opencode/node_modules/effect/dist/unstable/eventlog/SqlEventLogServerUnencrypted.js,eventlog,/Users/pq/aikagan-web/.opencode/node_modules/effect/dist/unstable/eventlog
SqlEventLogServerUnencrypted.js.map,2026-09-06 17:28:06 +0000,2026-09-06 17:28:06 +0000,,,12 KB,1,/Users/pq/aikagan-web/.opencode/node_modules/effect/dist/unstable/eventlog/SqlEventLogServerUnencrypted.js.map,eventlog,/Users/pq/aikagan-web/.opencode/node_modules/effect/dist/unstable/eventlog
index.d.ts,2026-09-06 17:28:07 +0000,2026-09-06 17:28:07 +0000,,Mpeg-2 Transport Stream,1 KB,1,/Users/pq/aikagan-web/.opencode/node_modules/effect/dist/unstable/eventlog/index.d.ts,eventlog,/Users/pq/aikagan-web/.opencode/node_modules/effect/dist/unstable/eventlog
index.d.ts.map,2026-09-06 17:28:05 +0000,2026-09-06 17:28:05 +0000,,,831 bytes,1,/Users/pq/aikagan-web/.opencode/node_modules/effect/dist/unstable/eventlog/index.d.ts.map,eventlog,/Users/pq/aikagan-web/.opencode/node_modules/effect/dist/unstable/eventlog
index.js,2026-09-06 17:28:04 +0000,2026-09-06 17:28:04 +0000,,Javascript,1 KB,1,/Users/pq/aikagan-web/.opencode/node_modules/effect/dist/unstable/eventlog/index.js,eventlog,/Users/pq/aikagan-web/.opencode/node_modules/effect/dist/unstable/eventlog
index.js.map,2026-09-06 17:28:05 +0000,2026-09-06 17:28:05 +0000,,,1 KB,1,/Users/pq/aikagan-web/.opencode/node_modules/effect/dist/unstable/eventlog/index.js.map,eventlog,/Users/pq/aikagan-web/.opencode/node_modules/effect/dist/unstable/eventlog
internal,2026-09-06 17:28:07 +0000,2026-09-06 17:28:04 +0000,,Folder,4 bytes,0,/Users/pq/aikagan-web/.opencode/node_modules/effect/dist/unstable/eventlog/internal,eventlog,/Users/pq/aikagan-web/.opencode/node_modules/effect/dist/unstable/eventlog/internal
identityRootSecretDerivation.d.ts,2026-09-06 17:28:07 +0000,2026-09-06 17:28:07 +0000,,Mpeg-2 Transport Stream,69 bytes,1,/Users/pq/aikagan-web/.opencode/node_modules/effect/dist/unstable/eventlog/internal/identityRootSecretDerivation.d.ts,internal,/Users/pq/aikagan-web/.opencode/node_modules/effect/dist/unstable/eventlog/internal
identityRootSecretDerivation.d.ts.map,2026-09-06 17:28:05 +0000,2026-09-06 17:28:05 +0000,,,186 bytes,1,/Users/pq/aikagan-web/.opencode/node_modules/effect/dist/unstable/eventlog/internal/identityRootSecretDerivation.d.ts.map,internal,/Users/pq/aikagan-web/.opencode/node_modules/effect/dist/unstable/eventlog/internal
identityRootSecretDerivation.js,2026-09-06 17:28:04 +0000,2026-09-06 17:28:04 +0000,,Javascript,4 KB,1,/Users/pq/aikagan-web/.opencode/node_modules/effect/dist/unstable/eventlog/internal/identityRootSecretDerivation.js,internal,/Users/pq/aikagan-web/.opencode/node_modules/effect/dist/unstable/eventlog/internal
identityRootSecretDerivation.js.map,2026-09-06 17:28:05 +0000,2026-09-06 17:28:05 +0000,,,5 KB,1,/Users/pq/aikagan-web/.opencode/node_modules/effect/dist/unstable/eventlog/internal/identityRootSecretDerivation.js.map,internal,/Users/pq/aikagan-web/.opencode/node_modules/effect/dist/unstable/eventlog/internal
http,2026-09-06 17:28:08 +0000,2026-09-06 17:28:04 +0000,,Folder,118 bytes,0,/Users/pq/aikagan-web/.opencode/node_modules/effect/dist/unstable/http,unstable,/Users/pq/aikagan-web/.opencode/node_modules/effect/dist/unstable/http
Cookies.d.ts,2026-09-06 17:28:07 +0000,2026-09-06 17:28:07 +0000,,Mpeg-2 Transport Stream,19 KB,1,/Users/pq/aikagan-web/.opencode/node_modules/effect/dist/unstable/http/Cookies.d.ts,http,/Users/pq/aikagan-web/.opencode/node_modules/effect/dist/unstable/http
Cookies.d.ts.map,2026-09-06 17:28:05 +0000,2026-09-06 17:28:05 +0000,,,8 KB,1,/Users/pq/aikagan-web/.opencode/node_modules/effect/dist/unstable/http/Cookies.d.ts.map,http,/Users/pq/aikagan-web/.opencode/node_modules/effect/dist/unstable/http
Cookies.js,2026-09-06 17:28:04 +0000,2026-09-06 17:28:04 +0000,,Javascript,21 KB,1,/Users/pq/aikagan-web/.opencode/node_modules/effect/dist/unstable/http/Cookies.js,http,/Users/pq/aikagan-web/.opencode/node_modules/effect/dist/unstable/http
Cookies.js.map,2026-09-06 17:28:05 +0000,2026-09-06 17:28:05 +0000,,,17 KB,1,/Users/pq/aikagan-web/.opencode/node_modules/effect/dist/unstable/http/Cookies.js.map,http,/Users/pq/aikagan-web/.opencode/node_modules/effect/dist/unstable/http
Etag.d.ts,2026-09-06 17:28:07 +0000,2026-09-06 17:28:07 +0000,,Mpeg-2 Transport Stream,4 KB,1,/Users/pq/aikagan-web/.opencode/node_modules/effect/dist/unstable/http/Etag.d.ts,http,/Users/pq/aikagan-web/.opencode/node_modules/effect/dist/unstable/http
Etag.d.ts.map,2026-09-06 17:28:05 +0000,2026-09-06 17:28:05 +0000,,,1 KB,1,/Users/pq/aikagan-web/.opencode/node_modules/effect/dist/unstable/http/Etag.d.ts.map,http,/Users/pq/aikagan-web/.opencode/node_modules/effect/dist/unstable/http
Etag.js,2026-09-06 17:28:04 +0000,2026-09-06 17:28:04 +0000,,Javascript,4 KB,1,/Users/pq/aikagan-web/.opencode/node_modules/effect/dist/unstable/http/Etag.js,http,/Users/pq/aikagan-web/.opencode/node_modules/effect/dist/unstable/http
Etag.js.map,2026-09-06 17:28:05 +0000,2026-09-06 17:28:05 +0000,,,2 KB,1,/Users/pq/aikagan-web/.opencode/node_modules/effect/dist/unstable/http/Etag.js.map,http,/Users/pq/aikagan-web/.opencode/node_modules/effect/dist/unstable/http
FetchHttpClient.d.ts,2026-09-06 17:28:07 +0000,2026-09-06 17:28:07 +0000,,Mpeg-2 Transport Stream,4 KB,1,/Users/pq/aikagan-web/.opencode/node_modules/effect/dist/unstable/http/FetchHttpClient.d.ts,http,/Users/pq/aikagan-web/.opencode/node_modules/effect/dist/unstable/http
FetchHttpClient.d.ts.map,2026-09-06 17:28:05 +0000,2026-09-06 17:28:05 +0000,,,521 bytes,1,/Users/pq/aikagan-web/.opencode/node_modules/effect/dist/unstable/http/FetchHttpClient.d.ts.map,http,/Users/pq/aikagan-web/.opencode/node_modules/effect/dist/unstable/http
FetchHttpClient.js,2026-09-06 17:28:04 +0000,2026-09-06 17:28:04 +0000,,Javascript,5 KB,1,/Users/pq/aikagan-web/.opencode/node_modules/effect/dist/unstable/http/FetchHttpClient.js,http,/Users/pq/aikagan-web/.opencode/node_modules/effect/dist/unstable/http
FetchHttpClient.js.map,2026-09-06 17:28:05 +0000,2026-09-06 17:28:05 +0000,,,3 KB,1,/Users/pq/aikagan-web/.opencode/node_modules/effect/dist/unstable/http/FetchHttpClient.js.map,http,/Users/pq/aikagan-web/.opencode/node_modules/effect/dist/unstable/http
FindMyWay.d.ts,2026-09-06 17:28:07 +0000,2026-09-06 17:28:07 +0000,,Mpeg-2 Transport Stream,143 bytes,1,/Users/pq/aikagan-web/.opencode/node_modules/effect/dist/unstable/http/FindMyWay.d.ts,http,/Users/pq/aikagan-web/.opencode/node_modules/effect/dist/unstable/http
FindMyWay.d.ts.map,2026-09-06 17:28:05 +0000,2026-09-06 17:28:05 +0000,,,176 bytes,1,/Users/pq/aikagan-web/.opencode/node_modules/effect/dist/unstable/http/FindMyWay.d.ts.map,http,/Users/pq/aikagan-web/.opencode/node_modules/effect/dist/unstable/http
FindMyWay.js,2026-09-06 17:28:04 +0000,2026-09-06 17:28:04 +0000,,Javascript,141 bytes,1,/Users/pq/aikagan-web/.opencode/node_modules/effect/dist/unstable/http/FindMyWay.js,http,/Users/pq/aikagan-web/.opencode/node_modules/effect/dist/unstable/http
FindMyWay.js.map,2026-09-06 17:28:05 +0000,2026-09-06 17:28:05 +0000,,,185 bytes,1,/Users/pq/aikagan-web/.opencode/node_modules/effect/dist/unstable/http/FindMyWay.js.map,http,/Users/pq/aikagan-web/.opencode/node_modules/effect/dist/unstable/http
Headers.d.ts,2026-09-06 17:28:07 +0000,2026-09-06 17:28:07 +0000,,Mpeg-2 Transport Stream,13 KB,1,/Users/pq/aikagan-web/.opencode/node_modules/effect/dist/unstable/http/Headers.d.ts,http,/Users/pq/aikagan-web/.opencode/node_modules/effect/dist/unstable/http
Headers.d.ts.map,2026-09-06 17:28:05 +0000,2026-09-06 17:28:05 +0000,,,4 KB,1,/Users/pq/aikagan-web/.opencode/node_modules/effect/dist/unstable/http/Headers.d.ts.map,http,/Users/pq/aikagan-web/.opencode/node_modules/effect/dist/unstable/http
Headers.js,2026-09-06 17:28:04 +0000,2026-09-06 17:28:04 +0000,,Javascript,10 KB,1,/Users/pq/aikagan-web/.opencode/node_modules/effect/dist/unstable/http/Headers.js,http,/Users/pq/aikagan-web/.opencode/node_modules/effect/dist/unstable/http
Headers.js.map,2026-09-06 17:28:05 +0000,2026-09-06 17:28:05 +0000,,,7 KB,1,/Users/pq/aikagan-web/.opencode/node_modules/effect/dist/unstable/http/Headers.js.map,http,/Users/pq/aikagan-web/.opencode/node_modules/effect/dist/unstable/http
HttpBody.d.ts,2026-09-06 17:28:07 +0000,2026-09-06 17:28:07 +0000,,Mpeg-2 Transport Stream,11 KB,1,/Users/pq/aikagan-web/.opencode/node_modules/effect/dist/unstable/http/HttpBody.d.ts,http,/Users/pq/aikagan-web/.opencode/node_modules/effect/dist/unstable/http
HttpBody.d.ts.map,2026-09-06 17:28:05 +0000,2026-09-06 17:28:05 +0000,,,5 KB,1,/Users/pq/aikagan-web/.opencode/node_modules/effect/dist/unstable/http/HttpBody.d.ts.map,http,/Users/pq/aikagan-web/.opencode/node_modules/effect/dist/unstable/http
HttpBody.js,2026-09-06 17:28:04 +0000,2026-09-06 17:28:04 +0000,,Javascript,12 KB,1,/Users/pq/aikagan-web/.opencode/node_modules/effect/dist/unstable/http/HttpBody.js,http,/Users/pq/aikagan-web/.opencode/node_modules/effect/dist/unstable/http
HttpBody.js.map,2026-09-06 17:28:05 +0000,2026-09-06 17:28:05 +0000,,,7 KB,1,/Users/pq/aikagan-web/.opencode/node_modules/effect/dist/unstable/http/HttpBody.js.map,http,/Users/pq/aikagan-web/.opencode/node_modules/effect/dist/unstable/http
HttpClient.d.ts,2026-09-06 17:28:07 +0000,2026-09-06 17:28:07 +0000,,Mpeg-2 Transport Stream,40 KB,1,/Users/pq/aikagan-web/.opencode/node_modules/effect/dist/unstable/http/HttpClient.d.ts,http,/Users/pq/aikagan-web/.opencode/node_modules/effect/dist/unstable/http
HttpClient.d.ts.map,2026-09-06 17:28:05 +0000,2026-09-06 17:28:05 +0000,,,27 KB,1,/Users/pq/aikagan-web/.opencode/node_modules/effect/dist/unstable/http/HttpClient.d.ts.map,http,/Users/pq/aikagan-web/.opencode/node_modules/effect/dist/unstable/http
HttpClient.js,2026-09-06 17:28:04 +0000,2026-09-06 17:28:04 +0000,,Javascript,26 KB,1,/Users/pq/aikagan-web/.opencode/node_modules/effect/dist/unstable/http/HttpClient.js,http,/Users/pq/aikagan-web/.opencode/node_modules/effect/dist/unstable/http
HttpClient.js.map,2026-09-06 17:28:05 +0000,2026-09-06 17:28:05 +0000,,,27 KB,1,/Users/pq/aikagan-web/.opencode/node_modules/effect/dist/unstable/http/HttpClient.js.map,http,/Users/pq/aikagan-web/.opencode/node_modules/effect/dist/unstable/http
HttpClientError.d.ts,2026-09-06 17:28:07 +0000,2026-09-06 17:28:07 +0000,,Mpeg-2 Transport Stream,9 KB,1,/Users/pq/aikagan-web/.opencode/node_modules/effect/dist/unstable/http/HttpClientError.d.ts,http,/Users/pq/aikagan-web/.opencode/node_modules/effect/dist/unstable/http
HttpClientError.d.ts.map,2026-09-06 17:28:05 +0000,2026-09-06 17:28:05 +0000,,,3 KB,1,/Users/pq/aikagan-web/.opencode/node_modules/effect/dist/unstable/http/HttpClientError.d.ts.map,http,/Users/pq/aikagan-web/.opencode/node_modules/effect/dist/unstable/http
HttpClientError.js,2026-09-06 17:28:04 +0000,2026-09-06 17:28:04 +0000,,Javascript,8 KB,1,/Users/pq/aikagan-web/.opencode/node_modules/effect/dist/unstable/http/HttpClientError.js,http,/Users/pq/aikagan-web/.opencode/node_modules/effect/dist/unstable/http
HttpClientError.js.map,2026-09-06 17:28:05 +0000,2026-09-06 17:28:05 +0000,,,4 KB,1,/Users/pq/aikagan-web/.opencode/node_modules/effect/dist/unstable/http/HttpClientError.js.map,http,/Users/pq/aikagan-web/.opencode/node_modules/effect/dist/unstable/http
HttpClientRequest.d.ts,2026-09-06 17:28:07 +0000,2026-09-06 17:28:07 +0000,,Mpeg-2 Transport Stream,27 KB,1,/Users/pq/aikagan-web/.opencode/node_modules/effect/dist/unstable/http/HttpClientRequest.d.ts,http,/Users/pq/aikagan-web/.opencode/node_modules/effect/dist/unstable/http
HttpClientRequest.d.ts.map,2026-09-06 17:28:05 +0000,2026-09-06 17:28:05 +0000,,,12 KB,1,/Users/pq/aikagan-web/.opencode/node_modules/effect/dist/unstable/http/HttpClientRequest.d.ts.map,http,/Users/pq/aikagan-web/.opencode/node_modules/effect/dist/unstable/http
HttpClientRequest.js,2026-09-06 17:28:04 +0000,2026-09-06 17:28:04 +0000,,Javascript,19 KB,1,/Users/pq/aikagan-web/.opencode/node_modules/effect/dist/unstable/http/HttpClientRequest.js,http,/Users/pq/aikagan-web/.opencode/node_modules/effect/dist/unstable/http
HttpClientRequest.js.map,2026-09-06 17:28:05 +0000,2026-09-06 17:28:05 +0000,,,16 KB,1,/Users/pq/aikagan-web/.opencode/node_modules/effect/dist/unstable/http/HttpClientRequest.js.map,http,/Users/pq/aikagan-web/.opencode/node_modules/effect/dist/unstable/http
HttpClientResponse.d.ts,2026-09-06 17:28:07 +0000,2026-09-06 17:28:07 +0000,,Mpeg-2 Transport Stream,8 KB,1,/Users/pq/aikagan-web/.opencode/node_modules/effect/dist/unstable/http/HttpClientResponse.d.ts,http,/Users/pq/aikagan-web/.opencode/node_modules/effect/dist/unstable/http
HttpClientResponse.d.ts.map,2026-09-06 17:28:05 +0000,2026-09-06 17:28:05 +0000,,,4 KB,1,/Users/pq/aikagan-web/.opencode/node_modules/effect/dist/unstable/http/HttpClientResponse.d.ts.map,http,/Users/pq/aikagan-web/.opencode/node_modules/effect/dist/unstable/http
HttpClientResponse.js,2026-09-06 17:28:04 +0000,2026-09-06 17:28:04 +0000,,Javascript,10 KB,1,/Users/pq/aikagan-web/.opencode/node_modules/effect/dist/unstable/http/HttpClientResponse.js,http,/Users/pq/aikagan-web/.opencode/node_modules/effect/dist/unstable/http
HttpClientResponse.js.map,2026-09-06 17:28:05 +0000,2026-09-06 17:28:05 +0000,,,8 KB,1,/Users/pq/aikagan-web/.opencode/node_modules/effect/dist/unstable/http/HttpClientResponse.js.map,http,/Users/pq/aikagan-web/.opencode/node_modules/effect/dist/unstable/http
HttpEffect.d.ts,2026-09-06 17:28:07 +0000,2026-09-06 17:28:07 +0000,,Mpeg-2 Transport Stream,6 KB,1,/Users/pq/aikagan-web/.opencode/node_modules/effect/dist/unstable/http/HttpEffect.d.ts,http,/Users/pq/aikagan-web/.opencode/node_modules/effect/dist/unstable/http
HttpEffect.d.ts.map,2026-09-06 17:28:05 +0000,2026-09-06 17:28:05 +0000,,,5 KB,1,/Users/pq/aikagan-web/.opencode/node_modules/effect/dist/unstable/http/HttpEffect.d.ts.map,http,/Users/pq/aikagan-web/.opencode/node_modules/effect/dist/unstable/http
HttpEffect.js,2026-09-06 17:28:04 +0000,2026-09-06 17:28:04 +0000,,Javascript,10 KB,1,/Users/pq/aikagan-web/.opencode/node_modules/effect/dist/unstable/http/HttpEffect.js,http,/Users/pq/aikagan-web/.opencode/node_modules/effect/dist/unstable/http
HttpEffect.js.map,2026-09-06 17:28:05 +0000,2026-09-06 17:28:05 +0000,,,10 KB,1,/Users/pq/aikagan-web/.opencode/node_modules/effect/dist/unstable/http/HttpEffect.js.map,http,/Users/pq/aikagan-web/.opencode/node_modules/effect/dist/unstable/http
HttpIncomingMessage.d.ts,2026-09-06 17:28:07 +0000,2026-09-06 17:28:07 +0000,,Mpeg-2 Transport Stream,5 KB,1,/Users/pq/aikagan-web/.opencode/node_modules/effect/dist/unstable/http/HttpIncomingMessage.d.ts,http,/Users/pq/aikagan-web/.opencode/node_modules/effect/dist/unstable/http
HttpIncomingMessage.d.ts.map,2026-09-06 17:28:05 +0000,2026-09-06 17:28:05 +0000,,,2 KB,1,/Users/pq/aikagan-web/.opencode/node_modules/effect/dist/unstable/http/HttpIncomingMessage.d.ts.map,http,/Users/pq/aikagan-web/.opencode/node_modules/effect/dist/unstable/http
HttpIncomingMessage.js,2026-09-06 17:28:04 +0000,2026-09-06 17:28:04 +0000,,Javascript,4 KB,1,/Users/pq/aikagan-web/.opencode/node_modules/effect/dist/unstable/http/HttpIncomingMessage.js,http,/Users/pq/aikagan-web/.opencode/node_modules/effect/dist/unstable/http
HttpIncomingMessage.js.map,2026-09-06 17:28:05 +0000,2026-09-06 17:28:05 +0000,,,3 KB,1,/Users/pq/aikagan-web/.opencode/node_modules/effect/dist/unstable/http/HttpIncomingMessage.js.map,http,/Users/pq/aikagan-web/.opencode/node_modules/effect/dist/unstable/http
HttpMethod.d.ts,2026-09-06 17:28:07 +0000,2026-09-06 17:28:07 +0000,,Mpeg-2 Transport Stream,4 KB,1,/Users/pq/aikagan-web/.opencode/node_modules/effect/dist/unstable/http/HttpMethod.d.ts,http,/Users/pq/aikagan-web/.opencode/node_modules/effect/dist/unstable/http
HttpMethod.d.ts.map,2026-09-06 17:28:05 +0000,2026-09-06 17:28:05 +0000,,,791 bytes,1,/Users/pq/aikagan-web/.opencode/node_modules/effect/dist/unstable/http/HttpMethod.d.ts.map,http,/Users/pq/aikagan-web/.opencode/node_modules/effect/dist/unstable/http
HttpMethod.js,2026-09-06 17:28:04 +0000,2026-09-06 17:28:04 +0000,,Javascript,3 KB,1,/Users/pq/aikagan-web/.opencode/node_modules/effect/dist/unstable/http/HttpMethod.js,http,/Users/pq/aikagan-web/.opencode/node_modules/effect/dist/unstable/http
HttpMethod.js.map,2026-09-06 17:28:05 +0000,2026-09-06 17:28:05 +0000,,,927 bytes,1,/Users/pq/aikagan-web/.opencode/node_modules/effect/dist/unstable/http/HttpMethod.js.map,http,/Users/pq/aikagan-web/.opencode/node_modules/effect/dist/unstable/http
HttpMiddleware.d.ts,2026-09-06 17:28:07 +0000,2026-09-06 17:28:07 +0000,,Mpeg-2 Transport Stream,4 KB,1,/Users/pq/aikagan-web/.opencode/node_modules/effect/dist/unstable/http/HttpMiddleware.d.ts,http,/Users/pq/aikagan-web/.opencode/node_modules/effect/dist/unstable/http
HttpMiddleware.d.ts.map,2026-09-06 17:28:05 +0000,2026-09-06 17:28:05 +0000,,,3 KB,1,/Users/pq/aikagan-web/.opencode/node_modules/effect/dist/unstable/http/HttpMiddleware.d.ts.map,http,/Users/pq/aikagan-web/.opencode/node_modules/effect/dist/unstable/http
HttpMiddleware.js,2026-09-06 17:28:04 +0000,2026-09-06 17:28:04 +0000,,Javascript,12 KB,1,/Users/pq/aikagan-web/.opencode/node_modules/effect/dist/unstable/http/HttpMiddleware.js,http,/Users/pq/aikagan-web/.opencode/node_modules/effect/dist/unstable/http
HttpMiddleware.js.map,2026-09-06 17:28:05 +0000,2026-09-06 17:28:05 +0000,,,12 KB,1,/Users/pq/aikagan-web/.opencode/node_modules/effect/dist/unstable/http/HttpMiddleware.js.map,http,/Users/pq/aikagan-web/.opencode/node_modules/effect/dist/unstable/http
HttpPlatform.d.ts,2026-09-06 17:28:07 +0000,2026-09-06 17:28:07 +0000,,Mpeg-2 Transport Stream,4 KB,1,/Users/pq/aikagan-web/.opencode/node_modules/effect/dist/unstable/http/HttpPlatform.d.ts,http,/Users/pq/aikagan-web/.opencode/node_modules/effect/dist/unstable/http
HttpPlatform.d.ts.map,2026-09-06 17:28:05 +0000,2026-09-06 17:28:05 +0000,,,2 KB,1,/Users/pq/aikagan-web/.opencode/node_modules/effect/dist/unstable/http/HttpPlatform.d.ts.map,http,/Users/pq/aikagan-web/.opencode/node_modules/effect/dist/unstable/http
HttpPlatform.js,2026-09-06 17:28:04 +0000,2026-09-06 17:28:04 +0000,,Javascript,5 KB,1,/Users/pq/aikagan-web/.opencode/node_modules/effect/dist/unstable/http/HttpPlatform.js,http,/Users/pq/aikagan-web/.opencode/node_modules/effect/dist/unstable/http
HttpPlatform.js.map,2026-09-06 17:28:05 +0000,2026-09-06 17:28:05 +0000,,,4 KB,1,/Users/pq/aikagan-web/.opencode/node_modules/effect/dist/unstable/http/HttpPlatform.js.map,http,/Users/pq/aikagan-web/.opencode/node_modules/effect/dist/unstable/http
HttpRouter.d.ts,2026-09-06 17:28:07 +0000,2026-09-06 17:28:07 +0000,,Mpeg-2 Transport Stream,28 KB,1,/Users/pq/aikagan-web/.opencode/node_modules/effect/dist/unstable/http/HttpRouter.d.ts,http,/Users/pq/aikagan-web/.opencode/node_modules/effect/dist/unstable/http
HttpRouter.d.ts.map,2026-09-06 17:28:05 +0000,2026-09-06 17:28:05 +0000,,,18 KB,1,/Users/pq/aikagan-web/.opencode/node_modules/effect/dist/unstable/http/HttpRouter.d.ts.map,http,/Users/pq/aikagan-web/.opencode/node_modules/effect/dist/unstable/http
HttpRouter.js,2026-09-06 17:28:04 +0000,2026-09-06 17:28:04 +0000,,Javascript,23 KB,1,/Users/pq/aikagan-web/.opencode/node_modules/effect/dist/unstable/http/HttpRouter.js,http,/Users/pq/aikagan-web/.opencode/node_modules/effect/dist/unstable/http
HttpRouter.js.map,2026-09-06 17:28:05 +0000,2026-09-06 17:28:05 +0000,,,18 KB,1,/Users/pq/aikagan-web/.opencode/node_modules/effect/dist/unstable/http/HttpRouter.js.map,http,/Users/pq/aikagan-web/.opencode/node_modules/effect/dist/unstable/http
HttpServer.d.ts,2026-09-06 17:28:07 +0000,2026-09-06 17:28:07 +0000,,Mpeg-2 Transport Stream,12 KB,1,/Users/pq/aikagan-web/.opencode/node_modules/effect/dist/unstable/http/HttpServer.d.ts,http,/Users/pq/aikagan-web/.opencode/node_modules/effect/dist/unstable/http
HttpServer.d.ts.map,2026-09-06 17:28:05 +0000,2026-09-06 17:28:05 +0000,,,6 KB,1,/Users/pq/aikagan-web/.opencode/node_modules/effect/dist/unstable/http/HttpServer.d.ts.map,http,/Users/pq/aikagan-web/.opencode/node_modules/effect/dist/unstable/http
HttpServer.js,2026-09-06 17:28:04 +0000,2026-09-06 17:28:04 +0000,,Javascript,6 KB,1,/Users/pq/aikagan-web/.opencode/node_modules/effect/dist/unstable/http/HttpServer.js,http,/Users/pq/aikagan-web/.opencode/node_modules/effect/dist/unstable/http
HttpServer.js.map,2026-09-06 17:28:05 +0000,2026-09-06 17:28:05 +0000,,,3 KB,1,/Users/pq/aikagan-web/.opencode/node_modules/effect/dist/unstable/http/HttpServer.js.map,http,/Users/pq/aikagan-web/.opencode/node_modules/effect/dist/unstable/http
HttpServerError.d.ts,2026-09-06 17:28:07 +0000,2026-09-06 17:28:07 +0000,,Mpeg-2 Transport Stream,10 KB,1,/Users/pq/aikagan-web/.opencode/node_modules/effect/dist/unstable/http/HttpServerError.d.ts,http,/Users/pq/aikagan-web/.opencode/node_modules/effect/dist/unstable/http
HttpServerError.d.ts.map,2026-09-06 17:28:05 +0000,2026-09-06 17:28:05 +0000,,,3 KB,1,/Users/pq/aikagan-web/.opencode/node_modules/effect/dist/unstable/http/HttpServerError.d.ts.map,http,/Users/pq/aikagan-web/.opencode/node_modules/effect/dist/unstable/http
HttpServerError.js,2026-09-06 17:28:04 +0000,2026-09-06 17:28:04 +0000,,Javascript,10 KB,1,/Users/pq/aikagan-web/.opencode/node_modules/effect/dist/unstable/http/HttpServerError.js,http,/Users/pq/aikagan-web/.opencode/node_modules/effect/dist/unstable/http
HttpServerError.js.map,2026-09-06 17:28:05 +0000,2026-09-06 17:28:05 +0000,,,7 KB,1,/Users/pq/aikagan-web/.opencode/node_modules/effect/dist/unstable/http/HttpServerError.js.map,http,/Users/pq/aikagan-web/.opencode/node_modules/effect/dist/unstable/http
HttpServerRequest.d.ts,2026-09-06 17:28:07 +0000,2026-09-06 17:28:07 +0000,,Mpeg-2 Transport Stream,12 KB,1,/Users/pq/aikagan-web/.opencode/node_modules/effect/dist/unstable/http/HttpServerRequest.d.ts,http,/Users/pq/aikagan-web/.opencode/node_modules/effect/dist/unstable/http
HttpServerRequest.d.ts.map,2026-09-06 17:28:05 +0000,2026-09-06 17:28:05 +0000,,,6 KB,1,/Users/pq/aikagan-web/.opencode/node_modules/effect/dist/unstable/http/HttpServerRequest.d.ts.map,http,/Users/pq/aikagan-web/.opencode/node_modules/effect/dist/unstable/http
HttpServerRequest.js,2026-09-06 17:28:04 +0000,2026-09-06 17:28:04 +0000,,Javascript,23 KB,1,/Users/pq/aikagan-web/.opencode/node_modules/effect/dist/unstable/http/HttpServerRequest.js,http,/Users/pq/aikagan-web/.opencode/node_modules/effect/dist/unstable/http
HttpServerRequest.js.map,2026-09-06 17:28:05 +0000,2026-09-06 17:28:05 +0000,,,23 KB,1,/Users/pq/aikagan-web/.opencode/node_modules/effect/dist/unstable/http/HttpServerRequest.js.map,http,/Users/pq/aikagan-web/.opencode/node_modules/effect/dist/unstable/http
HttpServerRespondable.d.ts,2026-09-06 17:28:07 +0000,2026-09-06 17:28:07 +0000,,Mpeg-2 Transport Stream,2 KB,1,/Users/pq/aikagan-web/.opencode/node_modules/effect/dist/unstable/http/HttpServerRespondable.d.ts,http,/Users/pq/aikagan-web/.opencode/node_modules/effect/dist/unstable/http
HttpServerRespondable.d.ts.map,2026-09-06 17:28:05 +0000,2026-09-06 17:28:05 +0000,,,816 bytes,1,/Users/pq/aikagan-web/.opencode/node_modules/effect/dist/unstable/http/HttpServerRespondable.d.ts.map,http,/Users/pq/aikagan-web/.opencode/node_modules/effect/dist/unstable/http
HttpServerRespondable.js,2026-09-06 17:28:04 +0000,2026-09-06 17:28:04 +0000,,Javascript,4 KB,1,/Users/pq/aikagan-web/.opencode/node_modules/effect/dist/unstable/http/HttpServerRespondable.js,http,/Users/pq/aikagan-web/.opencode/node_modules/effect/dist/unstable/http
HttpServerRespondable.js.map,2026-09-06 17:28:05 +0000,2026-09-06 17:28:05 +0000,,,2 KB,1,/Users/pq/aikagan-web/.opencode/node_modules/effect/dist/unstable/http/HttpServerRespondable.js.map,http,/Users/pq/aikagan-web/.opencode/node_modules/effect/dist/unstable/http
HttpServerResponse.d.ts,2026-09-06 17:28:07 +0000,2026-09-06 17:28:07 +0000,,Mpeg-2 Transport Stream,28 KB,1,/Users/pq/aikagan-web/.opencode/node_modules/effect/dist/unstable/http/HttpServerResponse.d.ts,http,/Users/pq/aikagan-web/.opencode/node_modules/effect/dist/unstable/http
HttpServerResponse.d.ts.map,2026-09-06 17:28:05 +0000,2026-09-06 17:28:05 +0000,,,10 KB,1,/Users/pq/aikagan-web/.opencode/node_modules/effect/dist/unstable/http/HttpServerResponse.d.ts.map,http,/Users/pq/aikagan-web/.opencode/node_modules/effect/dist/unstable/http
HttpServerResponse.js,2026-09-06 17:28:04 +0000,2026-09-06 17:28:04 +0000,,Javascript,28 KB,1,/Users/pq/aikagan-web/.opencode/node_modules/effect/dist/unstable/http/HttpServerResponse.js,http,/Users/pq/aikagan-web/.opencode/node_modules/effect/dist/unstable/http
HttpServerResponse.js.map,2026-09-06 17:28:05 +0000,2026-09-06 17:28:05 +0000,,,23 KB,1,/Users/pq/aikagan-web/.opencode/node_modules/effect/dist/unstable/http/HttpServerResponse.js.map,http,/Users/pq/aikagan-web/.opencode/node_modules/effect/dist/unstable/http
HttpStaticServer.d.ts,2026-09-06 17:28:07 +0000,2026-09-06 17:28:07 +0000,,Mpeg-2 Transport Stream,4 KB,1,/Users/pq/aikagan-web/.opencode/node_modules/effect/dist/unstable/http/HttpStaticServer.d.ts,http,/Users/pq/aikagan-web/.opencode/node_modules/effect/dist/unstable/http
HttpStaticServer.d.ts.map,2026-09-06 17:28:05 +0000,2026-09-06 17:28:05 +0000,,,2 KB,1,/Users/pq/aikagan-web/.opencode/node_modules/effect/dist/unstable/http/HttpStaticServer.d.ts.map,http,/Users/pq/aikagan-web/.opencode/node_modules/effect/dist/unstable/http
HttpStaticServer.js,2026-09-06 17:28:04 +0000,2026-09-06 17:28:04 +0000,,Javascript,14 KB,1,/Users/pq/aikagan-web/.opencode/node_modules/effect/dist/unstable/http/HttpStaticServer.js,http,/Users/pq/aikagan-web/.opencode/node_modules/effect/dist/unstable/http
HttpStaticServer.js.map,2026-09-06 17:28:05 +0000,2026-09-06 17:28:05 +0000,,,14 KB,1,/Users/pq/aikagan-web/.opencode/node_modules/effect/dist/unstable/http/HttpStaticServer.js.map,http,/Users/pq/aikagan-web/.opencode/node_modules/effect/dist/unstable/http
HttpTraceContext.d.ts,2026-09-06 17:28:07 +0000,2026-09-06 17:28:07 +0000,,Mpeg-2 Transport Stream,3 KB,1,/Users/pq/aikagan-web/.opencode/node_modules/effect/dist/unstable/http/HttpTraceContext.d.ts,http,/Users/pq/aikagan-web/.opencode/node_modules/effect/dist/unstable/http
HttpTraceContext.d.ts.map,2026-09-06 17:28:05 +0000,2026-09-06 17:28:05 +0000,,,801 bytes,1,/Users/pq/aikagan-web/.opencode/node_modules/effect/dist/unstable/http/HttpTraceContext.d.ts.map,http,/Users/pq/aikagan-web/.opencode/node_modules/effect/dist/unstable/http
HttpTraceContext.js,2026-09-06 17:28:04 +0000,2026-09-06 17:28:04 +0000,,Javascript,5 KB,1,/Users/pq/aikagan-web/.opencode/node_modules/effect/dist/unstable/http/HttpTraceContext.js,http,/Users/pq/aikagan-web/.opencode/node_modules/effect/dist/unstable/http
HttpTraceContext.js.map,2026-09-06 17:28:05 +0000,2026-09-06 17:28:05 +0000,,,3 KB,1,/Users/pq/aikagan-web/.opencode/node_modules/effect/dist/unstable/http/HttpTraceContext.js.map,http,/Users/pq/aikagan-web/.opencode/node_modules/effect/dist/unstable/http
Multipart.d.ts,2026-09-06 17:28:07 +0000,2026-09-06 17:28:07 +0000,,Mpeg-2 Transport Stream,14 KB,1,/Users/pq/aikagan-web/.opencode/node_modules/effect/dist/unstable/http/Multipart.d.ts,http,/Users/pq/aikagan-web/.opencode/node_modules/effect/dist/unstable/http
Multipart.d.ts.map,2026-09-06 17:28:05 +0000,2026-09-06 17:28:05 +0000,,,6 KB,1,/Users/pq/aikagan-web/.opencode/node_modules/effect/dist/unstable/http/Multipart.d.ts.map,http,/Users/pq/aikagan-web/.opencode/node_modules/effect/dist/unstable/http
Multipart.js,2026-09-06 17:28:04 +0000,2026-09-06 17:28:04 +0000,,Javascript,18 KB,1,/Users/pq/aikagan-web/.opencode/node_modules/effect/dist/unstable/http/Multipart.js,http,/Users/pq/aikagan-web/.opencode/node_modules/effect/dist/unstable/http
Multipart.js.map,2026-09-06 17:28:05 +0000,2026-09-06 17:28:05 +0000,,,15 KB,1,/Users/pq/aikagan-web/.opencode/node_modules/effect/dist/unstable/http/Multipart.js.map,http,/Users/pq/aikagan-web/.opencode/node_modules/effect/dist/unstable/http
Multipasta.d.ts,2026-09-06 17:28:07 +0000,2026-09-06 17:28:07 +0000,,Mpeg-2 Transport Stream,140 bytes,1,/Users/pq/aikagan-web/.opencode/node_modules/effect/dist/unstable/http/Multipasta.d.ts,http,/Users/pq/aikagan-web/.opencode/node_modules/effect/dist/unstable/http
Multipasta.d.ts.map,2026-09-06 17:28:05 +0000,2026-09-06 17:28:05 +0000,,,176 bytes,1,/Users/pq/aikagan-web/.opencode/node_modules/effect/dist/unstable/http/Multipasta.d.ts.map,http,/Users/pq/aikagan-web/.opencode/node_modules/effect/dist/unstable/http
Multipasta.js,2026-09-06 17:28:04 +0000,2026-09-06 17:28:04 +0000,,Javascript,138 bytes,1,/Users/pq/aikagan-web/.opencode/node_modules/effect/dist/unstable/http/Multipasta.js,http,/Users/pq/aikagan-web/.opencode/node_modules/effect/dist/unstable/http
Multipasta.js.map,2026-09-06 17:28:05 +0000,2026-09-06 17:28:05 +0000,,,185 bytes,1,/Users/pq/aikagan-web/.opencode/node_modules/effect/dist/unstable/http/Multipasta.js.map,http,/Users/pq/aikagan-web/.opencode/node_modules/effect/dist/unstable/http
Template.d.ts,2026-09-06 17:28:08 +0000,2026-09-06 17:28:08 +0000,,Mpeg-2 Transport Stream,5 KB,1,/Users/pq/aikagan-web/.opencode/node_modules/effect/dist/unstable/http/Template.d.ts,http,/Users/pq/aikagan-web/.opencode/node_modules/effect/dist/unstable/http
Template.d.ts.map,2026-09-06 17:28:07 +0000,2026-09-06 17:28:07 +0000,,,2 KB,1,/Users/pq/aikagan-web/.opencode/node_modules/effect/dist/unstable/http/Template.d.ts.map,http,/Users/pq/aikagan-web/.opencode/node_modules/effect/dist/unstable/http
Template.js,2026-09-06 17:28:05 +0000,2026-09-06 17:28:05 +0000,,Javascript,5 KB,1,/Users/pq/aikagan-web/.opencode/node_modules/effect/dist/unstable/http/Template.js,http,/Users/pq/aikagan-web/.opencode/node_modules/effect/dist/unstable/http
Template.js.map,2026-09-06 17:28:07 +0000,2026-09-06 17:28:07 +0000,,,4 KB,1,/Users/pq/aikagan-web/.opencode/node_modules/effect/dist/unstable/http/Template.js.map,http,/Users/pq/aikagan-web/.opencode/node_modules/effect/dist/unstable/http
Url.d.ts,2026-09-06 17:28:08 +0000,2026-09-06 17:28:08 +0000,,Mpeg-2 Transport Stream,18 KB,1,/Users/pq/aikagan-web/.opencode/node_modules/effect/dist/unstable/http/Url.d.ts,http,/Users/pq/aikagan-web/.opencode/node_modules/effect/dist/unstable/http
Url.d.ts.map,2026-09-06 17:28:07 +0000,2026-09-06 17:28:07 +0000,,,4 KB,1,/Users/pq/aikagan-web/.opencode/node_modules/effect/dist/unstable/http/Url.d.ts.map,http,/Users/pq/aikagan-web/.opencode/node_modules/effect/dist/unstable/http
Url.js,2026-09-06 17:28:05 +0000,2026-09-06 17:28:05 +0000,,Javascript,9 KB,1,/Users/pq/aikagan-web/.opencode/node_modules/effect/dist/unstable/http/Url.js,http,/Users/pq/aikagan-web/.opencode/node_modules/effect/dist/unstable/http
Url.js.map,2026-09-06 17:28:07 +0000,2026-09-06 17:28:07 +0000,,,3 KB,1,/Users/pq/aikagan-web/.opencode/node_modules/effect/dist/unstable/http/Url.js.map,http,/Users/pq/aikagan-web/.opencode/node_modules/effect/dist/unstable/http
UrlParams.d.ts,2026-09-06 17:28:08 +0000,2026-09-06 17:28:08 +0000,,Mpeg-2 Transport Stream,17 KB,1,/Users/pq/aikagan-web/.opencode/node_modules/effect/dist/unstable/http/UrlParams.d.ts,http,/Users/pq/aikagan-web/.opencode/node_modules/effect/dist/unstable/http
UrlParams.d.ts.map,2026-09-06 17:28:07 +0000,2026-09-06 17:28:07 +0000,,,5 KB,1,/Users/pq/aikagan-web/.opencode/node_modules/effect/dist/unstable/http/UrlParams.d.ts.map,http,/Users/pq/aikagan-web/.opencode/node_modules/effect/dist/unstable/http
UrlParams.js,2026-09-06 17:28:05 +0000,2026-09-06 17:28:05 +0000,,Javascript,14 KB,1,/Users/pq/aikagan-web/.opencode/node_modules/effect/dist/unstable/http/UrlParams.js,http,/Users/pq/aikagan-web/.opencode/node_modules/effect/dist/unstable/http
UrlParams.js.map,2026-09-06 17:28:07 +0000,2026-09-06 17:28:07 +0000,,,11 KB,1,/Users/pq/aikagan-web/.opencode/node_modules/effect/dist/unstable/http/UrlParams.js.map,http,/Users/pq/aikagan-web/.opencode/node_modules/effect/dist/unstable/http
index.d.ts,2026-09-06 17:28:07 +0000,2026-09-06 17:28:07 +0000,,Mpeg-2 Transport Stream,2 KB,1,/Users/pq/aikagan-web/.opencode/node_modules/effect/dist/unstable/http/index.d.ts,http,/Users/pq/aikagan-web/.opencode/node_modules/effect/dist/unstable/http
index.d.ts.map,2026-09-06 17:28:05 +0000,2026-09-06 17:28:05 +0000,,,2 KB,1,/Users/pq/aikagan-web/.opencode/node_modules/effect/dist/unstable/http/index.d.ts.map,http,/Users/pq/aikagan-web/.opencode/node_modules/effect/dist/unstable/http
index.js,2026-09-06 17:28:04 +0000,2026-09-06 17:28:04 +0000,,Javascript,2 KB,1,/Users/pq/aikagan-web/.opencode/node_modules/effect/dist/unstable/http/index.js,http,/Users/pq/aikagan-web/.opencode/node_modules/effect/dist/unstable/http
index.js.map,2026-09-06 17:28:05 +0000,2026-09-06 17:28:05 +0000,,,2 KB,1,/Users/pq/aikagan-web/.opencode/node_modules/effect/dist/unstable/http/index.js.map,http,/Users/pq/aikagan-web/.opencode/node_modules/effect/dist/unstable/http
Multipasta,2026-09-06 17:28:08 +0000,2026-09-06 17:28:04 +0000,,Folder,16 bytes,0,/Users/pq/aikagan-web/.opencode/node_modules/effect/dist/unstable/http/Multipasta,http,/Users/pq/aikagan-web/.opencode/node_modules/effect/dist/unstable/http/Multipasta
HeadersParser.d.ts,2026-09-06 17:28:07 +0000,2026-09-06 17:28:07 +0000,,Mpeg-2 Transport Stream,157 bytes,1,/Users/pq/aikagan-web/.opencode/node_modules/effect/dist/unstable/http/Multipasta/HeadersParser.d.ts,Multipasta,/Users/pq/aikagan-web/.opencode/node_modules/effect/dist/unstable/http/Multipasta
HeadersParser.d.ts.map,2026-09-06 17:28:05 +0000,2026-09-06 17:28:05 +0000,,,198 bytes,1,/Users/pq/aikagan-web/.opencode/node_modules/effect/dist/unstable/http/Multipasta/HeadersParser.d.ts.map,Multipasta,/Users/pq/aikagan-web/.opencode/node_modules/effect/dist/unstable/http/Multipasta
HeadersParser.js,2026-09-06 17:28:04 +0000,2026-09-06 17:28:04 +0000,,Javascript,155 bytes,1,/Users/pq/aikagan-web/.opencode/node_modules/effect/dist/unstable/http/Multipasta/HeadersParser.js,Multipasta,/Users/pq/aikagan-web/.opencode/node_modules/effect/dist/unstable/http/Multipasta
HeadersParser.js.map,2026-09-06 17:28:05 +0000,2026-09-06 17:28:05 +0000,,,207 bytes,1,/Users/pq/aikagan-web/.opencode/node_modules/effect/dist/unstable/http/Multipasta/HeadersParser.js.map,Multipasta,/Users/pq/aikagan-web/.opencode/node_modules/effect/dist/unstable/http/Multipasta
Node.d.ts,2026-09-06 17:28:07 +0000,2026-09-06 17:28:07 +0000,,Mpeg-2 Transport Stream,139 bytes,1,/Users/pq/aikagan-web/.opencode/node_modules/effect/dist/unstable/http/Multipasta/Node.d.ts,Multipasta,/Users/pq/aikagan-web/.opencode/node_modules/effect/dist/unstable/http/Multipasta
Node.d.ts.map,2026-09-06 17:28:05 +0000,2026-09-06 17:28:05 +0000,,,180 bytes,1,/Users/pq/aikagan-web/.opencode/node_modules/effect/dist/unstable/http/Multipasta/Node.d.ts.map,Multipasta,/Users/pq/aikagan-web/.opencode/node_modules/effect/dist/unstable/http/Multipasta
Node.js,2026-09-06 17:28:04 +0000,2026-09-06 17:28:04 +0000,,Javascript,137 bytes,1,/Users/pq/aikagan-web/.opencode/node_modules/effect/dist/unstable/http/Multipasta/Node.js,Multipasta,/Users/pq/aikagan-web/.opencode/node_modules/effect/dist/unstable/http/Multipasta
Node.js.map,2026-09-06 17:28:05 +0000,2026-09-06 17:28:05 +0000,,,189 bytes,1,/Users/pq/aikagan-web/.opencode/node_modules/effect/dist/unstable/http/Multipasta/Node.js.map,Multipasta,/Users/pq/aikagan-web/.opencode/node_modules/effect/dist/unstable/http/Multipasta
Search.d.ts,2026-09-06 17:28:08 +0000,2026-09-06 17:28:08 +0000,,Mpeg-2 Transport Stream,143 bytes,1,/Users/pq/aikagan-web/.opencode/node_modules/effect/dist/unstable/http/Multipasta/Search.d.ts,Multipasta,/Users/pq/aikagan-web/.opencode/node_modules/effect/dist/unstable/http/Multipasta
Search.d.ts.map,2026-09-06 17:28:06 +0000,2026-09-06 17:28:06 +0000,,,184 bytes,1,/Users/pq/aikagan-web/.opencode/node_modules/effect/dist/unstable/http/Multipasta/Search.d.ts.map,Multipasta,/Users/pq/aikagan-web/.opencode/node_modules/effect/dist/unstable/http/Multipasta
Search.js,2026-09-06 17:28:05 +0000,2026-09-06 17:28:05 +0000,,Javascript,141 bytes,1,/Users/pq/aikagan-web/.opencode/node_modules/effect/dist/unstable/http/Multipasta/Search.js,Multipasta,/Users/pq/aikagan-web/.opencode/node_modules/effect/dist/unstable/http/Multipasta
Search.js.map,2026-09-06 17:28:06 +0000,2026-09-06 17:28:06 +0000,,,193 bytes,1,/Users/pq/aikagan-web/.opencode/node_modules/effect/dist/unstable/http/Multipasta/Search.js.map,Multipasta,/Users/pq/aikagan-web/.opencode/node_modules/effect/dist/unstable/http/Multipasta
Web.d.ts,2026-09-06 17:28:08 +0000,2026-09-06 17:28:08 +0000,,Mpeg-2 Transport Stream,137 bytes,1,/Users/pq/aikagan-web/.opencode/node_modules/effect/dist/unstable/http/Multipasta/Web.d.ts,Multipasta,/Users/pq/aikagan-web/.opencode/node_modules/effect/dist/unstable/http/Multipasta
Web.d.ts.map,2026-09-06 17:28:07 +0000,2026-09-06 17:28:07 +0000,,,178 bytes,1,/Users/pq/aikagan-web/.opencode/node_modules/effect/dist/unstable/http/Multipasta/Web.d.ts.map,Multipasta,/Users/pq/aikagan-web/.opencode/node_modules/effect/dist/unstable/http/Multipasta
Web.js,2026-09-06 17:28:05 +0000,2026-09-06 17:28:05 +0000,,Javascript,135 bytes,1,/Users/pq/aikagan-web/.opencode/node_modules/effect/dist/unstable/http/Multipasta/Web.js,Multipasta,/Users/pq/aikagan-web/.opencode/node_modules/effect/dist/unstable/http/Multipasta
Web.js.map,2026-09-06 17:28:07 +0000,2026-09-06 17:28:07 +0000,,,187 bytes,1,/Users/pq/aikagan-web/.opencode/node_modules/effect/dist/unstable/http/Multipasta/Web.js.map,Multipasta,/Users/pq/aikagan-web/.opencode/node_modules/effect/dist/unstable/http/Multipasta
internal,2026-09-06 17:28:07 +0000,2026-09-06 17:28:04 +0000,,Folder,4 bytes,0,/Users/pq/aikagan-web/.opencode/node_modules/effect/dist/unstable/http/internal,http,/Users/pq/aikagan-web/.opencode/node_modules/effect/dist/unstable/http/internal
preResponseHandler.d.ts,2026-09-06 17:28:07 +0000,2026-09-06 17:28:07 +0000,,Mpeg-2 Transport Stream,59 bytes,1,/Users/pq/aikagan-web/.opencode/node_modules/effect/dist/unstable/http/internal/preResponseHandler.d.ts,internal,/Users/pq/aikagan-web/.opencode/node_modules/effect/dist/unstable/http/internal
preResponseHandler.d.ts.map,2026-09-06 17:28:05 +0000,2026-09-06 17:28:05 +0000,,,162 bytes,1,/Users/pq/aikagan-web/.opencode/node_modules/effect/dist/unstable/http/internal/preResponseHandler.d.ts.map,internal,/Users/pq/aikagan-web/.opencode/node_modules/effect/dist/unstable/http/internal
preResponseHandler.js,2026-09-06 17:28:04 +0000,2026-09-06 17:28:04 +0000,,Javascript,524 bytes,1,/Users/pq/aikagan-web/.opencode/node_modules/effect/dist/unstable/http/internal/preResponseHandler.js,internal,/Users/pq/aikagan-web/.opencode/node_modules/effect/dist/unstable/http/internal
preResponseHandler.js.map,2026-09-06 17:28:05 +0000,2026-09-06 17:28:05 +0000,,,812 bytes,1,/Users/pq/aikagan-web/.opencode/node_modules/effect/dist/unstable/http/internal/preResponseHandler.js.map,internal,/Users/pq/aikagan-web/.opencode/node_modules/effect/dist/unstable/http/internal
httpapi,2026-09-06 17:28:07 +0000,2026-09-06 17:28:04 +0000,,Folder,57 bytes,0,/Users/pq/aikagan-web/.opencode/node_modules/effect/dist/unstable/httpapi,unstable,/Users/pq/aikagan-web/.opencode/node_modules/effect/dist/unstable/httpapi
HttpApi.d.ts,2026-09-06 17:28:07 +0000,2026-09-06 17:28:07 +0000,,Mpeg-2 Transport Stream,7 KB,1,/Users/pq/aikagan-web/.opencode/node_modules/effect/dist/unstable/httpapi/HttpApi.d.ts,httpapi,/Users/pq/aikagan-web/.opencode/node_modules/effect/dist/unstable/httpapi
HttpApi.d.ts.map,2026-09-06 17:28:05 +0000,2026-09-06 17:28:05 +0000,,,3 KB,1,/Users/pq/aikagan-web/.opencode/node_modules/effect/dist/unstable/httpapi/HttpApi.d.ts.map,httpapi,/Users/pq/aikagan-web/.opencode/node_modules/effect/dist/unstable/httpapi
HttpApi.js,2026-09-06 17:28:04 +0000,2026-09-06 17:28:04 +0000,,Javascript,5 KB,1,/Users/pq/aikagan-web/.opencode/node_modules/effect/dist/unstable/httpapi/HttpApi.js,httpapi,/Users/pq/aikagan-web/.opencode/node_modules/effect/dist/unstable/httpapi
HttpApi.js.map,2026-09-06 17:28:05 +0000,2026-09-06 17:28:05 +0000,,,5 KB,1,/Users/pq/aikagan-web/.opencode/node_modules/effect/dist/unstable/httpapi/HttpApi.js.map,httpapi,/Users/pq/aikagan-web/.opencode/node_modules/effect/dist/unstable/httpapi
HttpApiBuilder.d.ts,2026-09-06 17:28:07 +0000,2026-09-06 17:28:07 +0000,,Mpeg-2 Transport Stream,9 KB,1,/Users/pq/aikagan-web/.opencode/node_modules/effect/dist/unstable/httpapi/HttpApiBuilder.d.ts,httpapi,/Users/pq/aikagan-web/.opencode/node_modules/effect/dist/unstable/httpapi
HttpApiBuilder.d.ts.map,2026-09-06 17:28:05 +0000,2026-09-06 17:28:05 +0000,,,6 KB,1,/Users/pq/aikagan-web/.opencode/node_modules/effect/dist/unstable/httpapi/HttpApiBuilder.d.ts.map,httpapi,/Users/pq/aikagan-web/.opencode/node_modules/effect/dist/unstable/httpapi
HttpApiBuilder.js,2026-09-06 17:28:04 +0000,2026-09-06 17:28:04 +0000,,Javascript,19 KB,1,/Users/pq/aikagan-web/.opencode/node_modules/effect/dist/unstable/httpapi/HttpApiBuilder.js,httpapi,/Users/pq/aikagan-web/.opencode/node_modules/effect/dist/unstable/httpapi
HttpApiBuilder.js.map,2026-09-06 17:28:05 +0000,2026-09-06 17:28:05 +0000,,,20 KB,1,/Users/pq/aikagan-web/.opencode/node_modules/effect/dist/unstable/httpapi/HttpApiBuilder.js.map,httpapi,/Users/pq/aikagan-web/.opencode/node_modules/effect/dist/unstable/httpapi
HttpApiClient.d.ts,2026-09-06 17:28:07 +0000,2026-09-06 17:28:07 +0000,,Mpeg-2 Transport Stream,11 KB,1,/Users/pq/aikagan-web/.opencode/node_modules/effect/dist/unstable/httpapi/HttpApiClient.d.ts,httpapi,/Users/pq/aikagan-web/.opencode/node_modules/effect/dist/unstable/httpapi
HttpApiClient.d.ts.map,2026-09-06 17:28:05 +0000,2026-09-06 17:28:05 +0000,,,8 KB,1,/Users/pq/aikagan-web/.opencode/node_modules/effect/dist/unstable/httpapi/HttpApiClient.d.ts.map,httpapi,/Users/pq/aikagan-web/.opencode/node_modules/effect/dist/unstable/httpapi
HttpApiClient.js,2026-09-06 17:28:04 +0000,2026-09-06 17:28:04 +0000,,Javascript,17 KB,1,/Users/pq/aikagan-web/.opencode/node_modules/effect/dist/unstable/httpapi/HttpApiClient.js,httpapi,/Users/pq/aikagan-web/.opencode/node_modules/effect/dist/unstable/httpapi
HttpApiClient.js.map,2026-09-06 17:28:05 +0000,2026-09-06 17:28:05 +0000,,,17 KB,1,/Users/pq/aikagan-web/.opencode/node_modules/effect/dist/unstable/httpapi/HttpApiClient.js.map,httpapi,/Users/pq/aikagan-web/.opencode/node_modules/effect/dist/unstable/httpapi
HttpApiEndpoint.d.ts,2026-09-06 17:28:07 +0000,2026-09-06 17:28:07 +0000,,Mpeg-2 Transport Stream,45 KB,1,/Users/pq/aikagan-web/.opencode/node_modules/effect/dist/unstable/httpapi/HttpApiEndpoint.d.ts,httpapi,/Users/pq/aikagan-web/.opencode/node_modules/effect/dist/unstable/httpapi
HttpApiEndpoint.d.ts.map,2026-09-06 17:28:05 +0000,2026-09-06 17:28:05 +0000,,,25 KB,1,/Users/pq/aikagan-web/.opencode/node_modules/effect/dist/unstable/httpapi/HttpApiEndpoint.d.ts.map,httpapi,/Users/pq/aikagan-web/.opencode/node_modules/effect/dist/unstable/httpapi
HttpApiEndpoint.js,2026-09-06 17:28:04 +0000,2026-09-06 17:28:04 +0000,,Javascript,9 KB,1,/Users/pq/aikagan-web/.opencode/node_modules/effect/dist/unstable/httpapi/HttpApiEndpoint.js,httpapi,/Users/pq/aikagan-web/.opencode/node_modules/effect/dist/unstable/httpapi
HttpApiEndpoint.js.map,2026-09-06 17:28:05 +0000,2026-09-06 17:28:05 +0000,,,7 KB,1,/Users/pq/aikagan-web/.opencode/node_modules/effect/dist/unstable/httpapi/HttpApiEndpoint.js.map,httpapi,/Users/pq/aikagan-web/.opencode/node_modules/effect/dist/unstable/httpapi
HttpApiError.d.ts,2026-09-06 17:28:07 +0000,2026-09-06 17:28:07 +0000,,Mpeg-2 Transport Stream,12 KB,1,/Users/pq/aikagan-web/.opencode/node_modules/effect/dist/unstable/httpapi/HttpApiError.d.ts,httpapi,/Users/pq/aikagan-web/.opencode/node_modules/effect/dist/unstable/httpapi
HttpApiError.d.ts.map,2026-09-06 17:28:05 +0000,2026-09-06 17:28:05 +0000,,,3 KB,1,/Users/pq/aikagan-web/.opencode/node_modules/effect/dist/unstable/httpapi/HttpApiError.d.ts.map,httpapi,/Users/pq/aikagan-web/.opencode/node_modules/effect/dist/unstable/httpapi
HttpApiError.js,2026-09-06 17:28:04 +0000,2026-09-06 17:28:04 +0000,,Javascript,15 KB,1,/Users/pq/aikagan-web/.opencode/node_modules/effect/dist/unstable/httpapi/HttpApiError.js,httpapi,/Users/pq/aikagan-web/.opencode/node_modules/effect/dist/unstable/httpapi
HttpApiError.js.map,2026-09-06 17:28:05 +0000,2026-09-06 17:28:05 +0000,,,9 KB,1,/Users/pq/aikagan-web/.opencode/node_modules/effect/dist/unstable/httpapi/HttpApiError.js.map,httpapi,/Users/pq/aikagan-web/.opencode/node_modules/effect/dist/unstable/httpapi
HttpApiGroup.d.ts,2026-09-06 17:28:07 +0000,2026-09-06 17:28:07 +0000,,Mpeg-2 Transport Stream,10 KB,1,/Users/pq/aikagan-web/.opencode/node_modules/effect/dist/unstable/httpapi/HttpApiGroup.d.ts,httpapi,/Users/pq/aikagan-web/.opencode/node_modules/effect/dist/unstable/httpapi
HttpApiGroup.d.ts.map,2026-09-06 17:28:05 +0000,2026-09-06 17:28:05 +0000,,,5 KB,1,/Users/pq/aikagan-web/.opencode/node_modules/effect/dist/unstable/httpapi/HttpApiGroup.d.ts.map,httpapi,/Users/pq/aikagan-web/.opencode/node_modules/effect/dist/unstable/httpapi
HttpApiGroup.js,2026-09-06 17:28:04 +0000,2026-09-06 17:28:04 +0000,,Javascript,3 KB,1,/Users/pq/aikagan-web/.opencode/node_modules/effect/dist/unstable/httpapi/HttpApiGroup.js,httpapi,/Users/pq/aikagan-web/.opencode/node_modules/effect/dist/unstable/httpapi
HttpApiGroup.js.map,2026-09-06 17:28:05 +0000,2026-09-06 17:28:05 +0000,,,3 KB,1,/Users/pq/aikagan-web/.opencode/node_modules/effect/dist/unstable/httpapi/HttpApiGroup.js.map,httpapi,/Users/pq/aikagan-web/.opencode/node_modules/effect/dist/unstable/httpapi
HttpApiMiddleware.d.ts,2026-09-06 17:28:07 +0000,2026-09-06 17:28:07 +0000,,Mpeg-2 Transport Stream,15 KB,1,/Users/pq/aikagan-web/.opencode/node_modules/effect/dist/unstable/httpapi/HttpApiMiddleware.d.ts,httpapi,/Users/pq/aikagan-web/.opencode/node_modules/effect/dist/unstable/httpapi
HttpApiMiddleware.d.ts.map,2026-09-06 17:28:05 +0000,2026-09-06 17:28:05 +0000,,,8 KB,1,/Users/pq/aikagan-web/.opencode/node_modules/effect/dist/unstable/httpapi/HttpApiMiddleware.d.ts.map,httpapi,/Users/pq/aikagan-web/.opencode/node_modules/effect/dist/unstable/httpapi
HttpApiMiddleware.js,2026-09-06 17:28:04 +0000,2026-09-06 17:28:04 +0000,,Javascript,6 KB,1,/Users/pq/aikagan-web/.opencode/node_modules/effect/dist/unstable/httpapi/HttpApiMiddleware.js,httpapi,/Users/pq/aikagan-web/.opencode/node_modules/effect/dist/unstable/httpapi
HttpApiMiddleware.js.map,2026-09-06 17:28:05 +0000,2026-09-06 17:28:05 +0000,,,3 KB,1,/Users/pq/aikagan-web/.opencode/node_modules/effect/dist/unstable/httpapi/HttpApiMiddleware.js.map,httpapi,/Users/pq/aikagan-web/.opencode/node_modules/effect/dist/unstable/httpapi
HttpApiScalar.d.ts,2026-09-06 17:28:07 +0000,2026-09-06 17:28:07 +0000,,Mpeg-2 Transport Stream,4 KB,1,/Users/pq/aikagan-web/.opencode/node_modules/effect/dist/unstable/httpapi/HttpApiScalar.d.ts,httpapi,/Users/pq/aikagan-web/.opencode/node_modules/effect/dist/unstable/httpapi
HttpApiScalar.d.ts.map,2026-09-06 17:28:05 +0000,2026-09-06 17:28:05 +0000,,,2 KB,1,/Users/pq/aikagan-web/.opencode/node_modules/effect/dist/unstable/httpapi/HttpApiScalar.d.ts.map,httpapi,/Users/pq/aikagan-web/.opencode/node_modules/effect/dist/unstable/httpapi
HttpApiScalar.js,2026-09-06 17:28:04 +0000,2026-09-06 17:28:04 +0000,,Javascript,4 KB,1,/Users/pq/aikagan-web/.opencode/node_modules/effect/dist/unstable/httpapi/HttpApiScalar.js,httpapi,/Users/pq/aikagan-web/.opencode/node_modules/effect/dist/unstable/httpapi
HttpApiScalar.js.map,2026-09-06 17:28:05 +0000,2026-09-06 17:28:05 +0000,,,2 KB,1,/Users/pq/aikagan-web/.opencode/node_modules/effect/dist/unstable/httpapi/HttpApiScalar.js.map,httpapi,/Users/pq/aikagan-web/.opencode/node_modules/effect/dist/unstable/httpapi
HttpApiSchema.d.ts,2026-09-06 17:28:07 +0000,2026-09-06 17:28:07 +0000,,Mpeg-2 Transport Stream,11 KB,1,/Users/pq/aikagan-web/.opencode/node_modules/effect/dist/unstable/httpapi/HttpApiSchema.d.ts,httpapi,/Users/pq/aikagan-web/.opencode/node_modules/effect/dist/unstable/httpapi
HttpApiSchema.d.ts.map,2026-09-06 17:28:05 +0000,2026-09-06 17:28:05 +0000,,,3 KB,1,/Users/pq/aikagan-web/.opencode/node_modules/effect/dist/unstable/httpapi/HttpApiSchema.d.ts.map,httpapi,/Users/pq/aikagan-web/.opencode/node_modules/effect/dist/unstable/httpapi
HttpApiSchema.js,2026-09-06 17:28:04 +0000,2026-09-06 17:28:04 +0000,,Javascript,10 KB,1,/Users/pq/aikagan-web/.opencode/node_modules/effect/dist/unstable/httpapi/HttpApiSchema.js,httpapi,/Users/pq/aikagan-web/.opencode/node_modules/effect/dist/unstable/httpapi
HttpApiSchema.js.map,2026-09-06 17:28:05 +0000,2026-09-06 17:28:05 +0000,,,7 KB,1,/Users/pq/aikagan-web/.opencode/node_modules/effect/dist/unstable/httpapi/HttpApiSchema.js.map,httpapi,/Users/pq/aikagan-web/.opencode/node_modules/effect/dist/unstable/httpapi
HttpApiSecurity.d.ts,2026-09-06 17:28:07 +0000,2026-09-06 17:28:07 +0000,,Mpeg-2 Transport Stream,7 KB,1,/Users/pq/aikagan-web/.opencode/node_modules/effect/dist/unstable/httpapi/HttpApiSecurity.d.ts,httpapi,/Users/pq/aikagan-web/.opencode/node_modules/effect/dist/unstable/httpapi
HttpApiSecurity.d.ts.map,2026-09-06 17:28:05 +0000,2026-09-06 17:28:05 +0000,,,3 KB,1,/Users/pq/aikagan-web/.opencode/node_modules/effect/dist/unstable/httpapi/HttpApiSecurity.d.ts.map,httpapi,/Users/pq/aikagan-web/.opencode/node_modules/effect/dist/unstable/httpapi
HttpApiSecurity.js,2026-09-06 17:28:04 +0000,2026-09-06 17:28:04 +0000,,Javascript,5 KB,1,/Users/pq/aikagan-web/.opencode/node_modules/effect/dist/unstable/httpapi/HttpApiSecurity.js,httpapi,/Users/pq/aikagan-web/.opencode/node_modules/effect/dist/unstable/httpapi
HttpApiSecurity.js.map,2026-09-06 17:28:05 +0000,2026-09-06 17:28:05 +0000,,,2 KB,1,/Users/pq/aikagan-web/.opencode/node_modules/effect/dist/unstable/httpapi/HttpApiSecurity.js.map,httpapi,/Users/pq/aikagan-web/.opencode/node_modules/effect/dist/unstable/httpapi
HttpApiSwagger.d.ts,2026-09-06 17:28:07 +0000,2026-09-06 17:28:07 +0000,,Mpeg-2 Transport Stream,665 bytes,1,/Users/pq/aikagan-web/.opencode/node_modules/effect/dist/unstable/httpapi/HttpApiSwagger.d.ts,httpapi,/Users/pq/aikagan-web/.opencode/node_modules/effect/dist/unstable/httpapi
HttpApiSwagger.d.ts.map,2026-09-06 17:28:05 +0000,2026-09-06 17:28:05 +0000,,,595 bytes,1,/Users/pq/aikagan-web/.opencode/node_modules/effect/dist/unstable/httpapi/HttpApiSwagger.d.ts.map,httpapi,/Users/pq/aikagan-web/.opencode/node_modules/effect/dist/unstable/httpapi
HttpApiSwagger.js,2026-09-06 17:28:04 +0000,2026-09-06 17:28:04 +0000,,Javascript,3 KB,1,/Users/pq/aikagan-web/.opencode/node_modules/effect/dist/unstable/httpapi/HttpApiSwagger.js,httpapi,/Users/pq/aikagan-web/.opencode/node_modules/effect/dist/unstable/httpapi
HttpApiSwagger.js.map,2026-09-06 17:28:05 +0000,2026-09-06 17:28:05 +0000,,,1 KB,1,/Users/pq/aikagan-web/.opencode/node_modules/effect/dist/unstable/httpapi/HttpApiSwagger.js.map,httpapi,/Users/pq/aikagan-web/.opencode/node_modules/effect/dist/unstable/httpapi
HttpApiTest.d.ts,2026-09-06 17:28:07 +0000,2026-09-06 17:28:07 +0000,,Mpeg-2 Transport Stream,2 KB,1,/Users/pq/aikagan-web/.opencode/node_modules/effect/dist/unstable/httpapi/HttpApiTest.d.ts,httpapi,/Users/pq/aikagan-web/.opencode/node_modules/effect/dist/unstable/httpapi
HttpApiTest.d.ts.map,2026-09-06 17:28:05 +0000,2026-09-06 17:28:05 +0000,,,791 bytes,1,/Users/pq/aikagan-web/.opencode/node_modules/effect/dist/unstable/httpapi/HttpApiTest.d.ts.map,httpapi,/Users/pq/aikagan-web/.opencode/node_modules/effect/dist/unstable/httpapi
HttpApiTest.js,2026-09-06 17:28:04 +0000,2026-09-06 17:28:04 +0000,,Javascript,4 KB,1,/Users/pq/aikagan-web/.opencode/node_modules/effect/dist/unstable/httpapi/HttpApiTest.js,httpapi,/Users/pq/aikagan-web/.opencode/node_modules/effect/dist/unstable/httpapi
HttpApiTest.js.map,2026-09-06 17:28:05 +0000,2026-09-06 17:28:05 +0000,,,3 KB,1,/Users/pq/aikagan-web/.opencode/node_modules/effect/dist/unstable/httpapi/HttpApiTest.js.map,httpapi,/Users/pq/aikagan-web/.opencode/node_modules/effect/dist/unstable/httpapi
OpenApi.d.ts,2026-09-06 17:28:07 +0000,2026-09-06 17:28:07 +0000,,Mpeg-2 Transport Stream,12 KB,1,/Users/pq/aikagan-web/.opencode/node_modules/effect/dist/unstable/httpapi/OpenApi.d.ts,httpapi,/Users/pq/aikagan-web/.opencode/node_modules/effect/dist/unstable/httpapi
OpenApi.d.ts.map,2026-09-06 17:28:05 +0000,2026-09-06 17:28:05 +0000,,,5 KB,1,/Users/pq/aikagan-web/.opencode/node_modules/effect/dist/unstable/httpapi/OpenApi.d.ts.map,httpapi,/Users/pq/aikagan-web/.opencode/node_modules/effect/dist/unstable/httpapi
OpenApi.js,2026-09-06 17:28:04 +0000,2026-09-06 17:28:04 +0000,,Javascript,21 KB,1,/Users/pq/aikagan-web/.opencode/node_modules/effect/dist/unstable/httpapi/OpenApi.js,httpapi,/Users/pq/aikagan-web/.opencode/node_modules/effect/dist/unstable/httpapi
OpenApi.js.map,2026-09-06 17:28:05 +0000,2026-09-06 17:28:05 +0000,,,19 KB,1,/Users/pq/aikagan-web/.opencode/node_modules/effect/dist/unstable/httpapi/OpenApi.js.map,httpapi,/Users/pq/aikagan-web/.opencode/node_modules/effect/dist/unstable/httpapi
index.d.ts,2026-09-06 17:28:07 +0000,2026-09-06 17:28:07 +0000,,Mpeg-2 Transport Stream,1 KB,1,/Users/pq/aikagan-web/.opencode/node_modules/effect/dist/unstable/httpapi/index.d.ts,httpapi,/Users/pq/aikagan-web/.opencode/node_modules/effect/dist/unstable/httpapi
index.d.ts.map,2026-09-06 17:28:05 +0000,2026-09-06 17:28:05 +0000,,,771 bytes,1,/Users/pq/aikagan-web/.opencode/node_modules/effect/dist/unstable/httpapi/index.d.ts.map,httpapi,/Users/pq/aikagan-web/.opencode/node_modules/effect/dist/unstable/httpapi
index.js,2026-09-06 17:28:04 +0000,2026-09-06 17:28:04 +0000,,Javascript,1 KB,1,/Users/pq/aikagan-web/.opencode/node_modules/effect/dist/unstable/httpapi/index.js,httpapi,/Users/pq/aikagan-web/.opencode/node_modules/effect/dist/unstable/httpapi
index.js.map,2026-09-06 17:28:05 +0000,2026-09-06 17:28:05 +0000,,,891 bytes,1,/Users/pq/aikagan-web/.opencode/node_modules/effect/dist/unstable/httpapi/index.js.map,httpapi,/Users/pq/aikagan-web/.opencode/node_modules/effect/dist/unstable/httpapi
internal,2026-09-06 17:28:07 +0000,2026-09-06 17:28:04 +0000,,Folder,12 bytes,0,/Users/pq/aikagan-web/.opencode/node_modules/effect/dist/unstable/httpapi/internal,httpapi,/Users/pq/aikagan-web/.opencode/node_modules/effect/dist/unstable/httpapi/internal
html.d.ts,2026-09-06 17:28:07 +0000,2026-09-06 17:28:07 +0000,,Mpeg-2 Transport Stream,45 bytes,1,/Users/pq/aikagan-web/.opencode/node_modules/effect/dist/unstable/httpapi/internal/html.d.ts,internal,/Users/pq/aikagan-web/.opencode/node_modules/effect/dist/unstable/httpapi/internal
html.d.ts.map,2026-09-06 17:28:05 +0000,2026-09-06 17:28:05 +0000,,,137 bytes,1,/Users/pq/aikagan-web/.opencode/node_modules/effect/dist/unstable/httpapi/internal/html.d.ts.map,internal,/Users/pq/aikagan-web/.opencode/node_modules/effect/dist/unstable/httpapi/internal
html.js,2026-09-06 17:28:04 +0000,2026-09-06 17:28:04 +0000,,Javascript,448 bytes,1,/Users/pq/aikagan-web/.opencode/node_modules/effect/dist/unstable/httpapi/internal/html.js,internal,/Users/pq/aikagan-web/.opencode/node_modules/effect/dist/unstable/httpapi/internal
html.js.map,2026-09-06 17:28:05 +0000,2026-09-06 17:28:05 +0000,,,706 bytes,1,/Users/pq/aikagan-web/.opencode/node_modules/effect/dist/unstable/httpapi/internal/html.js.map,internal,/Users/pq/aikagan-web/.opencode/node_modules/effect/dist/unstable/httpapi/internal
httpApiScalar.d.ts,2026-09-06 17:28:07 +0000,2026-09-06 17:28:07 +0000,,Mpeg-2 Transport Stream,54 bytes,1,/Users/pq/aikagan-web/.opencode/node_modules/effect/dist/unstable/httpapi/internal/httpApiScalar.d.ts,internal,/Users/pq/aikagan-web/.opencode/node_modules/effect/dist/unstable/httpapi/internal
httpApiScalar.d.ts.map,2026-09-06 17:28:05 +0000,2026-09-06 17:28:05 +0000,,,155 bytes,1,/Users/pq/aikagan-web/.opencode/node_modules/effect/dist/unstable/httpapi/internal/httpApiScalar.d.ts.map,internal,/Users/pq/aikagan-web/.opencode/node_modules/effect/dist/unstable/httpapi/internal
httpApiScalar.js,2026-09-06 17:28:04 +0000,2026-09-06 17:28:04 +0000,,Javascript,"3,2 MB",1,/Users/pq/aikagan-web/.opencode/node_modules/effect/dist/unstable/httpapi/internal/httpApiScalar.js,internal,/Users/pq/aikagan-web/.opencode/node_modules/effect/dist/unstable/httpapi/internal
httpApiScalar.js.map,2026-09-06 17:28:05 +0000,2026-09-06 17:28:05 +0000,,,245 bytes,1,/Users/pq/aikagan-web/.opencode/node_modules/effect/dist/unstable/httpapi/internal/httpApiScalar.js.map,internal,/Users/pq/aikagan-web/.opencode/node_modules/effect/dist/unstable/httpapi/internal
httpApiSwagger.d.ts,2026-09-06 17:28:07 +0000,2026-09-06 17:28:07 +0000,,Mpeg-2 Transport Stream,55 bytes,1,/Users/pq/aikagan-web/.opencode/node_modules/effect/dist/unstable/httpapi/internal/httpApiSwagger.d.ts,internal,/Users/pq/aikagan-web/.opencode/node_modules/effect/dist/unstable/httpapi/internal
httpApiSwagger.d.ts.map,2026-09-06 17:28:05 +0000,2026-09-06 17:28:05 +0000,,,157 bytes,1,/Users/pq/aikagan-web/.opencode/node_modules/effect/dist/unstable/httpapi/internal/httpApiSwagger.d.ts.map,internal,/Users/pq/aikagan-web/.opencode/node_modules/effect/dist/unstable/httpapi/internal
httpApiSwagger.js,2026-09-06 17:28:04 +0000,2026-09-06 17:28:04 +0000,,Javascript,2 MB,1,/Users/pq/aikagan-web/.opencode/node_modules/effect/dist/unstable/httpapi/internal/httpApiSwagger.js,internal,/Users/pq/aikagan-web/.opencode/node_modules/effect/dist/unstable/httpapi/internal
httpApiSwagger.js.map,2026-09-06 17:28:05 +0000,2026-09-06 17:28:05 +0000,,,305 bytes,1,/Users/pq/aikagan-web/.opencode/node_modules/effect/dist/unstable/httpapi/internal/httpApiSwagger.js.map,internal,/Users/pq/aikagan-web/.opencode/node_modules/effect/dist/unstable/httpapi/internal
observability,2026-09-06 17:28:07 +0000,2026-09-06 17:28:04 +0000,,Folder,37 bytes,0,/Users/pq/aikagan-web/.opencode/node_modules/effect/dist/unstable/observability,unstable,/Users/pq/aikagan-web/.opencode/node_modules/effect/dist/unstable/observability
Otlp.d.ts,2026-09-06 17:28:07 +0000,2026-09-06 17:28:07 +0000,,Mpeg-2 Transport Stream,6 KB,1,/Users/pq/aikagan-web/.opencode/node_modules/effect/dist/unstable/observability/Otlp.d.ts,observability,/Users/pq/aikagan-web/.opencode/node_modules/effect/dist/unstable/observability
Otlp.d.ts.map,2026-09-06 17:28:05 +0000,2026-09-06 17:28:05 +0000,,,4 KB,1,/Users/pq/aikagan-web/.opencode/node_modules/effect/dist/unstable/observability/Otlp.d.ts.map,observability,/Users/pq/aikagan-web/.opencode/node_modules/effect/dist/unstable/observability
Otlp.js,2026-09-06 17:28:04 +0000,2026-09-06 17:28:04 +0000,,Javascript,2 KB,1,/Users/pq/aikagan-web/.opencode/node_modules/effect/dist/unstable/observability/Otlp.js,observability,/Users/pq/aikagan-web/.opencode/node_modules/effect/dist/unstable/observability
Otlp.js.map,2026-09-06 17:28:05 +0000,2026-09-06 17:28:05 +0000,,,2 KB,1,/Users/pq/aikagan-web/.opencode/node_modules/effect/dist/unstable/observability/Otlp.js.map,observability,/Users/pq/aikagan-web/.opencode/node_modules/effect/dist/unstable/observability
OtlpExporter.d.ts,2026-09-06 17:28:07 +0000,2026-09-06 17:28:07 +0000,,Mpeg-2 Transport Stream,1 KB,1,/Users/pq/aikagan-web/.opencode/node_modules/effect/dist/unstable/observability/OtlpExporter.d.ts,observability,/Users/pq/aikagan-web/.opencode/node_modules/effect/dist/unstable/observability
OtlpExporter.d.ts.map,2026-09-06 17:28:05 +0000,2026-09-06 17:28:05 +0000,,,949 bytes,1,/Users/pq/aikagan-web/.opencode/node_modules/effect/dist/unstable/observability/OtlpExporter.d.ts.map,observability,/Users/pq/aikagan-web/.opencode/node_modules/effect/dist/unstable/observability
OtlpExporter.js,2026-09-06 17:28:04 +0000,2026-09-06 17:28:04 +0000,,Javascript,5 KB,1,/Users/pq/aikagan-web/.opencode/node_modules/effect/dist/unstable/observability/OtlpExporter.js,observability,/Users/pq/aikagan-web/.opencode/node_modules/effect/dist/unstable/observability
OtlpExporter.js.map,2026-09-06 17:28:05 +0000,2026-09-06 17:28:05 +0000,,,5 KB,1,/Users/pq/aikagan-web/.opencode/node_modules/effect/dist/unstable/observability/OtlpExporter.js.map,observability,/Users/pq/aikagan-web/.opencode/node_modules/effect/dist/unstable/observability
OtlpLogger.d.ts,2026-09-06 17:28:07 +0000,2026-09-06 17:28:07 +0000,,Mpeg-2 Transport Stream,5 KB,1,/Users/pq/aikagan-web/.opencode/node_modules/effect/dist/unstable/observability/OtlpLogger.d.ts,observability,/Users/pq/aikagan-web/.opencode/node_modules/effect/dist/unstable/observability
OtlpLogger.d.ts.map,2026-09-06 17:28:05 +0000,2026-09-06 17:28:05 +0000,,,3 KB,1,/Users/pq/aikagan-web/.opencode/node_modules/effect/dist/unstable/observability/OtlpLogger.d.ts.map,observability,/Users/pq/aikagan-web/.opencode/node_modules/effect/dist/unstable/observability
OtlpLogger.js,2026-09-06 17:28:04 +0000,2026-09-06 17:28:04 +0000,,Javascript,7 KB,1,/Users/pq/aikagan-web/.opencode/node_modules/effect/dist/unstable/observability/OtlpLogger.js,observability,/Users/pq/aikagan-web/.opencode/node_modules/effect/dist/unstable/observability
OtlpLogger.js.map,2026-09-06 17:28:05 +0000,2026-09-06 17:28:05 +0000,,,6 KB,1,/Users/pq/aikagan-web/.opencode/node_modules/effect/dist/unstable/observability/OtlpLogger.js.map,observability,/Users/pq/aikagan-web/.opencode/node_modules/effect/dist/unstable/observability
OtlpMetrics.d.ts,2026-09-06 17:28:07 +0000,2026-09-06 17:28:07 +0000,,Mpeg-2 Transport Stream,13 KB,1,/Users/pq/aikagan-web/.opencode/node_modules/effect/dist/unstable/observability/OtlpMetrics.d.ts,observability,/Users/pq/aikagan-web/.opencode/node_modules/effect/dist/unstable/observability
OtlpMetrics.d.ts.map,2026-09-06 17:28:05 +0000,2026-09-06 17:28:05 +0000,,,6 KB,1,/Users/pq/aikagan-web/.opencode/node_modules/effect/dist/unstable/observability/OtlpMetrics.d.ts.map,observability,/Users/pq/aikagan-web/.opencode/node_modules/effect/dist/unstable/observability
OtlpMetrics.js,2026-09-06 17:28:04 +0000,2026-09-06 17:28:04 +0000,,Javascript,20 KB,1,/Users/pq/aikagan-web/.opencode/node_modules/effect/dist/unstable/observability/OtlpMetrics.js,observability,/Users/pq/aikagan-web/.opencode/node_modules/effect/dist/unstable/observability
OtlpMetrics.js.map,2026-09-06 17:28:05 +0000,2026-09-06 17:28:05 +0000,,,14 KB,1,/Users/pq/aikagan-web/.opencode/node_modules/effect/dist/unstable/observability/OtlpMetrics.js.map,observability,/Users/pq/aikagan-web/.opencode/node_modules/effect/dist/unstable/observability
OtlpResource.d.ts,2026-09-06 17:28:07 +0000,2026-09-06 17:28:07 +0000,,Mpeg-2 Transport Stream,4 KB,1,/Users/pq/aikagan-web/.opencode/node_modules/effect/dist/unstable/observability/OtlpResource.d.ts,observability,/Users/pq/aikagan-web/.opencode/node_modules/effect/dist/unstable/observability
OtlpResource.d.ts.map,2026-09-06 17:28:05 +0000,2026-09-06 17:28:05 +0000,,,2 KB,1,/Users/pq/aikagan-web/.opencode/node_modules/effect/dist/unstable/observability/OtlpResource.d.ts.map,observability,/Users/pq/aikagan-web/.opencode/node_modules/effect/dist/unstable/observability
OtlpResource.js,2026-09-06 17:28:04 +0000,2026-09-06 17:28:04 +0000,,Javascript,6 KB,1,/Users/pq/aikagan-web/.opencode/node_modules/effect/dist/unstable/observability/OtlpResource.js,observability,/Users/pq/aikagan-web/.opencode/node_modules/effect/dist/unstable/observability
OtlpResource.js.map,2026-09-06 17:28:05 +0000,2026-09-06 17:28:05 +0000,,,3 KB,1,/Users/pq/aikagan-web/.opencode/node_modules/effect/dist/unstable/observability/OtlpResource.js.map,observability,/Users/pq/aikagan-web/.opencode/node_modules/effect/dist/unstable/observability
OtlpSerialization.d.ts,2026-09-06 17:28:07 +0000,2026-09-06 17:28:07 +0000,,Mpeg-2 Transport Stream,3 KB,1,/Users/pq/aikagan-web/.opencode/node_modules/effect/dist/unstable/observability/OtlpSerialization.d.ts,observability,/Users/pq/aikagan-web/.opencode/node_modules/effect/dist/unstable/observability
OtlpSerialization.d.ts.map,2026-09-06 17:28:05 +0000,2026-09-06 17:28:05 +0000,,,741 bytes,1,/Users/pq/aikagan-web/.opencode/node_modules/effect/dist/unstable/observability/OtlpSerialization.d.ts.map,observability,/Users/pq/aikagan-web/.opencode/node_modules/effect/dist/unstable/observability
OtlpSerialization.js,2026-09-06 17:28:04 +0000,2026-09-06 17:28:04 +0000,,Javascript,3 KB,1,/Users/pq/aikagan-web/.opencode/node_modules/effect/dist/unstable/observability/OtlpSerialization.js,observability,/Users/pq/aikagan-web/.opencode/node_modules/effect/dist/unstable/observability
OtlpSerialization.js.map,2026-09-06 17:28:05 +0000,2026-09-06 17:28:05 +0000,,,1 KB,1,/Users/pq/aikagan-web/.opencode/node_modules/effect/dist/unstable/observability/OtlpSerialization.js.map,observability,/Users/pq/aikagan-web/.opencode/node_modules/effect/dist/unstable/observability
OtlpTracer.d.ts,2026-09-06 17:28:07 +0000,2026-09-06 17:28:07 +0000,,Mpeg-2 Transport Stream,4 KB,1,/Users/pq/aikagan-web/.opencode/node_modules/effect/dist/unstable/observability/OtlpTracer.d.ts,observability,/Users/pq/aikagan-web/.opencode/node_modules/effect/dist/unstable/observability
OtlpTracer.d.ts.map,2026-09-06 17:28:05 +0000,2026-09-06 17:28:05 +0000,,,4 KB,1,/Users/pq/aikagan-web/.opencode/node_modules/effect/dist/unstable/observability/OtlpTracer.d.ts.map,observability,/Users/pq/aikagan-web/.opencode/node_modules/effect/dist/unstable/observability
OtlpTracer.js,2026-09-06 17:28:04 +0000,2026-09-06 17:28:04 +0000,,Javascript,7 KB,1,/Users/pq/aikagan-web/.opencode/node_modules/effect/dist/unstable/observability/OtlpTracer.js,observability,/Users/pq/aikagan-web/.opencode/node_modules/effect/dist/unstable/observability
OtlpTracer.js.map,2026-09-06 17:28:05 +0000,2026-09-06 17:28:05 +0000,,,7 KB,1,/Users/pq/aikagan-web/.opencode/node_modules/effect/dist/unstable/observability/OtlpTracer.js.map,observability,/Users/pq/aikagan-web/.opencode/node_modules/effect/dist/unstable/observability
PrometheusMetrics.d.ts,2026-09-06 17:28:07 +0000,2026-09-06 17:28:07 +0000,,Mpeg-2 Transport Stream,6 KB,1,/Users/pq/aikagan-web/.opencode/node_modules/effect/dist/unstable/observability/PrometheusMetrics.d.ts,observability,/Users/pq/aikagan-web/.opencode/node_modules/effect/dist/unstable/observability
PrometheusMetrics.d.ts.map,2026-09-06 17:28:05 +0000,2026-09-06 17:28:05 +0000,,,1 KB,1,/Users/pq/aikagan-web/.opencode/node_modules/effect/dist/unstable/observability/PrometheusMetrics.d.ts.map,observability,/Users/pq/aikagan-web/.opencode/node_modules/effect/dist/unstable/observability
PrometheusMetrics.js,2026-09-06 17:28:04 +0000,2026-09-06 17:28:04 +0000,,Javascript,11 KB,1,/Users/pq/aikagan-web/.opencode/node_modules/effect/dist/unstable/observability/PrometheusMetrics.js,observability,/Users/pq/aikagan-web/.opencode/node_modules/effect/dist/unstable/observability
PrometheusMetrics.js.map,2026-09-06 17:28:05 +0000,2026-09-06 17:28:05 +0000,,,9 KB,1,/Users/pq/aikagan-web/.opencode/node_modules/effect/dist/unstable/observability/PrometheusMetrics.js.map,observability,/Users/pq/aikagan-web/.opencode/node_modules/effect/dist/unstable/observability
index.d.ts,2026-09-06 17:28:07 +0000,2026-09-06 17:28:07 +0000,,Mpeg-2 Transport Stream,653 bytes,1,/Users/pq/aikagan-web/.opencode/node_modules/effect/dist/unstable/observability/index.d.ts,observability,/Users/pq/aikagan-web/.opencode/node_modules/effect/dist/unstable/observability
index.d.ts.map,2026-09-06 17:28:05 +0000,2026-09-06 17:28:05 +0000,,,536 bytes,1,/Users/pq/aikagan-web/.opencode/node_modules/effect/dist/unstable/observability/index.d.ts.map,observability,/Users/pq/aikagan-web/.opencode/node_modules/effect/dist/unstable/observability
index.js,2026-09-06 17:28:04 +0000,2026-09-06 17:28:04 +0000,,Javascript,709 bytes,1,/Users/pq/aikagan-web/.opencode/node_modules/effect/dist/unstable/observability/index.js,observability,/Users/pq/aikagan-web/.opencode/node_modules/effect/dist/unstable/observability
index.js.map,2026-09-06 17:28:05 +0000,2026-09-06 17:28:05 +0000,,,611 bytes,1,/Users/pq/aikagan-web/.opencode/node_modules/effect/dist/unstable/observability/index.js.map,observability,/Users/pq/aikagan-web/.opencode/node_modules/effect/dist/unstable/observability
internal,2026-09-06 17:28:07 +0000,2026-09-06 17:28:04 +0000,,Folder,8 bytes,0,/Users/pq/aikagan-web/.opencode/node_modules/effect/dist/unstable/observability/internal,observability,/Users/pq/aikagan-web/.opencode/node_modules/effect/dist/unstable/observability/internal
otlpProtobuf.d.ts,2026-09-06 17:28:07 +0000,2026-09-06 17:28:07 +0000,,Mpeg-2 Transport Stream,231 bytes,1,/Users/pq/aikagan-web/.opencode/node_modules/effect/dist/unstable/observability/internal/otlpProtobuf.d.ts,internal,/Users/pq/aikagan-web/.opencode/node_modules/effect/dist/unstable/observability/internal
otlpProtobuf.d.ts.map,2026-09-06 17:28:05 +0000,2026-09-06 17:28:05 +0000,,,172 bytes,1,/Users/pq/aikagan-web/.opencode/node_modules/effect/dist/unstable/observability/internal/otlpProtobuf.d.ts.map,internal,/Users/pq/aikagan-web/.opencode/node_modules/effect/dist/unstable/observability/internal
otlpProtobuf.js,2026-09-06 17:28:04 +0000,2026-09-06 17:28:04 +0000,,Javascript,16 KB,1,/Users/pq/aikagan-web/.opencode/node_modules/effect/dist/unstable/observability/internal/otlpProtobuf.js,internal,/Users/pq/aikagan-web/.opencode/node_modules/effect/dist/unstable/observability/internal
otlpProtobuf.js.map,2026-09-06 17:28:05 +0000,2026-09-06 17:28:05 +0000,,,15 KB,1,/Users/pq/aikagan-web/.opencode/node_modules/effect/dist/unstable/observability/internal/otlpProtobuf.js.map,internal,/Users/pq/aikagan-web/.opencode/node_modules/effect/dist/unstable/observability/internal
protobuf.d.ts,2026-09-06 17:28:07 +0000,2026-09-06 17:28:07 +0000,,Mpeg-2 Transport Stream,381 bytes,1,/Users/pq/aikagan-web/.opencode/node_modules/effect/dist/unstable/observability/internal/protobuf.d.ts,internal,/Users/pq/aikagan-web/.opencode/node_modules/effect/dist/unstable/observability/internal
protobuf.d.ts.map,2026-09-06 17:28:05 +0000,2026-09-06 17:28:05 +0000,,,167 bytes,1,/Users/pq/aikagan-web/.opencode/node_modules/effect/dist/unstable/observability/internal/protobuf.d.ts.map,internal,/Users/pq/aikagan-web/.opencode/node_modules/effect/dist/unstable/observability/internal
protobuf.js,2026-09-06 17:28:04 +0000,2026-09-06 17:28:04 +0000,,Javascript,5 KB,1,/Users/pq/aikagan-web/.opencode/node_modules/effect/dist/unstable/observability/internal/protobuf.js,internal,/Users/pq/aikagan-web/.opencode/node_modules/effect/dist/unstable/observability/internal
protobuf.js.map,2026-09-06 17:28:05 +0000,2026-09-06 17:28:05 +0000,,,6 KB,1,/Users/pq/aikagan-web/.opencode/node_modules/effect/dist/unstable/observability/internal/protobuf.js.map,internal,/Users/pq/aikagan-web/.opencode/node_modules/effect/dist/unstable/observability/internal
persistence,2026-09-06 17:28:08 +0000,2026-09-06 17:28:04 +0000,,Folder,32 bytes,0,/Users/pq/aikagan-web/.opencode/node_modules/effect/dist/unstable/persistence,unstable,/Users/pq/aikagan-web/.opencode/node_modules/effect/dist/unstable/persistence
KeyValueStore.d.ts,2026-09-06 17:28:07 +0000,2026-09-06 17:28:07 +0000,,Mpeg-2 Transport Stream,12 KB,1,/Users/pq/aikagan-web/.opencode/node_modules/effect/dist/unstable/persistence/KeyValueStore.d.ts,persistence,/Users/pq/aikagan-web/.opencode/node_modules/effect/dist/unstable/persistence
KeyValueStore.d.ts.map,2026-09-06 17:28:05 +0000,2026-09-06 17:28:05 +0000,,,6 KB,1,/Users/pq/aikagan-web/.opencode/node_modules/effect/dist/unstable/persistence/KeyValueStore.d.ts.map,persistence,/Users/pq/aikagan-web/.opencode/node_modules/effect/dist/unstable/persistence
KeyValueStore.js,2026-09-06 17:28:04 +0000,2026-09-06 17:28:04 +0000,,Javascript,17 KB,1,/Users/pq/aikagan-web/.opencode/node_modules/effect/dist/unstable/persistence/KeyValueStore.js,persistence,/Users/pq/aikagan-web/.opencode/node_modules/effect/dist/unstable/persistence
KeyValueStore.js.map,2026-09-06 17:28:05 +0000,2026-09-06 17:28:05 +0000,,,16 KB,1,/Users/pq/aikagan-web/.opencode/node_modules/effect/dist/unstable/persistence/KeyValueStore.js.map,persistence,/Users/pq/aikagan-web/.opencode/node_modules/effect/dist/unstable/persistence
Persistable.d.ts,2026-09-06 17:28:07 +0000,2026-09-06 17:28:07 +0000,,Mpeg-2 Transport Stream,7 KB,1,/Users/pq/aikagan-web/.opencode/node_modules/effect/dist/unstable/persistence/Persistable.d.ts,persistence,/Users/pq/aikagan-web/.opencode/node_modules/effect/dist/unstable/persistence
Persistable.d.ts.map,2026-09-06 17:28:05 +0000,2026-09-06 17:28:05 +0000,,,4 KB,1,/Users/pq/aikagan-web/.opencode/node_modules/effect/dist/unstable/persistence/Persistable.d.ts.map,persistence,/Users/pq/aikagan-web/.opencode/node_modules/effect/dist/unstable/persistence
Persistable.js,2026-09-06 17:28:04 +0000,2026-09-06 17:28:04 +0000,,Javascript,2 KB,1,/Users/pq/aikagan-web/.opencode/node_modules/effect/dist/unstable/persistence/Persistable.js,persistence,/Users/pq/aikagan-web/.opencode/node_modules/effect/dist/unstable/persistence
Persistable.js.map,2026-09-06 17:28:05 +0000,2026-09-06 17:28:05 +0000,,,2 KB,1,/Users/pq/aikagan-web/.opencode/node_modules/effect/dist/unstable/persistence/Persistable.js.map,persistence,/Users/pq/aikagan-web/.opencode/node_modules/effect/dist/unstable/persistence
PersistedCache.d.ts,2026-09-06 17:28:07 +0000,2026-09-06 17:28:07 +0000,,Mpeg-2 Transport Stream,4 KB,1,/Users/pq/aikagan-web/.opencode/node_modules/effect/dist/unstable/persistence/PersistedCache.d.ts,persistence,/Users/pq/aikagan-web/.opencode/node_modules/effect/dist/unstable/persistence
PersistedCache.d.ts.map,2026-09-06 17:28:05 +0000,2026-09-06 17:28:05 +0000,,,2 KB,1,/Users/pq/aikagan-web/.opencode/node_modules/effect/dist/unstable/persistence/PersistedCache.d.ts.map,persistence,/Users/pq/aikagan-web/.opencode/node_modules/effect/dist/unstable/persistence
PersistedCache.js,2026-09-06 17:28:04 +0000,2026-09-06 17:28:04 +0000,,Javascript,3 KB,1,/Users/pq/aikagan-web/.opencode/node_modules/effect/dist/unstable/persistence/PersistedCache.js,persistence,/Users/pq/aikagan-web/.opencode/node_modules/effect/dist/unstable/persistence
PersistedCache.js.map,2026-09-06 17:28:05 +0000,2026-09-06 17:28:05 +0000,,,2 KB,1,/Users/pq/aikagan-web/.opencode/node_modules/effect/dist/unstable/persistence/PersistedCache.js.map,persistence,/Users/pq/aikagan-web/.opencode/node_modules/effect/dist/unstable/persistence
PersistedQueue.d.ts,2026-09-06 17:28:07 +0000,2026-09-06 17:28:07 +0000,,Mpeg-2 Transport Stream,9 KB,1,/Users/pq/aikagan-web/.opencode/node_modules/effect/dist/unstable/persistence/PersistedQueue.d.ts,persistence,/Users/pq/aikagan-web/.opencode/node_modules/effect/dist/unstable/persistence
PersistedQueue.d.ts.map,2026-09-06 17:28:05 +0000,2026-09-06 17:28:05 +0000,,,5 KB,1,/Users/pq/aikagan-web/.opencode/node_modules/effect/dist/unstable/persistence/PersistedQueue.d.ts.map,persistence,/Users/pq/aikagan-web/.opencode/node_modules/effect/dist/unstable/persistence
PersistedQueue.js,2026-09-06 17:28:04 +0000,2026-09-06 17:28:04 +0000,,Javascript,29 KB,1,/Users/pq/aikagan-web/.opencode/node_modules/effect/dist/unstable/persistence/PersistedQueue.js,persistence,/Users/pq/aikagan-web/.opencode/node_modules/effect/dist/unstable/persistence
PersistedQueue.js.map,2026-09-06 17:28:05 +0000,2026-09-06 17:28:05 +0000,,,26 KB,1,/Users/pq/aikagan-web/.opencode/node_modules/effect/dist/unstable/persistence/PersistedQueue.js.map,persistence,/Users/pq/aikagan-web/.opencode/node_modules/effect/dist/unstable/persistence
Persistence.d.ts,2026-09-06 17:28:07 +0000,2026-09-06 17:28:07 +0000,,Mpeg-2 Transport Stream,9 KB,1,/Users/pq/aikagan-web/.opencode/node_modules/effect/dist/unstable/persistence/Persistence.d.ts,persistence,/Users/pq/aikagan-web/.opencode/node_modules/effect/dist/unstable/persistence
Persistence.d.ts.map,2026-09-06 17:28:05 +0000,2026-09-06 17:28:05 +0000,,,5 KB,1,/Users/pq/aikagan-web/.opencode/node_modules/effect/dist/unstable/persistence/Persistence.d.ts.map,persistence,/Users/pq/aikagan-web/.opencode/node_modules/effect/dist/unstable/persistence
Persistence.js,2026-09-06 17:28:04 +0000,2026-09-06 17:28:04 +0000,,Javascript,29 KB,1,/Users/pq/aikagan-web/.opencode/node_modules/effect/dist/unstable/persistence/Persistence.js,persistence,/Users/pq/aikagan-web/.opencode/node_modules/effect/dist/unstable/persistence
Persistence.js.map,2026-09-06 17:28:05 +0000,2026-09-06 17:28:05 +0000,,,25 KB,1,/Users/pq/aikagan-web/.opencode/node_modules/effect/dist/unstable/persistence/Persistence.js.map,persistence,/Users/pq/aikagan-web/.opencode/node_modules/effect/dist/unstable/persistence
RateLimiter.d.ts,2026-09-06 17:28:08 +0000,2026-09-06 17:28:08 +0000,,Mpeg-2 Transport Stream,14 KB,1,/Users/pq/aikagan-web/.opencode/node_modules/effect/dist/unstable/persistence/RateLimiter.d.ts,persistence,/Users/pq/aikagan-web/.opencode/node_modules/effect/dist/unstable/persistence
RateLimiter.d.ts.map,2026-09-06 17:28:05 +0000,2026-09-06 17:28:05 +0000,,,5 KB,1,/Users/pq/aikagan-web/.opencode/node_modules/effect/dist/unstable/persistence/RateLimiter.d.ts.map,persistence,/Users/pq/aikagan-web/.opencode/node_modules/effect/dist/unstable/persistence
RateLimiter.js,2026-09-06 17:28:04 +0000,2026-09-06 17:28:04 +0000,,Javascript,17 KB,1,/Users/pq/aikagan-web/.opencode/node_modules/effect/dist/unstable/persistence/RateLimiter.js,persistence,/Users/pq/aikagan-web/.opencode/node_modules/effect/dist/unstable/persistence
RateLimiter.js.map,2026-09-06 17:28:05 +0000,2026-09-06 17:28:05 +0000,,,12 KB,1,/Users/pq/aikagan-web/.opencode/node_modules/effect/dist/unstable/persistence/RateLimiter.js.map,persistence,/Users/pq/aikagan-web/.opencode/node_modules/effect/dist/unstable/persistence
Redis.d.ts,2026-09-06 17:28:08 +0000,2026-09-06 17:28:08 +0000,,Mpeg-2 Transport Stream,4 KB,1,/Users/pq/aikagan-web/.opencode/node_modules/effect/dist/unstable/persistence/Redis.d.ts,persistence,/Users/pq/aikagan-web/.opencode/node_modules/effect/dist/unstable/persistence
Redis.d.ts.map,2026-09-06 17:28:05 +0000,2026-09-06 17:28:05 +0000,,,2 KB,1,/Users/pq/aikagan-web/.opencode/node_modules/effect/dist/unstable/persistence/Redis.d.ts.map,persistence,/Users/pq/aikagan-web/.opencode/node_modules/effect/dist/unstable/persistence
Redis.js,2026-09-06 17:28:04 +0000,2026-09-06 17:28:04 +0000,,Javascript,4 KB,1,/Users/pq/aikagan-web/.opencode/node_modules/effect/dist/unstable/persistence/Redis.js,persistence,/Users/pq/aikagan-web/.opencode/node_modules/effect/dist/unstable/persistence
Redis.js.map,2026-09-06 17:28:05 +0000,2026-09-06 17:28:05 +0000,,,3 KB,1,/Users/pq/aikagan-web/.opencode/node_modules/effect/dist/unstable/persistence/Redis.js.map,persistence,/Users/pq/aikagan-web/.opencode/node_modules/effect/dist/unstable/persistence
index.d.ts,2026-09-06 17:28:07 +0000,2026-09-06 17:28:07 +0000,,Mpeg-2 Transport Stream,574 bytes,1,/Users/pq/aikagan-web/.opencode/node_modules/effect/dist/unstable/persistence/index.d.ts,persistence,/Users/pq/aikagan-web/.opencode/node_modules/effect/dist/unstable/persistence
index.d.ts.map,2026-09-06 17:28:05 +0000,2026-09-06 17:28:05 +0000,,,481 bytes,1,/Users/pq/aikagan-web/.opencode/node_modules/effect/dist/unstable/persistence/index.d.ts.map,persistence,/Users/pq/aikagan-web/.opencode/node_modules/effect/dist/unstable/persistence
index.js,2026-09-06 17:28:04 +0000,2026-09-06 17:28:04 +0000,,Javascript,630 bytes,1,/Users/pq/aikagan-web/.opencode/node_modules/effect/dist/unstable/persistence/index.js,persistence,/Users/pq/aikagan-web/.opencode/node_modules/effect/dist/unstable/persistence
index.js.map,2026-09-06 17:28:05 +0000,2026-09-06 17:28:05 +0000,,,547 bytes,1,/Users/pq/aikagan-web/.opencode/node_modules/effect/dist/unstable/persistence/index.js.map,persistence,/Users/pq/aikagan-web/.opencode/node_modules/effect/dist/unstable/persistence
process,2026-09-06 17:28:07 +0000,2026-09-06 17:28:04 +0000,,Folder,12 bytes,0,/Users/pq/aikagan-web/.opencode/node_modules/effect/dist/unstable/process,unstable,/Users/pq/aikagan-web/.opencode/node_modules/effect/dist/unstable/process
ChildProcess.d.ts,2026-09-06 17:28:07 +0000,2026-09-06 17:28:07 +0000,,Mpeg-2 Transport Stream,27 KB,1,/Users/pq/aikagan-web/.opencode/node_modules/effect/dist/unstable/process/ChildProcess.d.ts,process,/Users/pq/aikagan-web/.opencode/node_modules/effect/dist/unstable/process
ChildProcess.d.ts.map,2026-09-06 17:28:05 +0000,2026-09-06 17:28:05 +0000,,,7 KB,1,/Users/pq/aikagan-web/.opencode/node_modules/effect/dist/unstable/process/ChildProcess.d.ts.map,process,/Users/pq/aikagan-web/.opencode/node_modules/effect/dist/unstable/process
ChildProcess.js,2026-09-06 17:28:04 +0000,2026-09-06 17:28:04 +0000,,Javascript,16 KB,1,/Users/pq/aikagan-web/.opencode/node_modules/effect/dist/unstable/process/ChildProcess.js,process,/Users/pq/aikagan-web/.opencode/node_modules/effect/dist/unstable/process
ChildProcess.js.map,2026-09-06 17:28:05 +0000,2026-09-06 17:28:05 +0000,,,10 KB,1,/Users/pq/aikagan-web/.opencode/node_modules/effect/dist/unstable/process/ChildProcess.js.map,process,/Users/pq/aikagan-web/.opencode/node_modules/effect/dist/unstable/process
ChildProcessSpawner.d.ts,2026-09-06 17:28:07 +0000,2026-09-06 17:28:07 +0000,,Mpeg-2 Transport Stream,9 KB,1,/Users/pq/aikagan-web/.opencode/node_modules/effect/dist/unstable/process/ChildProcessSpawner.d.ts,process,/Users/pq/aikagan-web/.opencode/node_modules/effect/dist/unstable/process
ChildProcessSpawner.d.ts.map,2026-09-06 17:28:05 +0000,2026-09-06 17:28:05 +0000,,,3 KB,1,/Users/pq/aikagan-web/.opencode/node_modules/effect/dist/unstable/process/ChildProcessSpawner.d.ts.map,process,/Users/pq/aikagan-web/.opencode/node_modules/effect/dist/unstable/process
ChildProcessSpawner.js,2026-09-06 17:28:04 +0000,2026-09-06 17:28:04 +0000,,Javascript,3 KB,1,/Users/pq/aikagan-web/.opencode/node_modules/effect/dist/unstable/process/ChildProcessSpawner.js,process,/Users/pq/aikagan-web/.opencode/node_modules/effect/dist/unstable/process
ChildProcessSpawner.js.map,2026-09-06 17:28:05 +0000,2026-09-06 17:28:05 +0000,,,2 KB,1,/Users/pq/aikagan-web/.opencode/node_modules/effect/dist/unstable/process/ChildProcessSpawner.js.map,process,/Users/pq/aikagan-web/.opencode/node_modules/effect/dist/unstable/process
index.d.ts,2026-09-06 17:28:07 +0000,2026-09-06 17:28:07 +0000,,Mpeg-2 Transport Stream,223 bytes,1,/Users/pq/aikagan-web/.opencode/node_modules/effect/dist/unstable/process/index.d.ts,process,/Users/pq/aikagan-web/.opencode/node_modules/effect/dist/unstable/process
index.d.ts.map,2026-09-06 17:28:05 +0000,2026-09-06 17:28:05 +0000,,,236 bytes,1,/Users/pq/aikagan-web/.opencode/node_modules/effect/dist/unstable/process/index.d.ts.map,process,/Users/pq/aikagan-web/.opencode/node_modules/effect/dist/unstable/process
index.js,2026-09-06 17:28:04 +0000,2026-09-06 17:28:04 +0000,,Javascript,279 bytes,1,/Users/pq/aikagan-web/.opencode/node_modules/effect/dist/unstable/process/index.js,process,/Users/pq/aikagan-web/.opencode/node_modules/effect/dist/unstable/process
index.js.map,2026-09-06 17:28:05 +0000,2026-09-06 17:28:05 +0000,,,279 bytes,1,/Users/pq/aikagan-web/.opencode/node_modules/effect/dist/unstable/process/index.js.map,process,/Users/pq/aikagan-web/.opencode/node_modules/effect/dist/unstable/process
reactivity,2026-09-06 17:28:08 +0000,2026-09-06 17:28:04 +0000,,Folder,36 bytes,0,/Users/pq/aikagan-web/.opencode/node_modules/effect/dist/unstable/reactivity,unstable,/Users/pq/aikagan-web/.opencode/node_modules/effect/dist/unstable/reactivity
AsyncResult.d.ts,2026-09-06 17:28:07 +0000,2026-09-06 17:28:07 +0000,,Mpeg-2 Transport Stream,24 KB,1,/Users/pq/aikagan-web/.opencode/node_modules/effect/dist/unstable/reactivity/AsyncResult.d.ts,reactivity,/Users/pq/aikagan-web/.opencode/node_modules/effect/dist/unstable/reactivity
AsyncResult.d.ts.map,2026-09-06 17:28:05 +0000,2026-09-06 17:28:05 +0000,,,18 KB,1,/Users/pq/aikagan-web/.opencode/node_modules/effect/dist/unstable/reactivity/AsyncResult.d.ts.map,reactivity,/Users/pq/aikagan-web/.opencode/node_modules/effect/dist/unstable/reactivity
AsyncResult.js,2026-09-06 17:28:04 +0000,2026-09-06 17:28:04 +0000,,Javascript,22 KB,1,/Users/pq/aikagan-web/.opencode/node_modules/effect/dist/unstable/reactivity/AsyncResult.js,reactivity,/Users/pq/aikagan-web/.opencode/node_modules/effect/dist/unstable/reactivity
AsyncResult.js.map,2026-09-06 17:28:05 +0000,2026-09-06 17:28:05 +0000,,,20 KB,1,/Users/pq/aikagan-web/.opencode/node_modules/effect/dist/unstable/reactivity/AsyncResult.js.map,reactivity,/Users/pq/aikagan-web/.opencode/node_modules/effect/dist/unstable/reactivity
Atom.d.ts,2026-09-06 17:28:07 +0000,2026-09-06 17:28:07 +0000,,Mpeg-2 Transport Stream,57 KB,1,/Users/pq/aikagan-web/.opencode/node_modules/effect/dist/unstable/reactivity/Atom.d.ts,reactivity,/Users/pq/aikagan-web/.opencode/node_modules/effect/dist/unstable/reactivity
Atom.d.ts.map,2026-09-06 17:28:05 +0000,2026-09-06 17:28:05 +0000,,,34 KB,1,/Users/pq/aikagan-web/.opencode/node_modules/effect/dist/unstable/reactivity/Atom.d.ts.map,reactivity,/Users/pq/aikagan-web/.opencode/node_modules/effect/dist/unstable/reactivity
Atom.js,2026-09-06 17:28:04 +0000,2026-09-06 17:28:04 +0000,,Javascript,49 KB,1,/Users/pq/aikagan-web/.opencode/node_modules/effect/dist/unstable/reactivity/Atom.js,reactivity,/Users/pq/aikagan-web/.opencode/node_modules/effect/dist/unstable/reactivity
Atom.js.map,2026-09-06 17:28:05 +0000,2026-09-06 17:28:05 +0000,,,47 KB,1,/Users/pq/aikagan-web/.opencode/node_modules/effect/dist/unstable/reactivity/Atom.js.map,reactivity,/Users/pq/aikagan-web/.opencode/node_modules/effect/dist/unstable/reactivity
AtomHttpApi.d.ts,2026-09-06 17:28:07 +0000,2026-09-06 17:28:07 +0000,,Mpeg-2 Transport Stream,7 KB,1,/Users/pq/aikagan-web/.opencode/node_modules/effect/dist/unstable/reactivity/AtomHttpApi.d.ts,reactivity,/Users/pq/aikagan-web/.opencode/node_modules/effect/dist/unstable/reactivity
AtomHttpApi.d.ts.map,2026-09-06 17:28:05 +0000,2026-09-06 17:28:05 +0000,,,5 KB,1,/Users/pq/aikagan-web/.opencode/node_modules/effect/dist/unstable/reactivity/AtomHttpApi.d.ts.map,reactivity,/Users/pq/aikagan-web/.opencode/node_modules/effect/dist/unstable/reactivity
AtomHttpApi.js,2026-09-06 17:28:04 +0000,2026-09-06 17:28:04 +0000,,Javascript,6 KB,1,/Users/pq/aikagan-web/.opencode/node_modules/effect/dist/unstable/reactivity/AtomHttpApi.js,reactivity,/Users/pq/aikagan-web/.opencode/node_modules/effect/dist/unstable/reactivity
AtomHttpApi.js.map,2026-09-06 17:28:05 +0000,2026-09-06 17:28:05 +0000,,,5 KB,1,/Users/pq/aikagan-web/.opencode/node_modules/effect/dist/unstable/reactivity/AtomHttpApi.js.map,reactivity,/Users/pq/aikagan-web/.opencode/node_modules/effect/dist/unstable/reactivity
AtomRef.d.ts,2026-09-06 17:28:07 +0000,2026-09-06 17:28:07 +0000,,Mpeg-2 Transport Stream,4 KB,1,/Users/pq/aikagan-web/.opencode/node_modules/effect/dist/unstable/reactivity/AtomRef.d.ts,reactivity,/Users/pq/aikagan-web/.opencode/node_modules/effect/dist/unstable/reactivity
AtomRef.d.ts.map,2026-09-06 17:28:05 +0000,2026-09-06 17:28:05 +0000,,,2 KB,1,/Users/pq/aikagan-web/.opencode/node_modules/effect/dist/unstable/reactivity/AtomRef.d.ts.map,reactivity,/Users/pq/aikagan-web/.opencode/node_modules/effect/dist/unstable/reactivity
AtomRef.js,2026-09-06 17:28:04 +0000,2026-09-06 17:28:04 +0000,,Javascript,7 KB,1,/Users/pq/aikagan-web/.opencode/node_modules/effect/dist/unstable/reactivity/AtomRef.js,reactivity,/Users/pq/aikagan-web/.opencode/node_modules/effect/dist/unstable/reactivity
AtomRef.js.map,2026-09-06 17:28:05 +0000,2026-09-06 17:28:05 +0000,,,7 KB,1,/Users/pq/aikagan-web/.opencode/node_modules/effect/dist/unstable/reactivity/AtomRef.js.map,reactivity,/Users/pq/aikagan-web/.opencode/node_modules/effect/dist/unstable/reactivity
AtomRegistry.d.ts,2026-09-06 17:28:07 +0000,2026-09-06 17:28:07 +0000,,Mpeg-2 Transport Stream,13 KB,1,/Users/pq/aikagan-web/.opencode/node_modules/effect/dist/unstable/reactivity/AtomRegistry.d.ts,reactivity,/Users/pq/aikagan-web/.opencode/node_modules/effect/dist/unstable/reactivity
AtomRegistry.d.ts.map,2026-09-06 17:28:05 +0000,2026-09-06 17:28:05 +0000,,,5 KB,1,/Users/pq/aikagan-web/.opencode/node_modules/effect/dist/unstable/reactivity/AtomRegistry.d.ts.map,reactivity,/Users/pq/aikagan-web/.opencode/node_modules/effect/dist/unstable/reactivity
AtomRegistry.js,2026-09-06 17:28:04 +0000,2026-09-06 17:28:04 +0000,,Javascript,27 KB,1,/Users/pq/aikagan-web/.opencode/node_modules/effect/dist/unstable/reactivity/AtomRegistry.js,reactivity,/Users/pq/aikagan-web/.opencode/node_modules/effect/dist/unstable/reactivity
AtomRegistry.js.map,2026-09-06 17:28:05 +0000,2026-09-06 17:28:05 +0000,,,29 KB,1,/Users/pq/aikagan-web/.opencode/node_modules/effect/dist/unstable/reactivity/AtomRegistry.js.map,reactivity,/Users/pq/aikagan-web/.opencode/node_modules/effect/dist/unstable/reactivity
AtomRpc.d.ts,2026-09-06 17:28:07 +0000,2026-09-06 17:28:07 +0000,,Mpeg-2 Transport Stream,6 KB,1,/Users/pq/aikagan-web/.opencode/node_modules/effect/dist/unstable/reactivity/AtomRpc.d.ts,reactivity,/Users/pq/aikagan-web/.opencode/node_modules/effect/dist/unstable/reactivity
AtomRpc.d.ts.map,2026-09-06 17:28:05 +0000,2026-09-06 17:28:05 +0000,,,4 KB,1,/Users/pq/aikagan-web/.opencode/node_modules/effect/dist/unstable/reactivity/AtomRpc.d.ts.map,reactivity,/Users/pq/aikagan-web/.opencode/node_modules/effect/dist/unstable/reactivity
AtomRpc.js,2026-09-06 17:28:04 +0000,2026-09-06 17:28:04 +0000,,Javascript,5 KB,1,/Users/pq/aikagan-web/.opencode/node_modules/effect/dist/unstable/reactivity/AtomRpc.js,reactivity,/Users/pq/aikagan-web/.opencode/node_modules/effect/dist/unstable/reactivity
AtomRpc.js.map,2026-09-06 17:28:05 +0000,2026-09-06 17:28:05 +0000,,,5 KB,1,/Users/pq/aikagan-web/.opencode/node_modules/effect/dist/unstable/reactivity/AtomRpc.js.map,reactivity,/Users/pq/aikagan-web/.opencode/node_modules/effect/dist/unstable/reactivity
Hydration.d.ts,2026-09-06 17:28:07 +0000,2026-09-06 17:28:07 +0000,,Mpeg-2 Transport Stream,2 KB,1,/Users/pq/aikagan-web/.opencode/node_modules/effect/dist/unstable/reactivity/Hydration.d.ts,reactivity,/Users/pq/aikagan-web/.opencode/node_modules/effect/dist/unstable/reactivity
Hydration.d.ts.map,2026-09-06 17:28:05 +0000,2026-09-06 17:28:05 +0000,,,908 bytes,1,/Users/pq/aikagan-web/.opencode/node_modules/effect/dist/unstable/reactivity/Hydration.d.ts.map,reactivity,/Users/pq/aikagan-web/.opencode/node_modules/effect/dist/unstable/reactivity
Hydration.js,2026-09-06 17:28:04 +0000,2026-09-06 17:28:04 +0000,,Javascript,5 KB,1,/Users/pq/aikagan-web/.opencode/node_modules/effect/dist/unstable/reactivity/Hydration.js,reactivity,/Users/pq/aikagan-web/.opencode/node_modules/effect/dist/unstable/reactivity
Hydration.js.map,2026-09-06 17:28:05 +0000,2026-09-06 17:28:05 +0000,,,3 KB,1,/Users/pq/aikagan-web/.opencode/node_modules/effect/dist/unstable/reactivity/Hydration.js.map,reactivity,/Users/pq/aikagan-web/.opencode/node_modules/effect/dist/unstable/reactivity
Reactivity.d.ts,2026-09-06 17:28:08 +0000,2026-09-06 17:28:08 +0000,,Mpeg-2 Transport Stream,10 KB,1,/Users/pq/aikagan-web/.opencode/node_modules/effect/dist/unstable/reactivity/Reactivity.d.ts,reactivity,/Users/pq/aikagan-web/.opencode/node_modules/effect/dist/unstable/reactivity
Reactivity.d.ts.map,2026-09-06 17:28:05 +0000,2026-09-06 17:28:05 +0000,,,6 KB,1,/Users/pq/aikagan-web/.opencode/node_modules/effect/dist/unstable/reactivity/Reactivity.d.ts.map,reactivity,/Users/pq/aikagan-web/.opencode/node_modules/effect/dist/unstable/reactivity
Reactivity.js,2026-09-06 17:28:04 +0000,2026-09-06 17:28:04 +0000,,Javascript,8 KB,1,/Users/pq/aikagan-web/.opencode/node_modules/effect/dist/unstable/reactivity/Reactivity.js,reactivity,/Users/pq/aikagan-web/.opencode/node_modules/effect/dist/unstable/reactivity
Reactivity.js.map,2026-09-06 17:28:05 +0000,2026-09-06 17:28:05 +0000,,,7 KB,1,/Users/pq/aikagan-web/.opencode/node_modules/effect/dist/unstable/reactivity/Reactivity.js.map,reactivity,/Users/pq/aikagan-web/.opencode/node_modules/effect/dist/unstable/reactivity
index.d.ts,2026-09-06 17:28:07 +0000,2026-09-06 17:28:07 +0000,,Mpeg-2 Transport Stream,609 bytes,1,/Users/pq/aikagan-web/.opencode/node_modules/effect/dist/unstable/reactivity/index.d.ts,reactivity,/Users/pq/aikagan-web/.opencode/node_modules/effect/dist/unstable/reactivity
index.d.ts.map,2026-09-06 17:28:05 +0000,2026-09-06 17:28:05 +0000,,,525 bytes,1,/Users/pq/aikagan-web/.opencode/node_modules/effect/dist/unstable/reactivity/index.d.ts.map,reactivity,/Users/pq/aikagan-web/.opencode/node_modules/effect/dist/unstable/reactivity
index.js,2026-09-06 17:28:04 +0000,2026-09-06 17:28:04 +0000,,Javascript,665 bytes,1,/Users/pq/aikagan-web/.opencode/node_modules/effect/dist/unstable/reactivity/index.js,reactivity,/Users/pq/aikagan-web/.opencode/node_modules/effect/dist/unstable/reactivity
index.js.map,2026-09-06 17:28:05 +0000,2026-09-06 17:28:05 +0000,,,578 bytes,1,/Users/pq/aikagan-web/.opencode/node_modules/effect/dist/unstable/reactivity/index.js.map,reactivity,/Users/pq/aikagan-web/.opencode/node_modules/effect/dist/unstable/reactivity
rpc,2026-09-06 17:28:08 +0000,2026-09-06 17:28:04 +0000,,Folder,52 bytes,0,/Users/pq/aikagan-web/.opencode/node_modules/effect/dist/unstable/rpc,unstable,/Users/pq/aikagan-web/.opencode/node_modules/effect/dist/unstable/rpc
Rpc.d.ts,2026-09-06 17:28:08 +0000,2026-09-06 17:28:08 +0000,,Mpeg-2 Transport Stream,27 KB,1,/Users/pq/aikagan-web/.opencode/node_modules/effect/dist/unstable/rpc/Rpc.d.ts,rpc,/Users/pq/aikagan-web/.opencode/node_modules/effect/dist/unstable/rpc
Rpc.d.ts.map,2026-09-06 17:28:05 +0000,2026-09-06 17:28:05 +0000,,,17 KB,1,/Users/pq/aikagan-web/.opencode/node_modules/effect/dist/unstable/rpc/Rpc.d.ts.map,rpc,/Users/pq/aikagan-web/.opencode/node_modules/effect/dist/unstable/rpc
Rpc.js,2026-09-06 17:28:05 +0000,2026-09-06 17:28:05 +0000,,Javascript,10 KB,1,/Users/pq/aikagan-web/.opencode/node_modules/effect/dist/unstable/rpc/Rpc.js,rpc,/Users/pq/aikagan-web/.opencode/node_modules/effect/dist/unstable/rpc
Rpc.js.map,2026-09-06 17:28:05 +0000,2026-09-06 17:28:05 +0000,,,8 KB,1,/Users/pq/aikagan-web/.opencode/node_modules/effect/dist/unstable/rpc/Rpc.js.map,rpc,/Users/pq/aikagan-web/.opencode/node_modules/effect/dist/unstable/rpc
RpcClient.d.ts,2026-09-06 17:28:08 +0000,2026-09-06 17:28:08 +0000,,Mpeg-2 Transport Stream,14 KB,1,/Users/pq/aikagan-web/.opencode/node_modules/effect/dist/unstable/rpc/RpcClient.d.ts,rpc,/Users/pq/aikagan-web/.opencode/node_modules/effect/dist/unstable/rpc
RpcClient.d.ts.map,2026-09-06 17:28:05 +0000,2026-09-06 17:28:05 +0000,,,11 KB,1,/Users/pq/aikagan-web/.opencode/node_modules/effect/dist/unstable/rpc/RpcClient.d.ts.map,rpc,/Users/pq/aikagan-web/.opencode/node_modules/effect/dist/unstable/rpc
RpcClient.js,2026-09-06 17:28:05 +0000,2026-09-06 17:28:05 +0000,,Javascript,29 KB,1,/Users/pq/aikagan-web/.opencode/node_modules/effect/dist/unstable/rpc/RpcClient.js,rpc,/Users/pq/aikagan-web/.opencode/node_modules/effect/dist/unstable/rpc
RpcClient.js.map,2026-09-06 17:28:05 +0000,2026-09-06 17:28:05 +0000,,,33 KB,1,/Users/pq/aikagan-web/.opencode/node_modules/effect/dist/unstable/rpc/RpcClient.js.map,rpc,/Users/pq/aikagan-web/.opencode/node_modules/effect/dist/unstable/rpc
RpcClientError.d.ts,2026-09-06 17:28:08 +0000,2026-09-06 17:28:08 +0000,,Mpeg-2 Transport Stream,3 KB,1,/Users/pq/aikagan-web/.opencode/node_modules/effect/dist/unstable/rpc/RpcClientError.d.ts,rpc,/Users/pq/aikagan-web/.opencode/node_modules/effect/dist/unstable/rpc
RpcClientError.d.ts.map,2026-09-06 17:28:05 +0000,2026-09-06 17:28:05 +0000,,,485 bytes,1,/Users/pq/aikagan-web/.opencode/node_modules/effect/dist/unstable/rpc/RpcClientError.d.ts.map,rpc,/Users/pq/aikagan-web/.opencode/node_modules/effect/dist/unstable/rpc
RpcClientError.js,2026-09-06 17:28:05 +0000,2026-09-06 17:28:05 +0000,,Javascript,3 KB,1,/Users/pq/aikagan-web/.opencode/node_modules/effect/dist/unstable/rpc/RpcClientError.js,rpc,/Users/pq/aikagan-web/.opencode/node_modules/effect/dist/unstable/rpc
RpcClientError.js.map,2026-09-06 17:28:05 +0000,2026-09-06 17:28:05 +0000,,,1 KB,1,/Users/pq/aikagan-web/.opencode/node_modules/effect/dist/unstable/rpc/RpcClientError.js.map,rpc,/Users/pq/aikagan-web/.opencode/node_modules/effect/dist/unstable/rpc
RpcGroup.d.ts,2026-09-06 17:28:08 +0000,2026-09-06 17:28:08 +0000,,Mpeg-2 Transport Stream,8 KB,1,/Users/pq/aikagan-web/.opencode/node_modules/effect/dist/unstable/rpc/RpcGroup.d.ts,rpc,/Users/pq/aikagan-web/.opencode/node_modules/effect/dist/unstable/rpc
RpcGroup.d.ts.map,2026-09-06 17:28:05 +0000,2026-09-06 17:28:05 +0000,,,6 KB,1,/Users/pq/aikagan-web/.opencode/node_modules/effect/dist/unstable/rpc/RpcGroup.d.ts.map,rpc,/Users/pq/aikagan-web/.opencode/node_modules/effect/dist/unstable/rpc
RpcGroup.js,2026-09-06 17:28:05 +0000,2026-09-06 17:28:05 +0000,,Javascript,5 KB,1,/Users/pq/aikagan-web/.opencode/node_modules/effect/dist/unstable/rpc/RpcGroup.js,rpc,/Users/pq/aikagan-web/.opencode/node_modules/effect/dist/unstable/rpc
RpcGroup.js.map,2026-09-06 17:28:05 +0000,2026-09-06 17:28:05 +0000,,,6 KB,1,/Users/pq/aikagan-web/.opencode/node_modules/effect/dist/unstable/rpc/RpcGroup.js.map,rpc,/Users/pq/aikagan-web/.opencode/node_modules/effect/dist/unstable/rpc
RpcMessage.d.ts,2026-09-06 17:28:08 +0000,2026-09-06 17:28:08 +0000,,Mpeg-2 Transport Stream,10 KB,1,/Users/pq/aikagan-web/.opencode/node_modules/effect/dist/unstable/rpc/RpcMessage.d.ts,rpc,/Users/pq/aikagan-web/.opencode/node_modules/effect/dist/unstable/rpc
RpcMessage.d.ts.map,2026-09-06 17:28:05 +0000,2026-09-06 17:28:05 +0000,,,5 KB,1,/Users/pq/aikagan-web/.opencode/node_modules/effect/dist/unstable/rpc/RpcMessage.d.ts.map,rpc,/Users/pq/aikagan-web/.opencode/node_modules/effect/dist/unstable/rpc
RpcMessage.js,2026-09-06 17:28:05 +0000,2026-09-06 17:28:05 +0000,,Javascript,2 KB,1,/Users/pq/aikagan-web/.opencode/node_modules/effect/dist/unstable/rpc/RpcMessage.js,rpc,/Users/pq/aikagan-web/.opencode/node_modules/effect/dist/unstable/rpc
RpcMessage.js.map,2026-09-06 17:28:05 +0000,2026-09-06 17:28:05 +0000,,,1 KB,1,/Users/pq/aikagan-web/.opencode/node_modules/effect/dist/unstable/rpc/RpcMessage.js.map,rpc,/Users/pq/aikagan-web/.opencode/node_modules/effect/dist/unstable/rpc
RpcMiddleware.d.ts,2026-09-06 17:28:08 +0000,2026-09-06 17:28:08 +0000,,Mpeg-2 Transport Stream,10 KB,1,/Users/pq/aikagan-web/.opencode/node_modules/effect/dist/unstable/rpc/RpcMiddleware.d.ts,rpc,/Users/pq/aikagan-web/.opencode/node_modules/effect/dist/unstable/rpc
RpcMiddleware.d.ts.map,2026-09-06 17:28:05 +0000,2026-09-06 17:28:05 +0000,,,6 KB,1,/Users/pq/aikagan-web/.opencode/node_modules/effect/dist/unstable/rpc/RpcMiddleware.d.ts.map,rpc,/Users/pq/aikagan-web/.opencode/node_modules/effect/dist/unstable/rpc
RpcMiddleware.js,2026-09-06 17:28:05 +0000,2026-09-06 17:28:05 +0000,,Javascript,4 KB,1,/Users/pq/aikagan-web/.opencode/node_modules/effect/dist/unstable/rpc/RpcMiddleware.js,rpc,/Users/pq/aikagan-web/.opencode/node_modules/effect/dist/unstable/rpc
RpcMiddleware.js.map,2026-09-06 17:28:05 +0000,2026-09-06 17:28:05 +0000,,,2 KB,1,/Users/pq/aikagan-web/.opencode/node_modules/effect/dist/unstable/rpc/RpcMiddleware.js.map,rpc,/Users/pq/aikagan-web/.opencode/node_modules/effect/dist/unstable/rpc
RpcSchema.d.ts,2026-09-06 17:28:08 +0000,2026-09-06 17:28:08 +0000,,Mpeg-2 Transport Stream,3 KB,1,/Users/pq/aikagan-web/.opencode/node_modules/effect/dist/unstable/rpc/RpcSchema.d.ts,rpc,/Users/pq/aikagan-web/.opencode/node_modules/effect/dist/unstable/rpc
RpcSchema.d.ts.map,2026-09-06 17:28:05 +0000,2026-09-06 17:28:05 +0000,,,1 KB,1,/Users/pq/aikagan-web/.opencode/node_modules/effect/dist/unstable/rpc/RpcSchema.d.ts.map,rpc,/Users/pq/aikagan-web/.opencode/node_modules/effect/dist/unstable/rpc
RpcSchema.js,2026-09-06 17:28:05 +0000,2026-09-06 17:28:05 +0000,,Javascript,3 KB,1,/Users/pq/aikagan-web/.opencode/node_modules/effect/dist/unstable/rpc/RpcSchema.js,rpc,/Users/pq/aikagan-web/.opencode/node_modules/effect/dist/unstable/rpc
RpcSchema.js.map,2026-09-06 17:28:05 +0000,2026-09-06 17:28:05 +0000,,,2 KB,1,/Users/pq/aikagan-web/.opencode/node_modules/effect/dist/unstable/rpc/RpcSchema.js.map,rpc,/Users/pq/aikagan-web/.opencode/node_modules/effect/dist/unstable/rpc
RpcSerialization.d.ts,2026-09-06 17:28:08 +0000,2026-09-06 17:28:08 +0000,,Mpeg-2 Transport Stream,6 KB,1,/Users/pq/aikagan-web/.opencode/node_modules/effect/dist/unstable/rpc/RpcSerialization.d.ts,rpc,/Users/pq/aikagan-web/.opencode/node_modules/effect/dist/unstable/rpc
RpcSerialization.d.ts.map,2026-09-06 17:28:05 +0000,2026-09-06 17:28:05 +0000,,,2 KB,1,/Users/pq/aikagan-web/.opencode/node_modules/effect/dist/unstable/rpc/RpcSerialization.d.ts.map,rpc,/Users/pq/aikagan-web/.opencode/node_modules/effect/dist/unstable/rpc
RpcSerialization.js,2026-09-06 17:28:05 +0000,2026-09-06 17:28:05 +0000,,Javascript,14 KB,1,/Users/pq/aikagan-web/.opencode/node_modules/effect/dist/unstable/rpc/RpcSerialization.js,rpc,/Users/pq/aikagan-web/.opencode/node_modules/effect/dist/unstable/rpc
RpcSerialization.js.map,2026-09-06 17:28:05 +0000,2026-09-06 17:28:05 +0000,,,12 KB,1,/Users/pq/aikagan-web/.opencode/node_modules/effect/dist/unstable/rpc/RpcSerialization.js.map,rpc,/Users/pq/aikagan-web/.opencode/node_modules/effect/dist/unstable/rpc
RpcServer.d.ts,2026-09-06 17:28:08 +0000,2026-09-06 17:28:08 +0000,,Mpeg-2 Transport Stream,14 KB,1,/Users/pq/aikagan-web/.opencode/node_modules/effect/dist/unstable/rpc/RpcServer.d.ts,rpc,/Users/pq/aikagan-web/.opencode/node_modules/effect/dist/unstable/rpc
RpcServer.d.ts.map,2026-09-06 17:28:05 +0000,2026-09-06 17:28:05 +0000,,,10 KB,1,/Users/pq/aikagan-web/.opencode/node_modules/effect/dist/unstable/rpc/RpcServer.d.ts.map,rpc,/Users/pq/aikagan-web/.opencode/node_modules/effect/dist/unstable/rpc
RpcServer.js,2026-09-06 17:28:05 +0000,2026-09-06 17:28:05 +0000,,Javascript,35 KB,1,/Users/pq/aikagan-web/.opencode/node_modules/effect/dist/unstable/rpc/RpcServer.js,rpc,/Users/pq/aikagan-web/.opencode/node_modules/effect/dist/unstable/rpc
RpcServer.js.map,2026-09-06 17:28:05 +0000,2026-09-06 17:28:05 +0000,,,39 KB,1,/Users/pq/aikagan-web/.opencode/node_modules/effect/dist/unstable/rpc/RpcServer.js.map,rpc,/Users/pq/aikagan-web/.opencode/node_modules/effect/dist/unstable/rpc
RpcTest.d.ts,2026-09-06 17:28:08 +0000,2026-09-06 17:28:08 +0000,,Mpeg-2 Transport Stream,2 KB,1,/Users/pq/aikagan-web/.opencode/node_modules/effect/dist/unstable/rpc/RpcTest.d.ts,rpc,/Users/pq/aikagan-web/.opencode/node_modules/effect/dist/unstable/rpc
RpcTest.d.ts.map,2026-09-06 17:28:05 +0000,2026-09-06 17:28:05 +0000,,,875 bytes,1,/Users/pq/aikagan-web/.opencode/node_modules/effect/dist/unstable/rpc/RpcTest.d.ts.map,rpc,/Users/pq/aikagan-web/.opencode/node_modules/effect/dist/unstable/rpc
RpcTest.js,2026-09-06 17:28:05 +0000,2026-09-06 17:28:05 +0000,,Javascript,2 KB,1,/Users/pq/aikagan-web/.opencode/node_modules/effect/dist/unstable/rpc/RpcTest.js,rpc,/Users/pq/aikagan-web/.opencode/node_modules/effect/dist/unstable/rpc
RpcTest.js.map,2026-09-06 17:28:05 +0000,2026-09-06 17:28:05 +0000,,,1 KB,1,/Users/pq/aikagan-web/.opencode/node_modules/effect/dist/unstable/rpc/RpcTest.js.map,rpc,/Users/pq/aikagan-web/.opencode/node_modules/effect/dist/unstable/rpc
RpcWorker.d.ts,2026-09-06 17:28:08 +0000,2026-09-06 17:28:08 +0000,,Mpeg-2 Transport Stream,4 KB,1,/Users/pq/aikagan-web/.opencode/node_modules/effect/dist/unstable/rpc/RpcWorker.d.ts,rpc,/Users/pq/aikagan-web/.opencode/node_modules/effect/dist/unstable/rpc
RpcWorker.d.ts.map,2026-09-06 17:28:05 +0000,2026-09-06 17:28:05 +0000,,,1 KB,1,/Users/pq/aikagan-web/.opencode/node_modules/effect/dist/unstable/rpc/RpcWorker.d.ts.map,rpc,/Users/pq/aikagan-web/.opencode/node_modules/effect/dist/unstable/rpc
RpcWorker.js,2026-09-06 17:28:05 +0000,2026-09-06 17:28:05 +0000,,Javascript,2 KB,1,/Users/pq/aikagan-web/.opencode/node_modules/effect/dist/unstable/rpc/RpcWorker.js,rpc,/Users/pq/aikagan-web/.opencode/node_modules/effect/dist/unstable/rpc
RpcWorker.js.map,2026-09-06 17:28:05 +0000,2026-09-06 17:28:05 +0000,,,2 KB,1,/Users/pq/aikagan-web/.opencode/node_modules/effect/dist/unstable/rpc/RpcWorker.js.map,rpc,/Users/pq/aikagan-web/.opencode/node_modules/effect/dist/unstable/rpc
Utils.d.ts,2026-09-06 17:28:08 +0000,2026-09-06 17:28:08 +0000,,Mpeg-2 Transport Stream,1 KB,1,/Users/pq/aikagan-web/.opencode/node_modules/effect/dist/unstable/rpc/Utils.d.ts,rpc,/Users/pq/aikagan-web/.opencode/node_modules/effect/dist/unstable/rpc
Utils.d.ts.map,2026-09-06 17:28:07 +0000,2026-09-06 17:28:07 +0000,,,1 KB,1,/Users/pq/aikagan-web/.opencode/node_modules/effect/dist/unstable/rpc/Utils.d.ts.map,rpc,/Users/pq/aikagan-web/.opencode/node_modules/effect/dist/unstable/rpc
Utils.js,2026-09-06 17:28:05 +0000,2026-09-06 17:28:05 +0000,,Javascript,3 KB,1,/Users/pq/aikagan-web/.opencode/node_modules/effect/dist/unstable/rpc/Utils.js,rpc,/Users/pq/aikagan-web/.opencode/node_modules/effect/dist/unstable/rpc
Utils.js.map,2026-09-06 17:28:07 +0000,2026-09-06 17:28:07 +0000,,,3 KB,1,/Users/pq/aikagan-web/.opencode/node_modules/effect/dist/unstable/rpc/Utils.js.map,rpc,/Users/pq/aikagan-web/.opencode/node_modules/effect/dist/unstable/rpc
index.d.ts,2026-09-06 17:28:07 +0000,2026-09-06 17:28:07 +0000,,Mpeg-2 Transport Stream,895 bytes,1,/Users/pq/aikagan-web/.opencode/node_modules/effect/dist/unstable/rpc/index.d.ts,rpc,/Users/pq/aikagan-web/.opencode/node_modules/effect/dist/unstable/rpc
index.d.ts.map,2026-09-06 17:28:05 +0000,2026-09-06 17:28:05 +0000,,,714 bytes,1,/Users/pq/aikagan-web/.opencode/node_modules/effect/dist/unstable/rpc/index.d.ts.map,rpc,/Users/pq/aikagan-web/.opencode/node_modules/effect/dist/unstable/rpc
index.js,2026-09-06 17:28:04 +0000,2026-09-06 17:28:04 +0000,,Javascript,951 bytes,1,/Users/pq/aikagan-web/.opencode/node_modules/effect/dist/unstable/rpc/index.js,rpc,/Users/pq/aikagan-web/.opencode/node_modules/effect/dist/unstable/rpc
index.js.map,2026-09-06 17:28:05 +0000,2026-09-06 17:28:05 +0000,,,788 bytes,1,/Users/pq/aikagan-web/.opencode/node_modules/effect/dist/unstable/rpc/index.js.map,rpc,/Users/pq/aikagan-web/.opencode/node_modules/effect/dist/unstable/rpc
schema,2026-09-06 17:28:08 +0000,2026-09-06 17:28:04 +0000,,Folder,12 bytes,0,/Users/pq/aikagan-web/.opencode/node_modules/effect/dist/unstable/schema,unstable,/Users/pq/aikagan-web/.opencode/node_modules/effect/dist/unstable/schema
Model.d.ts,2026-09-06 17:28:07 +0000,2026-09-06 17:28:07 +0000,,Mpeg-2 Transport Stream,26 KB,1,/Users/pq/aikagan-web/.opencode/node_modules/effect/dist/unstable/schema/Model.d.ts,schema,/Users/pq/aikagan-web/.opencode/node_modules/effect/dist/unstable/schema
Model.d.ts.map,2026-09-06 17:28:05 +0000,2026-09-06 17:28:05 +0000,,,10 KB,1,/Users/pq/aikagan-web/.opencode/node_modules/effect/dist/unstable/schema/Model.d.ts.map,schema,/Users/pq/aikagan-web/.opencode/node_modules/effect/dist/unstable/schema
Model.js,2026-09-06 17:28:04 +0000,2026-09-06 17:28:04 +0000,,Javascript,13 KB,1,/Users/pq/aikagan-web/.opencode/node_modules/effect/dist/unstable/schema/Model.js,schema,/Users/pq/aikagan-web/.opencode/node_modules/effect/dist/unstable/schema
Model.js.map,2026-09-06 17:28:05 +0000,2026-09-06 17:28:05 +0000,,,7 KB,1,/Users/pq/aikagan-web/.opencode/node_modules/effect/dist/unstable/schema/Model.js.map,schema,/Users/pq/aikagan-web/.opencode/node_modules/effect/dist/unstable/schema
VariantSchema.d.ts,2026-09-06 17:28:08 +0000,2026-09-06 17:28:08 +0000,,Mpeg-2 Transport Stream,12 KB,1,/Users/pq/aikagan-web/.opencode/node_modules/effect/dist/unstable/schema/VariantSchema.d.ts,schema,/Users/pq/aikagan-web/.opencode/node_modules/effect/dist/unstable/schema
VariantSchema.d.ts.map,2026-09-06 17:28:07 +0000,2026-09-06 17:28:07 +0000,,,10 KB,1,/Users/pq/aikagan-web/.opencode/node_modules/effect/dist/unstable/schema/VariantSchema.d.ts.map,schema,/Users/pq/aikagan-web/.opencode/node_modules/effect/dist/unstable/schema
VariantSchema.js,2026-09-06 17:28:05 +0000,2026-09-06 17:28:05 +0000,,Javascript,5 KB,1,/Users/pq/aikagan-web/.opencode/node_modules/effect/dist/unstable/schema/VariantSchema.js,schema,/Users/pq/aikagan-web/.opencode/node_modules/effect/dist/unstable/schema
VariantSchema.js.map,2026-09-06 17:28:07 +0000,2026-09-06 17:28:07 +0000,,,6 KB,1,/Users/pq/aikagan-web/.opencode/node_modules/effect/dist/unstable/schema/VariantSchema.js.map,schema,/Users/pq/aikagan-web/.opencode/node_modules/effect/dist/unstable/schema
index.d.ts,2026-09-06 17:28:07 +0000,2026-09-06 17:28:07 +0000,,Mpeg-2 Transport Stream,197 bytes,1,/Users/pq/aikagan-web/.opencode/node_modules/effect/dist/unstable/schema/index.d.ts,schema,/Users/pq/aikagan-web/.opencode/node_modules/effect/dist/unstable/schema
index.d.ts.map,2026-09-06 17:28:05 +0000,2026-09-06 17:28:05 +0000,,,231 bytes,1,/Users/pq/aikagan-web/.opencode/node_modules/effect/dist/unstable/schema/index.d.ts.map,schema,/Users/pq/aikagan-web/.opencode/node_modules/effect/dist/unstable/schema
index.js,2026-09-06 17:28:04 +0000,2026-09-06 17:28:04 +0000,,Javascript,253 bytes,1,/Users/pq/aikagan-web/.opencode/node_modules/effect/dist/unstable/schema/index.js,schema,/Users/pq/aikagan-web/.opencode/node_modules/effect/dist/unstable/schema
index.js.map,2026-09-06 17:28:05 +0000,2026-09-06 17:28:05 +0000,,,261 bytes,1,/Users/pq/aikagan-web/.opencode/node_modules/effect/dist/unstable/schema/index.js.map,schema,/Users/pq/aikagan-web/.opencode/node_modules/effect/dist/unstable/schema
socket,2026-09-06 17:28:08 +0000,2026-09-06 17:28:04 +0000,,Folder,12 bytes,0,/Users/pq/aikagan-web/.opencode/node_modules/effect/dist/unstable/socket,unstable,/Users/pq/aikagan-web/.opencode/node_modules/effect/dist/unstable/socket
Socket.d.ts,2026-09-06 17:28:08 +0000,2026-09-06 17:28:08 +0000,,Mpeg-2 Transport Stream,17 KB,1,/Users/pq/aikagan-web/.opencode/node_modules/effect/dist/unstable/socket/Socket.d.ts,socket,/Users/pq/aikagan-web/.opencode/node_modules/effect/dist/unstable/socket
Socket.d.ts.map,2026-09-06 17:28:06 +0000,2026-09-06 17:28:06 +0000,,,9 KB,1,/Users/pq/aikagan-web/.opencode/node_modules/effect/dist/unstable/socket/Socket.d.ts.map,socket,/Users/pq/aikagan-web/.opencode/node_modules/effect/dist/unstable/socket
Socket.js,2026-09-06 17:28:05 +0000,2026-09-06 17:28:05 +0000,,Javascript,18 KB,1,/Users/pq/aikagan-web/.opencode/node_modules/effect/dist/unstable/socket/Socket.js,socket,/Users/pq/aikagan-web/.opencode/node_modules/effect/dist/unstable/socket
Socket.js.map,2026-09-06 17:28:06 +0000,2026-09-06 17:28:06 +0000,,,18 KB,1,/Users/pq/aikagan-web/.opencode/node_modules/effect/dist/unstable/socket/Socket.js.map,socket,/Users/pq/aikagan-web/.opencode/node_modules/effect/dist/unstable/socket
SocketServer.d.ts,2026-09-06 17:28:08 +0000,2026-09-06 17:28:08 +0000,,Mpeg-2 Transport Stream,5 KB,1,/Users/pq/aikagan-web/.opencode/node_modules/effect/dist/unstable/socket/SocketServer.d.ts,socket,/Users/pq/aikagan-web/.opencode/node_modules/effect/dist/unstable/socket
SocketServer.d.ts.map,2026-09-06 17:28:06 +0000,2026-09-06 17:28:06 +0000,,,2 KB,1,/Users/pq/aikagan-web/.opencode/node_modules/effect/dist/unstable/socket/SocketServer.d.ts.map,socket,/Users/pq/aikagan-web/.opencode/node_modules/effect/dist/unstable/socket
SocketServer.js,2026-09-06 17:28:05 +0000,2026-09-06 17:28:05 +0000,,Javascript,3 KB,1,/Users/pq/aikagan-web/.opencode/node_modules/effect/dist/unstable/socket/SocketServer.js,socket,/Users/pq/aikagan-web/.opencode/node_modules/effect/dist/unstable/socket
SocketServer.js.map,2026-09-06 17:28:06 +0000,2026-09-06 17:28:06 +0000,,,1 KB,1,/Users/pq/aikagan-web/.opencode/node_modules/effect/dist/unstable/socket/SocketServer.js.map,socket,/Users/pq/aikagan-web/.opencode/node_modules/effect/dist/unstable/socket
index.d.ts,2026-09-06 17:28:07 +0000,2026-09-06 17:28:07 +0000,,Mpeg-2 Transport Stream,197 bytes,1,/Users/pq/aikagan-web/.opencode/node_modules/effect/dist/unstable/socket/index.d.ts,socket,/Users/pq/aikagan-web/.opencode/node_modules/effect/dist/unstable/socket
index.d.ts.map,2026-09-06 17:28:05 +0000,2026-09-06 17:28:05 +0000,,,231 bytes,1,/Users/pq/aikagan-web/.opencode/node_modules/effect/dist/unstable/socket/index.d.ts.map,socket,/Users/pq/aikagan-web/.opencode/node_modules/effect/dist/unstable/socket
index.js,2026-09-06 17:28:04 +0000,2026-09-06 17:28:04 +0000,,Javascript,253 bytes,1,/Users/pq/aikagan-web/.opencode/node_modules/effect/dist/unstable/socket/index.js,socket,/Users/pq/aikagan-web/.opencode/node_modules/effect/dist/unstable/socket
index.js.map,2026-09-06 17:28:05 +0000,2026-09-06 17:28:05 +0000,,,261 bytes,1,/Users/pq/aikagan-web/.opencode/node_modules/effect/dist/unstable/socket/index.js.map,socket,/Users/pq/aikagan-web/.opencode/node_modules/effect/dist/unstable/socket
sql,2026-09-06 17:28:08 +0000,2026-09-06 17:28:04 +0000,,Folder,40 bytes,0,/Users/pq/aikagan-web/.opencode/node_modules/effect/dist/unstable/sql,unstable,/Users/pq/aikagan-web/.opencode/node_modules/effect/dist/unstable/sql
Migrator.d.ts,2026-09-06 17:28:07 +0000,2026-09-06 17:28:07 +0000,,Mpeg-2 Transport Stream,4 KB,1,/Users/pq/aikagan-web/.opencode/node_modules/effect/dist/unstable/sql/Migrator.d.ts,sql,/Users/pq/aikagan-web/.opencode/node_modules/effect/dist/unstable/sql
Migrator.d.ts.map,2026-09-06 17:28:05 +0000,2026-09-06 17:28:05 +0000,,,2 KB,1,/Users/pq/aikagan-web/.opencode/node_modules/effect/dist/unstable/sql/Migrator.d.ts.map,sql,/Users/pq/aikagan-web/.opencode/node_modules/effect/dist/unstable/sql
Migrator.js,2026-09-06 17:28:04 +0000,2026-09-06 17:28:04 +0000,,Javascript,11 KB,1,/Users/pq/aikagan-web/.opencode/node_modules/effect/dist/unstable/sql/Migrator.js,sql,/Users/pq/aikagan-web/.opencode/node_modules/effect/dist/unstable/sql
Migrator.js.map,2026-09-06 17:28:05 +0000,2026-09-06 17:28:05 +0000,,,9 KB,1,/Users/pq/aikagan-web/.opencode/node_modules/effect/dist/unstable/sql/Migrator.js.map,sql,/Users/pq/aikagan-web/.opencode/node_modules/effect/dist/unstable/sql
SqlClient.d.ts,2026-09-06 17:28:08 +0000,2026-09-06 17:28:08 +0000,,Mpeg-2 Transport Stream,6 KB,1,/Users/pq/aikagan-web/.opencode/node_modules/effect/dist/unstable/sql/SqlClient.d.ts,sql,/Users/pq/aikagan-web/.opencode/node_modules/effect/dist/unstable/sql
SqlClient.d.ts.map,2026-09-06 17:28:06 +0000,2026-09-06 17:28:06 +0000,,,5 KB,1,/Users/pq/aikagan-web/.opencode/node_modules/effect/dist/unstable/sql/SqlClient.d.ts.map,sql,/Users/pq/aikagan-web/.opencode/node_modules/effect/dist/unstable/sql
SqlClient.js,2026-09-06 17:28:05 +0000,2026-09-06 17:28:05 +0000,,Javascript,7 KB,1,/Users/pq/aikagan-web/.opencode/node_modules/effect/dist/unstable/sql/SqlClient.js,sql,/Users/pq/aikagan-web/.opencode/node_modules/effect/dist/unstable/sql
SqlClient.js.map,2026-09-06 17:28:06 +0000,2026-09-06 17:28:06 +0000,,,7 KB,1,/Users/pq/aikagan-web/.opencode/node_modules/effect/dist/unstable/sql/SqlClient.js.map,sql,/Users/pq/aikagan-web/.opencode/node_modules/effect/dist/unstable/sql
SqlConnection.d.ts,2026-09-06 17:28:08 +0000,2026-09-06 17:28:08 +0000,,Mpeg-2 Transport Stream,3 KB,1,/Users/pq/aikagan-web/.opencode/node_modules/effect/dist/unstable/sql/SqlConnection.d.ts,sql,/Users/pq/aikagan-web/.opencode/node_modules/effect/dist/unstable/sql
SqlConnection.d.ts.map,2026-09-06 17:28:06 +0000,2026-09-06 17:28:06 +0000,,,2 KB,1,/Users/pq/aikagan-web/.opencode/node_modules/effect/dist/unstable/sql/SqlConnection.d.ts.map,sql,/Users/pq/aikagan-web/.opencode/node_modules/effect/dist/unstable/sql
SqlConnection.js,2026-09-06 17:28:05 +0000,2026-09-06 17:28:05 +0000,,Javascript,2 KB,1,/Users/pq/aikagan-web/.opencode/node_modules/effect/dist/unstable/sql/SqlConnection.js,sql,/Users/pq/aikagan-web/.opencode/node_modules/effect/dist/unstable/sql
SqlConnection.js.map,2026-09-06 17:28:06 +0000,2026-09-06 17:28:06 +0000,,,326 bytes,1,/Users/pq/aikagan-web/.opencode/node_modules/effect/dist/unstable/sql/SqlConnection.js.map,sql,/Users/pq/aikagan-web/.opencode/node_modules/effect/dist/unstable/sql
SqlError.d.ts,2026-09-06 17:28:08 +0000,2026-09-06 17:28:08 +0000,,Mpeg-2 Transport Stream,13 KB,1,/Users/pq/aikagan-web/.opencode/node_modules/effect/dist/unstable/sql/SqlError.d.ts,sql,/Users/pq/aikagan-web/.opencode/node_modules/effect/dist/unstable/sql
SqlError.d.ts.map,2026-09-06 17:28:06 +0000,2026-09-06 17:28:06 +0000,,,3 KB,1,/Users/pq/aikagan-web/.opencode/node_modules/effect/dist/unstable/sql/SqlError.d.ts.map,sql,/Users/pq/aikagan-web/.opencode/node_modules/effect/dist/unstable/sql
SqlError.js,2026-09-06 17:28:05 +0000,2026-09-06 17:28:05 +0000,,Javascript,14 KB,1,/Users/pq/aikagan-web/.opencode/node_modules/effect/dist/unstable/sql/SqlError.js,sql,/Users/pq/aikagan-web/.opencode/node_modules/effect/dist/unstable/sql
SqlError.js.map,2026-09-06 17:28:06 +0000,2026-09-06 17:28:06 +0000,,,8 KB,1,/Users/pq/aikagan-web/.opencode/node_modules/effect/dist/unstable/sql/SqlError.js.map,sql,/Users/pq/aikagan-web/.opencode/node_modules/effect/dist/unstable/sql
SqlModel.d.ts,2026-09-06 17:28:08 +0000,2026-09-06 17:28:08 +0000,,Mpeg-2 Transport Stream,5 KB,1,/Users/pq/aikagan-web/.opencode/node_modules/effect/dist/unstable/sql/SqlModel.d.ts,sql,/Users/pq/aikagan-web/.opencode/node_modules/effect/dist/unstable/sql
SqlModel.d.ts.map,2026-09-06 17:28:06 +0000,2026-09-06 17:28:06 +0000,,,4 KB,1,/Users/pq/aikagan-web/.opencode/node_modules/effect/dist/unstable/sql/SqlModel.d.ts.map,sql,/Users/pq/aikagan-web/.opencode/node_modules/effect/dist/unstable/sql
SqlModel.js,2026-09-06 17:28:05 +0000,2026-09-06 17:28:05 +0000,,Javascript,7 KB,1,/Users/pq/aikagan-web/.opencode/node_modules/effect/dist/unstable/sql/SqlModel.js,sql,/Users/pq/aikagan-web/.opencode/node_modules/effect/dist/unstable/sql
SqlModel.js.map,2026-09-06 17:28:06 +0000,2026-09-06 17:28:06 +0000,,,8 KB,1,/Users/pq/aikagan-web/.opencode/node_modules/effect/dist/unstable/sql/SqlModel.js.map,sql,/Users/pq/aikagan-web/.opencode/node_modules/effect/dist/unstable/sql
SqlResolver.d.ts,2026-09-06 17:28:08 +0000,2026-09-06 17:28:08 +0000,,Mpeg-2 Transport Stream,6 KB,1,/Users/pq/aikagan-web/.opencode/node_modules/effect/dist/unstable/sql/SqlResolver.d.ts,sql,/Users/pq/aikagan-web/.opencode/node_modules/effect/dist/unstable/sql
SqlResolver.d.ts.map,2026-09-06 17:28:06 +0000,2026-09-06 17:28:06 +0000,,,4 KB,1,/Users/pq/aikagan-web/.opencode/node_modules/effect/dist/unstable/sql/SqlResolver.d.ts.map,sql,/Users/pq/aikagan-web/.opencode/node_modules/effect/dist/unstable/sql
SqlResolver.js,2026-09-06 17:28:05 +0000,2026-09-06 17:28:05 +0000,,Javascript,9 KB,1,/Users/pq/aikagan-web/.opencode/node_modules/effect/dist/unstable/sql/SqlResolver.js,sql,/Users/pq/aikagan-web/.opencode/node_modules/effect/dist/unstable/sql
SqlResolver.js.map,2026-09-06 17:28:06 +0000,2026-09-06 17:28:06 +0000,,,9 KB,1,/Users/pq/aikagan-web/.opencode/node_modules/effect/dist/unstable/sql/SqlResolver.js.map,sql,/Users/pq/aikagan-web/.opencode/node_modules/effect/dist/unstable/sql
SqlSchema.d.ts,2026-09-06 17:28:08 +0000,2026-09-06 17:28:08 +0000,,Mpeg-2 Transport Stream,5 KB,1,/Users/pq/aikagan-web/.opencode/node_modules/effect/dist/unstable/sql/SqlSchema.d.ts,sql,/Users/pq/aikagan-web/.opencode/node_modules/effect/dist/unstable/sql
SqlSchema.d.ts.map,2026-09-06 17:28:06 +0000,2026-09-06 17:28:06 +0000,,,3 KB,1,/Users/pq/aikagan-web/.opencode/node_modules/effect/dist/unstable/sql/SqlSchema.d.ts.map,sql,/Users/pq/aikagan-web/.opencode/node_modules/effect/dist/unstable/sql
SqlSchema.js,2026-09-06 17:28:05 +0000,2026-09-06 17:28:05 +0000,,Javascript,5 KB,1,/Users/pq/aikagan-web/.opencode/node_modules/effect/dist/unstable/sql/SqlSchema.js,sql,/Users/pq/aikagan-web/.opencode/node_modules/effect/dist/unstable/sql
SqlSchema.js.map,2026-09-06 17:28:06 +0000,2026-09-06 17:28:06 +0000,,,3 KB,1,/Users/pq/aikagan-web/.opencode/node_modules/effect/dist/unstable/sql/SqlSchema.js.map,sql,/Users/pq/aikagan-web/.opencode/node_modules/effect/dist/unstable/sql
SqlStream.d.ts,2026-09-06 17:28:08 +0000,2026-09-06 17:28:08 +0000,,Mpeg-2 Transport Stream,758 bytes,1,/Users/pq/aikagan-web/.opencode/node_modules/effect/dist/unstable/sql/SqlStream.d.ts,sql,/Users/pq/aikagan-web/.opencode/node_modules/effect/dist/unstable/sql
SqlStream.d.ts.map,2026-09-06 17:28:06 +0000,2026-09-06 17:28:06 +0000,,,808 bytes,1,/Users/pq/aikagan-web/.opencode/node_modules/effect/dist/unstable/sql/SqlStream.d.ts.map,sql,/Users/pq/aikagan-web/.opencode/node_modules/effect/dist/unstable/sql
SqlStream.js,2026-09-06 17:28:05 +0000,2026-09-06 17:28:05 +0000,,Javascript,2 KB,1,/Users/pq/aikagan-web/.opencode/node_modules/effect/dist/unstable/sql/SqlStream.js,sql,/Users/pq/aikagan-web/.opencode/node_modules/effect/dist/unstable/sql
SqlStream.js.map,2026-09-06 17:28:06 +0000,2026-09-06 17:28:06 +0000,,,2 KB,1,/Users/pq/aikagan-web/.opencode/node_modules/effect/dist/unstable/sql/SqlStream.js.map,sql,/Users/pq/aikagan-web/.opencode/node_modules/effect/dist/unstable/sql
Statement.d.ts,2026-09-06 17:28:08 +0000,2026-09-06 17:28:08 +0000,,Mpeg-2 Transport Stream,17 KB,1,/Users/pq/aikagan-web/.opencode/node_modules/effect/dist/unstable/sql/Statement.d.ts,sql,/Users/pq/aikagan-web/.opencode/node_modules/effect/dist/unstable/sql
Statement.d.ts.map,2026-09-06 17:28:06 +0000,2026-09-06 17:28:06 +0000,,,11 KB,1,/Users/pq/aikagan-web/.opencode/node_modules/effect/dist/unstable/sql/Statement.d.ts.map,sql,/Users/pq/aikagan-web/.opencode/node_modules/effect/dist/unstable/sql
Statement.js,2026-09-06 17:28:05 +0000,2026-09-06 17:28:05 +0000,,Javascript,28 KB,1,/Users/pq/aikagan-web/.opencode/node_modules/effect/dist/unstable/sql/Statement.js,sql,/Users/pq/aikagan-web/.opencode/node_modules/effect/dist/unstable/sql
Statement.js.map,2026-09-06 17:28:06 +0000,2026-09-06 17:28:06 +0000,,,28 KB,1,/Users/pq/aikagan-web/.opencode/node_modules/effect/dist/unstable/sql/Statement.js.map,sql,/Users/pq/aikagan-web/.opencode/node_modules/effect/dist/unstable/sql
index.d.ts,2026-09-06 17:28:07 +0000,2026-09-06 17:28:07 +0000,,Mpeg-2 Transport Stream,686 bytes,1,/Users/pq/aikagan-web/.opencode/node_modules/effect/dist/unstable/sql/index.d.ts,sql,/Users/pq/aikagan-web/.opencode/node_modules/effect/dist/unstable/sql
index.d.ts.map,2026-09-06 17:28:05 +0000,2026-09-06 17:28:05 +0000,,,567 bytes,1,/Users/pq/aikagan-web/.opencode/node_modules/effect/dist/unstable/sql/index.d.ts.map,sql,/Users/pq/aikagan-web/.opencode/node_modules/effect/dist/unstable/sql
index.js,2026-09-06 17:28:04 +0000,2026-09-06 17:28:04 +0000,,Javascript,742 bytes,1,/Users/pq/aikagan-web/.opencode/node_modules/effect/dist/unstable/sql/index.js,sql,/Users/pq/aikagan-web/.opencode/node_modules/effect/dist/unstable/sql
index.js.map,2026-09-06 17:28:05 +0000,2026-09-06 17:28:05 +0000,,,628 bytes,1,/Users/pq/aikagan-web/.opencode/node_modules/effect/dist/unstable/sql/index.js.map,sql,/Users/pq/aikagan-web/.opencode/node_modules/effect/dist/unstable/sql
workers,2026-09-06 17:28:08 +0000,2026-09-06 17:28:04 +0000,,Folder,20 bytes,0,/Users/pq/aikagan-web/.opencode/node_modules/effect/dist/unstable/workers,unstable,/Users/pq/aikagan-web/.opencode/node_modules/effect/dist/unstable/workers
Transferable.d.ts,2026-09-06 17:28:08 +0000,2026-09-06 17:28:08 +0000,,Mpeg-2 Transport Stream,5 KB,1,/Users/pq/aikagan-web/.opencode/node_modules/effect/dist/unstable/workers/Transferable.d.ts,workers,/Users/pq/aikagan-web/.opencode/node_modules/effect/dist/unstable/workers
Transferable.d.ts.map,2026-09-06 17:28:07 +0000,2026-09-06 17:28:07 +0000,,,2 KB,1,/Users/pq/aikagan-web/.opencode/node_modules/effect/dist/unstable/workers/Transferable.d.ts.map,workers,/Users/pq/aikagan-web/.opencode/node_modules/effect/dist/unstable/workers
Transferable.js,2026-09-06 17:28:05 +0000,2026-09-06 17:28:05 +0000,,Javascript,5 KB,1,/Users/pq/aikagan-web/.opencode/node_modules/effect/dist/unstable/workers/Transferable.js,workers,/Users/pq/aikagan-web/.opencode/node_modules/effect/dist/unstable/workers
Transferable.js.map,2026-09-06 17:28:07 +0000,2026-09-06 17:28:07 +0000,,,3 KB,1,/Users/pq/aikagan-web/.opencode/node_modules/effect/dist/unstable/workers/Transferable.js.map,workers,/Users/pq/aikagan-web/.opencode/node_modules/effect/dist/unstable/workers
Worker.d.ts,2026-09-06 17:28:08 +0000,2026-09-06 17:28:08 +0000,,Mpeg-2 Transport Stream,6 KB,1,/Users/pq/aikagan-web/.opencode/node_modules/effect/dist/unstable/workers/Worker.d.ts,workers,/Users/pq/aikagan-web/.opencode/node_modules/effect/dist/unstable/workers
Worker.d.ts.map,2026-09-06 17:28:07 +0000,2026-09-06 17:28:07 +0000,,,3 KB,1,/Users/pq/aikagan-web/.opencode/node_modules/effect/dist/unstable/workers/Worker.d.ts.map,workers,/Users/pq/aikagan-web/.opencode/node_modules/effect/dist/unstable/workers
Worker.js,2026-09-06 17:28:05 +0000,2026-09-06 17:28:05 +0000,,Javascript,6 KB,1,/Users/pq/aikagan-web/.opencode/node_modules/effect/dist/unstable/workers/Worker.js,workers,/Users/pq/aikagan-web/.opencode/node_modules/effect/dist/unstable/workers
Worker.js.map,2026-09-06 17:28:07 +0000,2026-09-06 17:28:07 +0000,,,4 KB,1,/Users/pq/aikagan-web/.opencode/node_modules/effect/dist/unstable/workers/Worker.js.map,workers,/Users/pq/aikagan-web/.opencode/node_modules/effect/dist/unstable/workers
WorkerError.d.ts,2026-09-06 17:28:08 +0000,2026-09-06 17:28:08 +0000,,Mpeg-2 Transport Stream,4 KB,1,/Users/pq/aikagan-web/.opencode/node_modules/effect/dist/unstable/workers/WorkerError.d.ts,workers,/Users/pq/aikagan-web/.opencode/node_modules/effect/dist/unstable/workers
WorkerError.d.ts.map,2026-09-06 17:28:07 +0000,2026-09-06 17:28:07 +0000,,,1 KB,1,/Users/pq/aikagan-web/.opencode/node_modules/effect/dist/unstable/workers/WorkerError.d.ts.map,workers,/Users/pq/aikagan-web/.opencode/node_modules/effect/dist/unstable/workers
WorkerError.js,2026-09-06 17:28:05 +0000,2026-09-06 17:28:05 +0000,,Javascript,4 KB,1,/Users/pq/aikagan-web/.opencode/node_modules/effect/dist/unstable/workers/WorkerError.js,workers,/Users/pq/aikagan-web/.opencode/node_modules/effect/dist/unstable/workers
WorkerError.js.map,2026-09-06 17:28:07 +0000,2026-09-06 17:28:07 +0000,,,2 KB,1,/Users/pq/aikagan-web/.opencode/node_modules/effect/dist/unstable/workers/WorkerError.js.map,workers,/Users/pq/aikagan-web/.opencode/node_modules/effect/dist/unstable/workers
WorkerRunner.d.ts,2026-09-06 17:28:08 +0000,2026-09-06 17:28:08 +0000,,Mpeg-2 Transport Stream,3 KB,1,/Users/pq/aikagan-web/.opencode/node_modules/effect/dist/unstable/workers/WorkerRunner.d.ts,workers,/Users/pq/aikagan-web/.opencode/node_modules/effect/dist/unstable/workers
WorkerRunner.d.ts.map,2026-09-06 17:28:07 +0000,2026-09-06 17:28:07 +0000,,,1 KB,1,/Users/pq/aikagan-web/.opencode/node_modules/effect/dist/unstable/workers/WorkerRunner.d.ts.map,workers,/Users/pq/aikagan-web/.opencode/node_modules/effect/dist/unstable/workers
WorkerRunner.js,2026-09-06 17:28:05 +0000,2026-09-06 17:28:05 +0000,,Javascript,2 KB,1,/Users/pq/aikagan-web/.opencode/node_modules/effect/dist/unstable/workers/WorkerRunner.js,workers,/Users/pq/aikagan-web/.opencode/node_modules/effect/dist/unstable/workers
WorkerRunner.js.map,2026-09-06 17:28:07 +0000,2026-09-06 17:28:07 +0000,,,358 bytes,1,/Users/pq/aikagan-web/.opencode/node_modules/effect/dist/unstable/workers/WorkerRunner.js.map,workers,/Users/pq/aikagan-web/.opencode/node_modules/effect/dist/unstable/workers
index.d.ts,2026-09-06 17:28:07 +0000,2026-09-06 17:28:07 +0000,,Mpeg-2 Transport Stream,345 bytes,1,/Users/pq/aikagan-web/.opencode/node_modules/effect/dist/unstable/workers/index.d.ts,workers,/Users/pq/aikagan-web/.opencode/node_modules/effect/dist/unstable/workers
index.d.ts.map,2026-09-06 17:28:05 +0000,2026-09-06 17:28:05 +0000,,,330 bytes,1,/Users/pq/aikagan-web/.opencode/node_modules/effect/dist/unstable/workers/index.d.ts.map,workers,/Users/pq/aikagan-web/.opencode/node_modules/effect/dist/unstable/workers
index.js,2026-09-06 17:28:04 +0000,2026-09-06 17:28:04 +0000,,Javascript,401 bytes,1,/Users/pq/aikagan-web/.opencode/node_modules/effect/dist/unstable/workers/index.js,workers,/Users/pq/aikagan-web/.opencode/node_modules/effect/dist/unstable/workers
index.js.map,2026-09-06 17:28:05 +0000,2026-09-06 17:28:05 +0000,,,373 bytes,1,/Users/pq/aikagan-web/.opencode/node_modules/effect/dist/unstable/workers/index.js.map,workers,/Users/pq/aikagan-web/.opencode/node_modules/effect/dist/unstable/workers
workflow,2026-09-06 17:28:08 +0000,2026-09-06 17:28:04 +0000,,Folder,37 bytes,0,/Users/pq/aikagan-web/.opencode/node_modules/effect/dist/unstable/workflow,unstable,/Users/pq/aikagan-web/.opencode/node_modules/effect/dist/unstable/workflow
Activity.d.ts,2026-09-06 17:28:07 +0000,2026-09-06 17:28:07 +0000,,Mpeg-2 Transport Stream,7 KB,1,/Users/pq/aikagan-web/.opencode/node_modules/effect/dist/unstable/workflow/Activity.d.ts,workflow,/Users/pq/aikagan-web/.opencode/node_modules/effect/dist/unstable/workflow
Activity.d.ts.map,2026-09-06 17:28:05 +0000,2026-09-06 17:28:05 +0000,,,5 KB,1,/Users/pq/aikagan-web/.opencode/node_modules/effect/dist/unstable/workflow/Activity.d.ts.map,workflow,/Users/pq/aikagan-web/.opencode/node_modules/effect/dist/unstable/workflow
Activity.js,2026-09-06 17:28:04 +0000,2026-09-06 17:28:04 +0000,,Javascript,5 KB,1,/Users/pq/aikagan-web/.opencode/node_modules/effect/dist/unstable/workflow/Activity.js,workflow,/Users/pq/aikagan-web/.opencode/node_modules/effect/dist/unstable/workflow
Activity.js.map,2026-09-06 17:28:05 +0000,2026-09-06 17:28:05 +0000,,,6 KB,1,/Users/pq/aikagan-web/.opencode/node_modules/effect/dist/unstable/workflow/Activity.js.map,workflow,/Users/pq/aikagan-web/.opencode/node_modules/effect/dist/unstable/workflow
DurableClock.d.ts,2026-09-06 17:28:07 +0000,2026-09-06 17:28:07 +0000,,Mpeg-2 Transport Stream,2 KB,1,/Users/pq/aikagan-web/.opencode/node_modules/effect/dist/unstable/workflow/DurableClock.d.ts,workflow,/Users/pq/aikagan-web/.opencode/node_modules/effect/dist/unstable/workflow
DurableClock.d.ts.map,2026-09-06 17:28:05 +0000,2026-09-06 17:28:05 +0000,,,1 KB,1,/Users/pq/aikagan-web/.opencode/node_modules/effect/dist/unstable/workflow/DurableClock.d.ts.map,workflow,/Users/pq/aikagan-web/.opencode/node_modules/effect/dist/unstable/workflow
DurableClock.js,2026-09-06 17:28:04 +0000,2026-09-06 17:28:04 +0000,,Javascript,3 KB,1,/Users/pq/aikagan-web/.opencode/node_modules/effect/dist/unstable/workflow/DurableClock.js,workflow,/Users/pq/aikagan-web/.opencode/node_modules/effect/dist/unstable/workflow
DurableClock.js.map,2026-09-06 17:28:05 +0000,2026-09-06 17:28:05 +0000,,,2 KB,1,/Users/pq/aikagan-web/.opencode/node_modules/effect/dist/unstable/workflow/DurableClock.js.map,workflow,/Users/pq/aikagan-web/.opencode/node_modules/effect/dist/unstable/workflow
DurableDeferred.d.ts,2026-09-06 17:28:07 +0000,2026-09-06 17:28:07 +0000,,Mpeg-2 Transport Stream,13 KB,1,/Users/pq/aikagan-web/.opencode/node_modules/effect/dist/unstable/workflow/DurableDeferred.d.ts,workflow,/Users/pq/aikagan-web/.opencode/node_modules/effect/dist/unstable/workflow
DurableDeferred.d.ts.map,2026-09-06 17:28:05 +0000,2026-09-06 17:28:05 +0000,,,9 KB,1,/Users/pq/aikagan-web/.opencode/node_modules/effect/dist/unstable/workflow/DurableDeferred.d.ts.map,workflow,/Users/pq/aikagan-web/.opencode/node_modules/effect/dist/unstable/workflow
DurableDeferred.js,2026-09-06 17:28:04 +0000,2026-09-06 17:28:04 +0000,,Javascript,10 KB,1,/Users/pq/aikagan-web/.opencode/node_modules/effect/dist/unstable/workflow/DurableDeferred.js,workflow,/Users/pq/aikagan-web/.opencode/node_modules/effect/dist/unstable/workflow
DurableDeferred.js.map,2026-09-06 17:28:05 +0000,2026-09-06 17:28:05 +0000,,,8 KB,1,/Users/pq/aikagan-web/.opencode/node_modules/effect/dist/unstable/workflow/DurableDeferred.js.map,workflow,/Users/pq/aikagan-web/.opencode/node_modules/effect/dist/unstable/workflow
DurableQueue.d.ts,2026-09-06 17:28:07 +0000,2026-09-06 17:28:07 +0000,,Mpeg-2 Transport Stream,7 KB,1,/Users/pq/aikagan-web/.opencode/node_modules/effect/dist/unstable/workflow/DurableQueue.d.ts,workflow,/Users/pq/aikagan-web/.opencode/node_modules/effect/dist/unstable/workflow
DurableQueue.d.ts.map,2026-09-06 17:28:05 +0000,2026-09-06 17:28:05 +0000,,,4 KB,1,/Users/pq/aikagan-web/.opencode/node_modules/effect/dist/unstable/workflow/DurableQueue.d.ts.map,workflow,/Users/pq/aikagan-web/.opencode/node_modules/effect/dist/unstable/workflow
DurableQueue.js,2026-09-06 17:28:04 +0000,2026-09-06 17:28:04 +0000,,Javascript,7 KB,1,/Users/pq/aikagan-web/.opencode/node_modules/effect/dist/unstable/workflow/DurableQueue.js,workflow,/Users/pq/aikagan-web/.opencode/node_modules/effect/dist/unstable/workflow
DurableQueue.js.map,2026-09-06 17:28:05 +0000,2026-09-06 17:28:05 +0000,,,5 KB,1,/Users/pq/aikagan-web/.opencode/node_modules/effect/dist/unstable/workflow/DurableQueue.js.map,workflow,/Users/pq/aikagan-web/.opencode/node_modules/effect/dist/unstable/workflow
Workflow.d.ts,2026-09-06 17:28:08 +0000,2026-09-06 17:28:08 +0000,,Mpeg-2 Transport Stream,16 KB,1,/Users/pq/aikagan-web/.opencode/node_modules/effect/dist/unstable/workflow/Workflow.d.ts,workflow,/Users/pq/aikagan-web/.opencode/node_modules/effect/dist/unstable/workflow
Workflow.d.ts.map,2026-09-06 17:28:07 +0000,2026-09-06 17:28:07 +0000,,,10 KB,1,/Users/pq/aikagan-web/.opencode/node_modules/effect/dist/unstable/workflow/Workflow.d.ts.map,workflow,/Users/pq/aikagan-web/.opencode/node_modules/effect/dist/unstable/workflow
Workflow.js,2026-09-06 17:28:05 +0000,2026-09-06 17:28:05 +0000,,Javascript,14 KB,1,/Users/pq/aikagan-web/.opencode/node_modules/effect/dist/unstable/workflow/Workflow.js,workflow,/Users/pq/aikagan-web/.opencode/node_modules/effect/dist/unstable/workflow
Workflow.js.map,2026-09-06 17:28:07 +0000,2026-09-06 17:28:07 +0000,,,13 KB,1,/Users/pq/aikagan-web/.opencode/node_modules/effect/dist/unstable/workflow/Workflow.js.map,workflow,/Users/pq/aikagan-web/.opencode/node_modules/effect/dist/unstable/workflow
WorkflowEngine.d.ts,2026-09-06 17:28:08 +0000,2026-09-06 17:28:08 +0000,,Mpeg-2 Transport Stream,10 KB,1,/Users/pq/aikagan-web/.opencode/node_modules/effect/dist/unstable/workflow/WorkflowEngine.d.ts,workflow,/Users/pq/aikagan-web/.opencode/node_modules/effect/dist/unstable/workflow
WorkflowEngine.d.ts.map,2026-09-06 17:28:07 +0000,2026-09-06 17:28:07 +0000,,,7 KB,1,/Users/pq/aikagan-web/.opencode/node_modules/effect/dist/unstable/workflow/WorkflowEngine.d.ts.map,workflow,/Users/pq/aikagan-web/.opencode/node_modules/effect/dist/unstable/workflow
WorkflowEngine.js,2026-09-06 17:28:05 +0000,2026-09-06 17:28:05 +0000,,Javascript,12 KB,1,/Users/pq/aikagan-web/.opencode/node_modules/effect/dist/unstable/workflow/WorkflowEngine.js,workflow,/Users/pq/aikagan-web/.opencode/node_modules/effect/dist/unstable/workflow
WorkflowEngine.js.map,2026-09-06 17:28:07 +0000,2026-09-06 17:28:07 +0000,,,13 KB,1,/Users/pq/aikagan-web/.opencode/node_modules/effect/dist/unstable/workflow/WorkflowEngine.js.map,workflow,/Users/pq/aikagan-web/.opencode/node_modules/effect/dist/unstable/workflow
WorkflowProxy.d.ts,2026-09-06 17:28:08 +0000,2026-09-06 17:28:08 +0000,,Mpeg-2 Transport Stream,6 KB,1,/Users/pq/aikagan-web/.opencode/node_modules/effect/dist/unstable/workflow/WorkflowProxy.d.ts,workflow,/Users/pq/aikagan-web/.opencode/node_modules/effect/dist/unstable/workflow
WorkflowProxy.d.ts.map,2026-09-06 17:28:07 +0000,2026-09-06 17:28:07 +0000,,,2 KB,1,/Users/pq/aikagan-web/.opencode/node_modules/effect/dist/unstable/workflow/WorkflowProxy.d.ts.map,workflow,/Users/pq/aikagan-web/.opencode/node_modules/effect/dist/unstable/workflow
WorkflowProxy.js,2026-09-06 17:28:05 +0000,2026-09-06 17:28:05 +0000,,Javascript,4 KB,1,/Users/pq/aikagan-web/.opencode/node_modules/effect/dist/unstable/workflow/WorkflowProxy.js,workflow,/Users/pq/aikagan-web/.opencode/node_modules/effect/dist/unstable/workflow
WorkflowProxy.js.map,2026-09-06 17:28:07 +0000,2026-09-06 17:28:07 +0000,,,3 KB,1,/Users/pq/aikagan-web/.opencode/node_modules/effect/dist/unstable/workflow/WorkflowProxy.js.map,workflow,/Users/pq/aikagan-web/.opencode/node_modules/effect/dist/unstable/workflow
WorkflowProxyServer.d.ts,2026-09-06 17:28:08 +0000,2026-09-06 17:28:08 +0000,,Mpeg-2 Transport Stream,3 KB,1,/Users/pq/aikagan-web/.opencode/node_modules/effect/dist/unstable/workflow/WorkflowProxyServer.d.ts,workflow,/Users/pq/aikagan-web/.opencode/node_modules/effect/dist/unstable/workflow
WorkflowProxyServer.d.ts.map,2026-09-06 17:28:07 +0000,2026-09-06 17:28:07 +0000,,,2 KB,1,/Users/pq/aikagan-web/.opencode/node_modules/effect/dist/unstable/workflow/WorkflowProxyServer.d.ts.map,workflow,/Users/pq/aikagan-web/.opencode/node_modules/effect/dist/unstable/workflow
WorkflowProxyServer.js,2026-09-06 17:28:05 +0000,2026-09-06 17:28:05 +0000,,Javascript,3 KB,1,/Users/pq/aikagan-web/.opencode/node_modules/effect/dist/unstable/workflow/WorkflowProxyServer.js,workflow,/Users/pq/aikagan-web/.opencode/node_modules/effect/dist/unstable/workflow
WorkflowProxyServer.js.map,2026-09-06 17:28:07 +0000,2026-09-06 17:28:07 +0000,,,3 KB,1,/Users/pq/aikagan-web/.opencode/node_modules/effect/dist/unstable/workflow/WorkflowProxyServer.js.map,workflow,/Users/pq/aikagan-web/.opencode/node_modules/effect/dist/unstable/workflow
index.d.ts,2026-09-06 17:28:07 +0000,2026-09-06 17:28:07 +0000,,Mpeg-2 Transport Stream,669 bytes,1,/Users/pq/aikagan-web/.opencode/node_modules/effect/dist/unstable/workflow/index.d.ts,workflow,/Users/pq/aikagan-web/.opencode/node_modules/effect/dist/unstable/workflow
index.d.ts.map,2026-09-06 17:28:05 +0000,2026-09-06 17:28:05 +0000,,,527 bytes,1,/Users/pq/aikagan-web/.opencode/node_modules/effect/dist/unstable/workflow/index.d.ts.map,workflow,/Users/pq/aikagan-web/.opencode/node_modules/effect/dist/unstable/workflow
index.js,2026-09-06 17:28:04 +0000,2026-09-06 17:28:04 +0000,,Javascript,725 bytes,1,/Users/pq/aikagan-web/.opencode/node_modules/effect/dist/unstable/workflow/index.js,workflow,/Users/pq/aikagan-web/.opencode/node_modules/effect/dist/unstable/workflow
index.js.map,2026-09-06 17:28:05 +0000,2026-09-06 17:28:05 +0000,,,610 bytes,1,/Users/pq/aikagan-web/.opencode/node_modules/effect/dist/unstable/workflow/index.js.map,workflow,/Users/pq/aikagan-web/.opencode/node_modules/effect/dist/unstable/workflow
internal,2026-09-06 17:28:07 +0000,2026-09-06 17:28:04 +0000,,Folder,4 bytes,0,/Users/pq/aikagan-web/.opencode/node_modules/effect/dist/unstable/workflow/internal,workflow,/Users/pq/aikagan-web/.opencode/node_modules/effect/dist/unstable/workflow/internal
crypto.d.ts,2026-09-06 17:28:07 +0000,2026-09-06 17:28:07 +0000,,Mpeg-2 Transport Stream,47 bytes,1,/Users/pq/aikagan-web/.opencode/node_modules/effect/dist/unstable/workflow/internal/crypto.d.ts,internal,/Users/pq/aikagan-web/.opencode/node_modules/effect/dist/unstable/workflow/internal
crypto.d.ts.map,2026-09-06 17:28:05 +0000,2026-09-06 17:28:05 +0000,,,142 bytes,1,/Users/pq/aikagan-web/.opencode/node_modules/effect/dist/unstable/workflow/internal/crypto.d.ts.map,internal,/Users/pq/aikagan-web/.opencode/node_modules/effect/dist/unstable/workflow/internal
crypto.js,2026-09-06 17:28:04 +0000,2026-09-06 17:28:04 +0000,,Javascript,431 bytes,1,/Users/pq/aikagan-web/.opencode/node_modules/effect/dist/unstable/workflow/internal/crypto.js,internal,/Users/pq/aikagan-web/.opencode/node_modules/effect/dist/unstable/workflow/internal
crypto.js.map,2026-09-06 17:28:05 +0000,2026-09-06 17:28:05 +0000,,,860 bytes,1,/Users/pq/aikagan-web/.opencode/node_modules/effect/dist/unstable/workflow/internal/crypto.js.map,internal,/Users/pq/aikagan-web/.opencode/node_modules/effect/dist/unstable/workflow/internal
src,2026-09-06 17:28:08 +0000,2026-09-06 17:28:07 +0000,,Folder,140 bytes,0,/Users/pq/aikagan-web/.opencode/node_modules/effect/src,effect,/Users/pq/aikagan-web/.opencode/node_modules/effect/src
Array.ts,2026-09-06 17:28:07 +0000,2026-09-06 17:28:07 +0000,,Mpeg-2 Transport Stream,287 KB,1,/Users/pq/aikagan-web/.opencode/node_modules/effect/src/Array.ts,src,/Users/pq/aikagan-web/.opencode/node_modules/effect/src
BigDecimal.ts,2026-09-06 17:28:07 +0000,2026-09-06 17:28:07 +0000,,Mpeg-2 Transport Stream,94 KB,1,/Users/pq/aikagan-web/.opencode/node_modules/effect/src/BigDecimal.ts,src,/Users/pq/aikagan-web/.opencode/node_modules/effect/src
BigInt.ts,2026-09-06 17:28:07 +0000,2026-09-06 17:28:07 +0000,,Mpeg-2 Transport Stream,49 KB,1,/Users/pq/aikagan-web/.opencode/node_modules/effect/src/BigInt.ts,src,/Users/pq/aikagan-web/.opencode/node_modules/effect/src
Boolean.ts,2026-09-06 17:28:07 +0000,2026-09-06 17:28:07 +0000,,Mpeg-2 Transport Stream,24 KB,1,/Users/pq/aikagan-web/.opencode/node_modules/effect/src/Boolean.ts,src,/Users/pq/aikagan-web/.opencode/node_modules/effect/src
Brand.ts,2026-09-06 17:28:07 +0000,2026-09-06 17:28:07 +0000,,Mpeg-2 Transport Stream,11 KB,1,/Users/pq/aikagan-web/.opencode/node_modules/effect/src/Brand.ts,src,/Users/pq/aikagan-web/.opencode/node_modules/effect/src
Cache.ts,2026-09-06 17:28:07 +0000,2026-09-06 17:28:07 +0000,,Mpeg-2 Transport Stream,95 KB,1,/Users/pq/aikagan-web/.opencode/node_modules/effect/src/Cache.ts,src,/Users/pq/aikagan-web/.opencode/node_modules/effect/src
Cause.ts,2026-09-06 17:28:07 +0000,2026-09-06 17:28:07 +0000,,Mpeg-2 Transport Stream,62 KB,1,/Users/pq/aikagan-web/.opencode/node_modules/effect/src/Cause.ts,src,/Users/pq/aikagan-web/.opencode/node_modules/effect/src
Channel.ts,2026-09-06 17:28:07 +0000,2026-09-06 17:28:07 +0000,,Mpeg-2 Transport Stream,372 KB,1,/Users/pq/aikagan-web/.opencode/node_modules/effect/src/Channel.ts,src,/Users/pq/aikagan-web/.opencode/node_modules/effect/src
ChannelSchema.ts,2026-09-06 17:28:07 +0000,2026-09-06 17:28:07 +0000,,Mpeg-2 Transport Stream,16 KB,1,/Users/pq/aikagan-web/.opencode/node_modules/effect/src/ChannelSchema.ts,src,/Users/pq/aikagan-web/.opencode/node_modules/effect/src
Chunk.ts,2026-09-06 17:28:07 +0000,2026-09-06 17:28:07 +0000,,Mpeg-2 Transport Stream,168 KB,1,/Users/pq/aikagan-web/.opencode/node_modules/effect/src/Chunk.ts,src,/Users/pq/aikagan-web/.opencode/node_modules/effect/src
Clock.ts,2026-09-06 17:28:07 +0000,2026-09-06 17:28:07 +0000,,Mpeg-2 Transport Stream,7 KB,1,/Users/pq/aikagan-web/.opencode/node_modules/effect/src/Clock.ts,src,/Users/pq/aikagan-web/.opencode/node_modules/effect/src
Combiner.ts,2026-09-06 17:28:07 +0000,2026-09-06 17:28:07 +0000,,Mpeg-2 Transport Stream,10 KB,1,/Users/pq/aikagan-web/.opencode/node_modules/effect/src/Combiner.ts,src,/Users/pq/aikagan-web/.opencode/node_modules/effect/src
Config.ts,2026-09-06 17:28:07 +0000,2026-09-06 17:28:07 +0000,,Mpeg-2 Transport Stream,51 KB,1,/Users/pq/aikagan-web/.opencode/node_modules/effect/src/Config.ts,src,/Users/pq/aikagan-web/.opencode/node_modules/effect/src
ConfigProvider.ts,2026-09-06 17:28:07 +0000,2026-09-06 17:28:07 +0000,,Mpeg-2 Transport Stream,43 KB,1,/Users/pq/aikagan-web/.opencode/node_modules/effect/src/ConfigProvider.ts,src,/Users/pq/aikagan-web/.opencode/node_modules/effect/src
Console.ts,2026-09-06 17:28:07 +0000,2026-09-06 17:28:07 +0000,,Mpeg-2 Transport Stream,22 KB,1,/Users/pq/aikagan-web/.opencode/node_modules/effect/src/Console.ts,src,/Users/pq/aikagan-web/.opencode/node_modules/effect/src
Context.ts,2026-09-06 17:28:07 +0000,2026-09-06 17:28:07 +0000,,Mpeg-2 Transport Stream,64 KB,1,/Users/pq/aikagan-web/.opencode/node_modules/effect/src/Context.ts,src,/Users/pq/aikagan-web/.opencode/node_modules/effect/src
Cron.ts,2026-09-06 17:28:07 +0000,2026-09-06 17:28:07 +0000,,Mpeg-2 Transport Stream,38 KB,1,/Users/pq/aikagan-web/.opencode/node_modules/effect/src/Cron.ts,src,/Users/pq/aikagan-web/.opencode/node_modules/effect/src
Crypto.ts,2026-09-06 17:28:07 +0000,2026-09-06 17:28:07 +0000,,Mpeg-2 Transport Stream,11 KB,1,/Users/pq/aikagan-web/.opencode/node_modules/effect/src/Crypto.ts,src,/Users/pq/aikagan-web/.opencode/node_modules/effect/src
Data.ts,2026-09-06 17:28:07 +0000,2026-09-06 17:28:07 +0000,,Mpeg-2 Transport Stream,37 KB,1,/Users/pq/aikagan-web/.opencode/node_modules/effect/src/Data.ts,src,/Users/pq/aikagan-web/.opencode/node_modules/effect/src
DateTime.ts,2026-09-06 17:28:07 +0000,2026-09-06 17:28:07 +0000,,Mpeg-2 Transport Stream,127 KB,1,/Users/pq/aikagan-web/.opencode/node_modules/effect/src/DateTime.ts,src,/Users/pq/aikagan-web/.opencode/node_modules/effect/src
Deferred.ts,2026-09-06 17:28:07 +0000,2026-09-06 17:28:07 +0000,,Mpeg-2 Transport Stream,54 KB,1,/Users/pq/aikagan-web/.opencode/node_modules/effect/src/Deferred.ts,src,/Users/pq/aikagan-web/.opencode/node_modules/effect/src
Differ.ts,2026-09-06 17:28:07 +0000,2026-09-06 17:28:07 +0000,,Mpeg-2 Transport Stream,2 KB,1,/Users/pq/aikagan-web/.opencode/node_modules/effect/src/Differ.ts,src,/Users/pq/aikagan-web/.opencode/node_modules/effect/src
Duration.ts,2026-09-06 17:28:07 +0000,2026-09-06 17:28:07 +0000,,Mpeg-2 Transport Stream,68 KB,1,/Users/pq/aikagan-web/.opencode/node_modules/effect/src/Duration.ts,src,/Users/pq/aikagan-web/.opencode/node_modules/effect/src
Effect.ts,2026-09-06 17:28:07 +0000,2026-09-06 17:28:07 +0000,,Mpeg-2 Transport Stream,771 KB,1,/Users/pq/aikagan-web/.opencode/node_modules/effect/src/Effect.ts,src,/Users/pq/aikagan-web/.opencode/node_modules/effect/src
Effectable.ts,2026-09-06 17:28:07 +0000,2026-09-06 17:28:07 +0000,,Mpeg-2 Transport Stream,3 KB,1,/Users/pq/aikagan-web/.opencode/node_modules/effect/src/Effectable.ts,src,/Users/pq/aikagan-web/.opencode/node_modules/effect/src
Encoding.ts,2026-09-06 17:28:07 +0000,2026-09-06 17:28:07 +0000,,Mpeg-2 Transport Stream,21 KB,1,/Users/pq/aikagan-web/.opencode/node_modules/effect/src/Encoding.ts,src,/Users/pq/aikagan-web/.opencode/node_modules/effect/src
Equal.ts,2026-09-06 17:28:07 +0000,2026-09-06 17:28:07 +0000,,Mpeg-2 Transport Stream,20 KB,1,/Users/pq/aikagan-web/.opencode/node_modules/effect/src/Equal.ts,src,/Users/pq/aikagan-web/.opencode/node_modules/effect/src
Equivalence.ts,2026-09-06 17:28:07 +0000,2026-09-06 17:28:07 +0000,,Mpeg-2 Transport Stream,37 KB,1,/Users/pq/aikagan-web/.opencode/node_modules/effect/src/Equivalence.ts,src,/Users/pq/aikagan-web/.opencode/node_modules/effect/src
ErrorReporter.ts,2026-09-06 17:28:07 +0000,2026-09-06 17:28:07 +0000,,Mpeg-2 Transport Stream,18 KB,1,/Users/pq/aikagan-web/.opencode/node_modules/effect/src/ErrorReporter.ts,src,/Users/pq/aikagan-web/.opencode/node_modules/effect/src
ExecutionPlan.ts,2026-09-06 17:28:07 +0000,2026-09-06 17:28:07 +0000,,Mpeg-2 Transport Stream,15 KB,1,/Users/pq/aikagan-web/.opencode/node_modules/effect/src/ExecutionPlan.ts,src,/Users/pq/aikagan-web/.opencode/node_modules/effect/src
Exit.ts,2026-09-06 17:28:07 +0000,2026-09-06 17:28:07 +0000,,Mpeg-2 Transport Stream,39 KB,1,/Users/pq/aikagan-web/.opencode/node_modules/effect/src/Exit.ts,src,/Users/pq/aikagan-web/.opencode/node_modules/effect/src
Fiber.ts,2026-09-06 17:28:07 +0000,2026-09-06 17:28:07 +0000,,Mpeg-2 Transport Stream,28 KB,1,/Users/pq/aikagan-web/.opencode/node_modules/effect/src/Fiber.ts,src,/Users/pq/aikagan-web/.opencode/node_modules/effect/src
FiberHandle.ts,2026-09-06 17:28:07 +0000,2026-09-06 17:28:07 +0000,,Mpeg-2 Transport Stream,30 KB,1,/Users/pq/aikagan-web/.opencode/node_modules/effect/src/FiberHandle.ts,src,/Users/pq/aikagan-web/.opencode/node_modules/effect/src
FiberMap.ts,2026-09-06 17:28:07 +0000,2026-09-06 17:28:07 +0000,,Mpeg-2 Transport Stream,47 KB,1,/Users/pq/aikagan-web/.opencode/node_modules/effect/src/FiberMap.ts,src,/Users/pq/aikagan-web/.opencode/node_modules/effect/src
FiberSet.ts,2026-09-06 17:28:07 +0000,2026-09-06 17:28:07 +0000,,Mpeg-2 Transport Stream,25 KB,1,/Users/pq/aikagan-web/.opencode/node_modules/effect/src/FiberSet.ts,src,/Users/pq/aikagan-web/.opencode/node_modules/effect/src
FileSystem.ts,2026-09-06 17:28:07 +0000,2026-09-06 17:28:07 +0000,,Mpeg-2 Transport Stream,42 KB,1,/Users/pq/aikagan-web/.opencode/node_modules/effect/src/FileSystem.ts,src,/Users/pq/aikagan-web/.opencode/node_modules/effect/src
Filter.ts,2026-09-06 17:28:07 +0000,2026-09-06 17:28:07 +0000,,Mpeg-2 Transport Stream,39 KB,1,/Users/pq/aikagan-web/.opencode/node_modules/effect/src/Filter.ts,src,/Users/pq/aikagan-web/.opencode/node_modules/effect/src
Formatter.ts,2026-09-06 17:28:07 +0000,2026-09-06 17:28:07 +0000,,Mpeg-2 Transport Stream,11 KB,1,/Users/pq/aikagan-web/.opencode/node_modules/effect/src/Formatter.ts,src,/Users/pq/aikagan-web/.opencode/node_modules/effect/src
Function.ts,2026-09-06 17:28:07 +0000,2026-09-06 17:28:07 +0000,,Mpeg-2 Transport Stream,38 KB,1,/Users/pq/aikagan-web/.opencode/node_modules/effect/src/Function.ts,src,/Users/pq/aikagan-web/.opencode/node_modules/effect/src
Graph.ts,2026-09-06 17:28:07 +0000,2026-09-06 17:28:07 +0000,,Mpeg-2 Transport Stream,191 KB,1,/Users/pq/aikagan-web/.opencode/node_modules/effect/src/Graph.ts,src,/Users/pq/aikagan-web/.opencode/node_modules/effect/src
HKT.ts,2026-09-06 17:28:07 +0000,2026-09-06 17:28:07 +0000,,Mpeg-2 Transport Stream,7 KB,1,/Users/pq/aikagan-web/.opencode/node_modules/effect/src/HKT.ts,src,/Users/pq/aikagan-web/.opencode/node_modules/effect/src
Hash.ts,2026-09-06 17:28:07 +0000,2026-09-06 17:28:07 +0000,,Mpeg-2 Transport Stream,18 KB,1,/Users/pq/aikagan-web/.opencode/node_modules/effect/src/Hash.ts,src,/Users/pq/aikagan-web/.opencode/node_modules/effect/src
HashMap.ts,2026-09-06 17:28:07 +0000,2026-09-06 17:28:07 +0000,,Mpeg-2 Transport Stream,71 KB,1,/Users/pq/aikagan-web/.opencode/node_modules/effect/src/HashMap.ts,src,/Users/pq/aikagan-web/.opencode/node_modules/effect/src
HashRing.ts,2026-09-06 17:28:07 +0000,2026-09-06 17:28:07 +0000,,Mpeg-2 Transport Stream,20 KB,1,/Users/pq/aikagan-web/.opencode/node_modules/effect/src/HashRing.ts,src,/Users/pq/aikagan-web/.opencode/node_modules/effect/src
HashSet.ts,2026-09-06 17:28:07 +0000,2026-09-06 17:28:07 +0000,,Mpeg-2 Transport Stream,35 KB,1,/Users/pq/aikagan-web/.opencode/node_modules/effect/src/HashSet.ts,src,/Users/pq/aikagan-web/.opencode/node_modules/effect/src
Inspectable.ts,2026-09-06 17:28:07 +0000,2026-09-06 17:28:07 +0000,,Mpeg-2 Transport Stream,10 KB,1,/Users/pq/aikagan-web/.opencode/node_modules/effect/src/Inspectable.ts,src,/Users/pq/aikagan-web/.opencode/node_modules/effect/src
Iterable.ts,2026-09-06 17:28:07 +0000,2026-09-06 17:28:07 +0000,,Mpeg-2 Transport Stream,166 KB,1,/Users/pq/aikagan-web/.opencode/node_modules/effect/src/Iterable.ts,src,/Users/pq/aikagan-web/.opencode/node_modules/effect/src
JsonPatch.ts,2026-09-06 17:28:07 +0000,2026-09-06 17:28:07 +0000,,Mpeg-2 Transport Stream,17 KB,1,/Users/pq/aikagan-web/.opencode/node_modules/effect/src/JsonPatch.ts,src,/Users/pq/aikagan-web/.opencode/node_modules/effect/src
JsonPointer.ts,2026-09-06 17:28:07 +0000,2026-09-06 17:28:07 +0000,,Mpeg-2 Transport Stream,5 KB,1,/Users/pq/aikagan-web/.opencode/node_modules/effect/src/JsonPointer.ts,src,/Users/pq/aikagan-web/.opencode/node_modules/effect/src
JsonSchema.ts,2026-09-06 17:28:07 +0000,2026-09-06 17:28:07 +0000,,Mpeg-2 Transport Stream,29 KB,1,/Users/pq/aikagan-web/.opencode/node_modules/effect/src/JsonSchema.ts,src,/Users/pq/aikagan-web/.opencode/node_modules/effect/src
Latch.ts,2026-09-06 17:28:07 +0000,2026-09-06 17:28:07 +0000,,Mpeg-2 Transport Stream,13 KB,1,/Users/pq/aikagan-web/.opencode/node_modules/effect/src/Latch.ts,src,/Users/pq/aikagan-web/.opencode/node_modules/effect/src
Layer.ts,2026-09-06 17:28:07 +0000,2026-09-06 17:28:07 +0000,,Mpeg-2 Transport Stream,158 KB,1,/Users/pq/aikagan-web/.opencode/node_modules/effect/src/Layer.ts,src,/Users/pq/aikagan-web/.opencode/node_modules/effect/src
LayerMap.ts,2026-09-06 17:28:07 +0000,2026-09-06 17:28:07 +0000,,Mpeg-2 Transport Stream,16 KB,1,/Users/pq/aikagan-web/.opencode/node_modules/effect/src/LayerMap.ts,src,/Users/pq/aikagan-web/.opencode/node_modules/effect/src
LogLevel.ts,2026-09-06 17:28:07 +0000,2026-09-06 17:28:07 +0000,,Mpeg-2 Transport Stream,25 KB,1,/Users/pq/aikagan-web/.opencode/node_modules/effect/src/LogLevel.ts,src,/Users/pq/aikagan-web/.opencode/node_modules/effect/src
Logger.ts,2026-09-06 17:28:07 +0000,2026-09-06 17:28:07 +0000,,Mpeg-2 Transport Stream,53 KB,1,/Users/pq/aikagan-web/.opencode/node_modules/effect/src/Logger.ts,src,/Users/pq/aikagan-web/.opencode/node_modules/effect/src
ManagedRuntime.ts,2026-09-06 17:28:07 +0000,2026-09-06 17:28:07 +0000,,Mpeg-2 Transport Stream,14 KB,1,/Users/pq/aikagan-web/.opencode/node_modules/effect/src/ManagedRuntime.ts,src,/Users/pq/aikagan-web/.opencode/node_modules/effect/src
Match.ts,2026-09-06 17:28:07 +0000,2026-09-06 17:28:07 +0000,,Mpeg-2 Transport Stream,84 KB,1,/Users/pq/aikagan-web/.opencode/node_modules/effect/src/Match.ts,src,/Users/pq/aikagan-web/.opencode/node_modules/effect/src
Metric.ts,2026-09-06 17:28:07 +0000,2026-09-06 17:28:07 +0000,,Mpeg-2 Transport Stream,185 KB,1,/Users/pq/aikagan-web/.opencode/node_modules/effect/src/Metric.ts,src,/Users/pq/aikagan-web/.opencode/node_modules/effect/src
MutableHashMap.ts,2026-09-06 17:28:07 +0000,2026-09-06 17:28:07 +0000,,Mpeg-2 Transport Stream,53 KB,1,/Users/pq/aikagan-web/.opencode/node_modules/effect/src/MutableHashMap.ts,src,/Users/pq/aikagan-web/.opencode/node_modules/effect/src
MutableHashSet.ts,2026-09-06 17:28:07 +0000,2026-09-06 17:28:07 +0000,,Mpeg-2 Transport Stream,20 KB,1,/Users/pq/aikagan-web/.opencode/node_modules/effect/src/MutableHashSet.ts,src,/Users/pq/aikagan-web/.opencode/node_modules/effect/src
MutableList.ts,2026-09-06 17:28:07 +0000,2026-09-06 17:28:07 +0000,,Mpeg-2 Transport Stream,29 KB,1,/Users/pq/aikagan-web/.opencode/node_modules/effect/src/MutableList.ts,src,/Users/pq/aikagan-web/.opencode/node_modules/effect/src
MutableRef.ts,2026-09-06 17:28:07 +0000,2026-09-06 17:28:07 +0000,,Mpeg-2 Transport Stream,45 KB,1,/Users/pq/aikagan-web/.opencode/node_modules/effect/src/MutableRef.ts,src,/Users/pq/aikagan-web/.opencode/node_modules/effect/src
Newtype.ts,2026-09-06 17:28:07 +0000,2026-09-06 17:28:07 +0000,,Mpeg-2 Transport Stream,10 KB,1,/Users/pq/aikagan-web/.opencode/node_modules/effect/src/Newtype.ts,src,/Users/pq/aikagan-web/.opencode/node_modules/effect/src
NonEmptyIterable.ts,2026-09-06 17:28:07 +0000,2026-09-06 17:28:07 +0000,,Mpeg-2 Transport Stream,12 KB,1,/Users/pq/aikagan-web/.opencode/node_modules/effect/src/NonEmptyIterable.ts,src,/Users/pq/aikagan-web/.opencode/node_modules/effect/src
Number.ts,2026-09-06 17:28:07 +0000,2026-09-06 17:28:07 +0000,,Mpeg-2 Transport Stream,41 KB,1,/Users/pq/aikagan-web/.opencode/node_modules/effect/src/Number.ts,src,/Users/pq/aikagan-web/.opencode/node_modules/effect/src
Optic.ts,2026-09-06 17:28:07 +0000,2026-09-06 17:28:07 +0000,,Mpeg-2 Transport Stream,52 KB,1,/Users/pq/aikagan-web/.opencode/node_modules/effect/src/Optic.ts,src,/Users/pq/aikagan-web/.opencode/node_modules/effect/src
Option.ts,2026-09-06 17:28:07 +0000,2026-09-06 17:28:07 +0000,,Mpeg-2 Transport Stream,139 KB,1,/Users/pq/aikagan-web/.opencode/node_modules/effect/src/Option.ts,src,/Users/pq/aikagan-web/.opencode/node_modules/effect/src
Order.ts,2026-09-06 17:28:07 +0000,2026-09-06 17:28:07 +0000,,Mpeg-2 Transport Stream,39 KB,1,/Users/pq/aikagan-web/.opencode/node_modules/effect/src/Order.ts,src,/Users/pq/aikagan-web/.opencode/node_modules/effect/src
Ordering.ts,2026-09-06 17:28:07 +0000,2026-09-06 17:28:07 +0000,,Mpeg-2 Transport Stream,8 KB,1,/Users/pq/aikagan-web/.opencode/node_modules/effect/src/Ordering.ts,src,/Users/pq/aikagan-web/.opencode/node_modules/effect/src
PartitionedSemaphore.ts,2026-09-06 17:28:07 +0000,2026-09-06 17:28:07 +0000,,Mpeg-2 Transport Stream,26 KB,1,/Users/pq/aikagan-web/.opencode/node_modules/effect/src/PartitionedSemaphore.ts,src,/Users/pq/aikagan-web/.opencode/node_modules/effect/src
Path.ts,2026-09-06 17:28:07 +0000,2026-09-06 17:28:07 +0000,,Mpeg-2 Transport Stream,27 KB,1,/Users/pq/aikagan-web/.opencode/node_modules/effect/src/Path.ts,src,/Users/pq/aikagan-web/.opencode/node_modules/effect/src
Pipeable.ts,2026-09-06 17:28:07 +0000,2026-09-06 17:28:07 +0000,,Mpeg-2 Transport Stream,15 KB,1,/Users/pq/aikagan-web/.opencode/node_modules/effect/src/Pipeable.ts,src,/Users/pq/aikagan-web/.opencode/node_modules/effect/src
PlatformError.ts,2026-09-06 17:28:07 +0000,2026-09-06 17:28:07 +0000,,Mpeg-2 Transport Stream,8 KB,1,/Users/pq/aikagan-web/.opencode/node_modules/effect/src/PlatformError.ts,src,/Users/pq/aikagan-web/.opencode/node_modules/effect/src
Pool.ts,2026-09-06 17:28:07 +0000,2026-09-06 17:28:07 +0000,,Mpeg-2 Transport Stream,26 KB,1,/Users/pq/aikagan-web/.opencode/node_modules/effect/src/Pool.ts,src,/Users/pq/aikagan-web/.opencode/node_modules/effect/src
Predicate.ts,2026-09-06 17:28:07 +0000,2026-09-06 17:28:07 +0000,,Mpeg-2 Transport Stream,68 KB,1,/Users/pq/aikagan-web/.opencode/node_modules/effect/src/Predicate.ts,src,/Users/pq/aikagan-web/.opencode/node_modules/effect/src
PrimaryKey.ts,2026-09-06 17:28:07 +0000,2026-09-06 17:28:07 +0000,,Mpeg-2 Transport Stream,5 KB,1,/Users/pq/aikagan-web/.opencode/node_modules/effect/src/PrimaryKey.ts,src,/Users/pq/aikagan-web/.opencode/node_modules/effect/src
PubSub.ts,2026-09-06 17:28:07 +0000,2026-09-06 17:28:07 +0000,,Mpeg-2 Transport Stream,96 KB,1,/Users/pq/aikagan-web/.opencode/node_modules/effect/src/PubSub.ts,src,/Users/pq/aikagan-web/.opencode/node_modules/effect/src
Pull.ts,2026-09-06 17:28:07 +0000,2026-09-06 17:28:07 +0000,,Mpeg-2 Transport Stream,17 KB,1,/Users/pq/aikagan-web/.opencode/node_modules/effect/src/Pull.ts,src,/Users/pq/aikagan-web/.opencode/node_modules/effect/src
Queue.ts,2026-09-06 17:28:08 +0000,2026-09-06 17:28:07 +0000,,Mpeg-2 Transport Stream,61 KB,1,/Users/pq/aikagan-web/.opencode/node_modules/effect/src/Queue.ts,src,/Users/pq/aikagan-web/.opencode/node_modules/effect/src
Random.ts,2026-09-06 17:28:08 +0000,2026-09-06 17:28:08 +0000,,Mpeg-2 Transport Stream,22 KB,1,/Users/pq/aikagan-web/.opencode/node_modules/effect/src/Random.ts,src,/Users/pq/aikagan-web/.opencode/node_modules/effect/src
RcMap.ts,2026-09-06 17:28:08 +0000,2026-09-06 17:28:08 +0000,,Mpeg-2 Transport Stream,32 KB,1,/Users/pq/aikagan-web/.opencode/node_modules/effect/src/RcMap.ts,src,/Users/pq/aikagan-web/.opencode/node_modules/effect/src
RcRef.ts,2026-09-06 17:28:08 +0000,2026-09-06 17:28:08 +0000,,Mpeg-2 Transport Stream,8 KB,1,/Users/pq/aikagan-web/.opencode/node_modules/effect/src/RcRef.ts,src,/Users/pq/aikagan-web/.opencode/node_modules/effect/src
Record.ts,2026-09-06 17:28:08 +0000,2026-09-06 17:28:08 +0000,,Mpeg-2 Transport Stream,73 KB,1,/Users/pq/aikagan-web/.opencode/node_modules/effect/src/Record.ts,src,/Users/pq/aikagan-web/.opencode/node_modules/effect/src
Redactable.ts,2026-09-06 17:28:08 +0000,2026-09-06 17:28:08 +0000,,Mpeg-2 Transport Stream,7 KB,1,/Users/pq/aikagan-web/.opencode/node_modules/effect/src/Redactable.ts,src,/Users/pq/aikagan-web/.opencode/node_modules/effect/src
Redacted.ts,2026-09-06 17:28:08 +0000,2026-09-06 17:28:08 +0000,,Mpeg-2 Transport Stream,10 KB,1,/Users/pq/aikagan-web/.opencode/node_modules/effect/src/Redacted.ts,src,/Users/pq/aikagan-web/.opencode/node_modules/effect/src
Reducer.ts,2026-09-06 17:28:08 +0000,2026-09-06 17:28:08 +0000,,Mpeg-2 Transport Stream,7 KB,1,/Users/pq/aikagan-web/.opencode/node_modules/effect/src/Reducer.ts,src,/Users/pq/aikagan-web/.opencode/node_modules/effect/src
Ref.ts,2026-09-06 17:28:08 +0000,2026-09-06 17:28:08 +0000,,Mpeg-2 Transport Stream,55 KB,1,/Users/pq/aikagan-web/.opencode/node_modules/effect/src/Ref.ts,src,/Users/pq/aikagan-web/.opencode/node_modules/effect/src
References.ts,2026-09-06 17:28:08 +0000,2026-09-06 17:28:08 +0000,,Mpeg-2 Transport Stream,26 KB,1,/Users/pq/aikagan-web/.opencode/node_modules/effect/src/References.ts,src,/Users/pq/aikagan-web/.opencode/node_modules/effect/src
RegExp.ts,2026-09-06 17:28:08 +0000,2026-09-06 17:28:08 +0000,,Mpeg-2 Transport Stream,3 KB,1,/Users/pq/aikagan-web/.opencode/node_modules/effect/src/RegExp.ts,src,/Users/pq/aikagan-web/.opencode/node_modules/effect/src
Request.ts,2026-09-06 17:28:08 +0000,2026-09-06 17:28:08 +0000,,Mpeg-2 Transport Stream,26 KB,1,/Users/pq/aikagan-web/.opencode/node_modules/effect/src/Request.ts,src,/Users/pq/aikagan-web/.opencode/node_modules/effect/src
RequestResolver.ts,2026-09-06 17:28:08 +0000,2026-09-06 17:28:08 +0000,,Mpeg-2 Transport Stream,69 KB,1,/Users/pq/aikagan-web/.opencode/node_modules/effect/src/RequestResolver.ts,src,/Users/pq/aikagan-web/.opencode/node_modules/effect/src
Resource.ts,2026-09-06 17:28:08 +0000,2026-09-06 17:28:08 +0000,,Mpeg-2 Transport Stream,7 KB,1,/Users/pq/aikagan-web/.opencode/node_modules/effect/src/Resource.ts,src,/Users/pq/aikagan-web/.opencode/node_modules/effect/src
Result.ts,2026-09-06 17:28:08 +0000,2026-09-06 17:28:08 +0000,,Mpeg-2 Transport Stream,104 KB,1,/Users/pq/aikagan-web/.opencode/node_modules/effect/src/Result.ts,src,/Users/pq/aikagan-web/.opencode/node_modules/effect/src
Runtime.ts,2026-09-06 17:28:08 +0000,2026-09-06 17:28:08 +0000,,Mpeg-2 Transport Stream,15 KB,1,/Users/pq/aikagan-web/.opencode/node_modules/effect/src/Runtime.ts,src,/Users/pq/aikagan-web/.opencode/node_modules/effect/src
Schedule.ts,2026-09-06 17:28:08 +0000,2026-09-06 17:28:08 +0000,,Mpeg-2 Transport Stream,209 KB,1,/Users/pq/aikagan-web/.opencode/node_modules/effect/src/Schedule.ts,src,/Users/pq/aikagan-web/.opencode/node_modules/effect/src
Scheduler.ts,2026-09-06 17:28:08 +0000,2026-09-06 17:28:08 +0000,,Mpeg-2 Transport Stream,8 KB,1,/Users/pq/aikagan-web/.opencode/node_modules/effect/src/Scheduler.ts,src,/Users/pq/aikagan-web/.opencode/node_modules/effect/src
Schema.ts,2026-09-06 17:28:08 +0000,2026-09-06 17:28:08 +0000,,Mpeg-2 Transport Stream,415 KB,1,/Users/pq/aikagan-web/.opencode/node_modules/effect/src/Schema.ts,src,/Users/pq/aikagan-web/.opencode/node_modules/effect/src
SchemaAST.ts,2026-09-06 17:28:08 +0000,2026-09-06 17:28:08 +0000,,Mpeg-2 Transport Stream,107 KB,1,/Users/pq/aikagan-web/.opencode/node_modules/effect/src/SchemaAST.ts,src,/Users/pq/aikagan-web/.opencode/node_modules/effect/src
SchemaGetter.ts,2026-09-06 17:28:08 +0000,2026-09-06 17:28:08 +0000,,Mpeg-2 Transport Stream,56 KB,1,/Users/pq/aikagan-web/.opencode/node_modules/effect/src/SchemaGetter.ts,src,/Users/pq/aikagan-web/.opencode/node_modules/effect/src
SchemaIssue.ts,2026-09-06 17:28:08 +0000,2026-09-06 17:28:08 +0000,,Mpeg-2 Transport Stream,35 KB,1,/Users/pq/aikagan-web/.opencode/node_modules/effect/src/SchemaIssue.ts,src,/Users/pq/aikagan-web/.opencode/node_modules/effect/src
SchemaParser.ts,2026-09-06 17:28:08 +0000,2026-09-06 17:28:08 +0000,,Mpeg-2 Transport Stream,35 KB,1,/Users/pq/aikagan-web/.opencode/node_modules/effect/src/SchemaParser.ts,src,/Users/pq/aikagan-web/.opencode/node_modules/effect/src
SchemaRepresentation.ts,2026-09-06 17:28:08 +0000,2026-09-06 17:28:08 +0000,,Mpeg-2 Transport Stream,116 KB,1,/Users/pq/aikagan-web/.opencode/node_modules/effect/src/SchemaRepresentation.ts,src,/Users/pq/aikagan-web/.opencode/node_modules/effect/src
SchemaTransformation.ts,2026-09-06 17:28:08 +0000,2026-09-06 17:28:08 +0000,,Mpeg-2 Transport Stream,52 KB,1,/Users/pq/aikagan-web/.opencode/node_modules/effect/src/SchemaTransformation.ts,src,/Users/pq/aikagan-web/.opencode/node_modules/effect/src
SchemaUtils.ts,2026-09-06 17:28:08 +0000,2026-09-06 17:28:08 +0000,,Mpeg-2 Transport Stream,3 KB,1,/Users/pq/aikagan-web/.opencode/node_modules/effect/src/SchemaUtils.ts,src,/Users/pq/aikagan-web/.opencode/node_modules/effect/src
Scope.ts,2026-09-06 17:28:08 +0000,2026-09-06 17:28:08 +0000,,Mpeg-2 Transport Stream,21 KB,1,/Users/pq/aikagan-web/.opencode/node_modules/effect/src/Scope.ts,src,/Users/pq/aikagan-web/.opencode/node_modules/effect/src
ScopedCache.ts,2026-09-06 17:28:08 +0000,2026-09-06 17:28:08 +0000,,Mpeg-2 Transport Stream,44 KB,1,/Users/pq/aikagan-web/.opencode/node_modules/effect/src/ScopedCache.ts,src,/Users/pq/aikagan-web/.opencode/node_modules/effect/src
ScopedRef.ts,2026-09-06 17:28:08 +0000,2026-09-06 17:28:08 +0000,,Mpeg-2 Transport Stream,8 KB,1,/Users/pq/aikagan-web/.opencode/node_modules/effect/src/ScopedRef.ts,src,/Users/pq/aikagan-web/.opencode/node_modules/effect/src
Semaphore.ts,2026-09-06 17:28:08 +0000,2026-09-06 17:28:08 +0000,,Mpeg-2 Transport Stream,26 KB,1,/Users/pq/aikagan-web/.opencode/node_modules/effect/src/Semaphore.ts,src,/Users/pq/aikagan-web/.opencode/node_modules/effect/src
Sink.ts,2026-09-06 17:28:08 +0000,2026-09-06 17:28:08 +0000,,Mpeg-2 Transport Stream,78 KB,1,/Users/pq/aikagan-web/.opencode/node_modules/effect/src/Sink.ts,src,/Users/pq/aikagan-web/.opencode/node_modules/effect/src
Stdio.ts,2026-09-06 17:28:08 +0000,2026-09-06 17:28:08 +0000,,Mpeg-2 Transport Stream,5 KB,1,/Users/pq/aikagan-web/.opencode/node_modules/effect/src/Stdio.ts,src,/Users/pq/aikagan-web/.opencode/node_modules/effect/src
Stream.ts,2026-09-06 17:28:08 +0000,2026-09-06 17:28:08 +0000,,Mpeg-2 Transport Stream,597 KB,1,/Users/pq/aikagan-web/.opencode/node_modules/effect/src/Stream.ts,src,/Users/pq/aikagan-web/.opencode/node_modules/effect/src
String.ts,2026-09-06 17:28:08 +0000,2026-09-06 17:28:08 +0000,,Mpeg-2 Transport Stream,53 KB,1,/Users/pq/aikagan-web/.opencode/node_modules/effect/src/String.ts,src,/Users/pq/aikagan-web/.opencode/node_modules/effect/src
Struct.ts,2026-09-06 17:28:08 +0000,2026-09-06 17:28:08 +0000,,Mpeg-2 Transport Stream,50 KB,1,/Users/pq/aikagan-web/.opencode/node_modules/effect/src/Struct.ts,src,/Users/pq/aikagan-web/.opencode/node_modules/effect/src
SubscriptionRef.ts,2026-09-06 17:28:08 +0000,2026-09-06 17:28:08 +0000,,Mpeg-2 Transport Stream,61 KB,1,/Users/pq/aikagan-web/.opencode/node_modules/effect/src/SubscriptionRef.ts,src,/Users/pq/aikagan-web/.opencode/node_modules/effect/src
Symbol.ts,2026-09-06 17:28:08 +0000,2026-09-06 17:28:08 +0000,,Mpeg-2 Transport Stream,1 KB,1,/Users/pq/aikagan-web/.opencode/node_modules/effect/src/Symbol.ts,src,/Users/pq/aikagan-web/.opencode/node_modules/effect/src
SynchronizedRef.ts,2026-09-06 17:28:08 +0000,2026-09-06 17:28:08 +0000,,Mpeg-2 Transport Stream,43 KB,1,/Users/pq/aikagan-web/.opencode/node_modules/effect/src/SynchronizedRef.ts,src,/Users/pq/aikagan-web/.opencode/node_modules/effect/src
Take.ts,2026-09-06 17:28:08 +0000,2026-09-06 17:28:08 +0000,,Mpeg-2 Transport Stream,3 KB,1,/Users/pq/aikagan-web/.opencode/node_modules/effect/src/Take.ts,src,/Users/pq/aikagan-web/.opencode/node_modules/effect/src
Terminal.ts,2026-09-06 17:28:08 +0000,2026-09-06 17:28:08 +0000,,Mpeg-2 Transport Stream,6 KB,1,/Users/pq/aikagan-web/.opencode/node_modules/effect/src/Terminal.ts,src,/Users/pq/aikagan-web/.opencode/node_modules/effect/src
Tracer.ts,2026-09-06 17:28:08 +0000,2026-09-06 17:28:08 +0000,,Mpeg-2 Transport Stream,20 KB,1,/Users/pq/aikagan-web/.opencode/node_modules/effect/src/Tracer.ts,src,/Users/pq/aikagan-web/.opencode/node_modules/effect/src
Trie.ts,2026-09-06 17:28:08 +0000,2026-09-06 17:28:08 +0000,,Mpeg-2 Transport Stream,55 KB,1,/Users/pq/aikagan-web/.opencode/node_modules/effect/src/Trie.ts,src,/Users/pq/aikagan-web/.opencode/node_modules/effect/src
Tuple.ts,2026-09-06 17:28:08 +0000,2026-09-06 17:28:08 +0000,,Mpeg-2 Transport Stream,39 KB,1,/Users/pq/aikagan-web/.opencode/node_modules/effect/src/Tuple.ts,src,/Users/pq/aikagan-web/.opencode/node_modules/effect/src
TxChunk.ts,2026-09-06 17:28:08 +0000,2026-09-06 17:28:08 +0000,,Mpeg-2 Transport Stream,48 KB,1,/Users/pq/aikagan-web/.opencode/node_modules/effect/src/TxChunk.ts,src,/Users/pq/aikagan-web/.opencode/node_modules/effect/src
TxDeferred.ts,2026-09-06 17:28:08 +0000,2026-09-06 17:28:08 +0000,,Mpeg-2 Transport Stream,14 KB,1,/Users/pq/aikagan-web/.opencode/node_modules/effect/src/TxDeferred.ts,src,/Users/pq/aikagan-web/.opencode/node_modules/effect/src
TxHashMap.ts,2026-09-06 17:28:08 +0000,2026-09-06 17:28:08 +0000,,Mpeg-2 Transport Stream,136 KB,1,/Users/pq/aikagan-web/.opencode/node_modules/effect/src/TxHashMap.ts,src,/Users/pq/aikagan-web/.opencode/node_modules/effect/src
TxHashSet.ts,2026-09-06 17:28:08 +0000,2026-09-06 17:28:08 +0000,,Mpeg-2 Transport Stream,68 KB,1,/Users/pq/aikagan-web/.opencode/node_modules/effect/src/TxHashSet.ts,src,/Users/pq/aikagan-web/.opencode/node_modules/effect/src
TxPriorityQueue.ts,2026-09-06 17:28:08 +0000,2026-09-06 17:28:08 +0000,,Mpeg-2 Transport Stream,24 KB,1,/Users/pq/aikagan-web/.opencode/node_modules/effect/src/TxPriorityQueue.ts,src,/Users/pq/aikagan-web/.opencode/node_modules/effect/src
TxPubSub.ts,2026-09-06 17:28:08 +0000,2026-09-06 17:28:08 +0000,,Mpeg-2 Transport Stream,28 KB,1,/Users/pq/aikagan-web/.opencode/node_modules/effect/src/TxPubSub.ts,src,/Users/pq/aikagan-web/.opencode/node_modules/effect/src
TxQueue.ts,2026-09-06 17:28:08 +0000,2026-09-06 17:28:08 +0000,,Mpeg-2 Transport Stream,60 KB,1,/Users/pq/aikagan-web/.opencode/node_modules/effect/src/TxQueue.ts,src,/Users/pq/aikagan-web/.opencode/node_modules/effect/src
TxReentrantLock.ts,2026-09-06 17:28:08 +0000,2026-09-06 17:28:08 +0000,,Mpeg-2 Transport Stream,23 KB,1,/Users/pq/aikagan-web/.opencode/node_modules/effect/src/TxReentrantLock.ts,src,/Users/pq/aikagan-web/.opencode/node_modules/effect/src
TxRef.ts,2026-09-06 17:28:08 +0000,2026-09-06 17:28:08 +0000,,Mpeg-2 Transport Stream,14 KB,1,/Users/pq/aikagan-web/.opencode/node_modules/effect/src/TxRef.ts,src,/Users/pq/aikagan-web/.opencode/node_modules/effect/src
TxSemaphore.ts,2026-09-06 17:28:08 +0000,2026-09-06 17:28:08 +0000,,Mpeg-2 Transport Stream,29 KB,1,/Users/pq/aikagan-web/.opencode/node_modules/effect/src/TxSemaphore.ts,src,/Users/pq/aikagan-web/.opencode/node_modules/effect/src
TxSubscriptionRef.ts,2026-09-06 17:28:08 +0000,2026-09-06 17:28:08 +0000,,Mpeg-2 Transport Stream,27 KB,1,/Users/pq/aikagan-web/.opencode/node_modules/effect/src/TxSubscriptionRef.ts,src,/Users/pq/aikagan-web/.opencode/node_modules/effect/src
Types.ts,2026-09-06 17:28:08 +0000,2026-09-06 17:28:08 +0000,,Mpeg-2 Transport Stream,31 KB,1,/Users/pq/aikagan-web/.opencode/node_modules/effect/src/Types.ts,src,/Users/pq/aikagan-web/.opencode/node_modules/effect/src
UndefinedOr.ts,2026-09-06 17:28:08 +0000,2026-09-06 17:28:08 +0000,,Mpeg-2 Transport Stream,12 KB,1,/Users/pq/aikagan-web/.opencode/node_modules/effect/src/UndefinedOr.ts,src,/Users/pq/aikagan-web/.opencode/node_modules/effect/src
Unify.ts,2026-09-06 17:28:08 +0000,2026-09-06 17:28:08 +0000,,Mpeg-2 Transport Stream,18 KB,1,/Users/pq/aikagan-web/.opencode/node_modules/effect/src/Unify.ts,src,/Users/pq/aikagan-web/.opencode/node_modules/effect/src
Utils.ts,2026-09-06 17:28:08 +0000,2026-09-06 17:28:08 +0000,,Mpeg-2 Transport Stream,7 KB,1,/Users/pq/aikagan-web/.opencode/node_modules/effect/src/Utils.ts,src,/Users/pq/aikagan-web/.opencode/node_modules/effect/src
index.ts,2026-09-06 17:28:07 +0000,2026-09-06 17:28:07 +0000,,Mpeg-2 Transport Stream,10 KB,1,/Users/pq/aikagan-web/.opencode/node_modules/effect/src/index.ts,src,/Users/pq/aikagan-web/.opencode/node_modules/effect/src
internal,2026-09-06 17:28:08 +0000,2026-09-06 17:28:07 +0000,,Folder,28 bytes,0,/Users/pq/aikagan-web/.opencode/node_modules/effect/src/internal,src,/Users/pq/aikagan-web/.opencode/node_modules/effect/src/internal
array.ts,2026-09-06 17:28:07 +0000,2026-09-06 17:28:07 +0000,,Mpeg-2 Transport Stream,196 bytes,1,/Users/pq/aikagan-web/.opencode/node_modules/effect/src/internal/array.ts,internal,/Users/pq/aikagan-web/.opencode/node_modules/effect/src/internal
concurrency.ts,2026-09-06 17:28:07 +0000,2026-09-06 17:28:07 +0000,,Mpeg-2 Transport Stream,1 KB,1,/Users/pq/aikagan-web/.opencode/node_modules/effect/src/internal/concurrency.ts,internal,/Users/pq/aikagan-web/.opencode/node_modules/effect/src/internal
core.ts,2026-09-06 17:28:07 +0000,2026-09-06 17:28:07 +0000,,Mpeg-2 Transport Stream,18 KB,1,/Users/pq/aikagan-web/.opencode/node_modules/effect/src/internal/core.ts,internal,/Users/pq/aikagan-web/.opencode/node_modules/effect/src/internal
dateTime.ts,2026-09-06 17:28:07 +0000,2026-09-06 17:28:07 +0000,,Mpeg-2 Transport Stream,42 KB,1,/Users/pq/aikagan-web/.opencode/node_modules/effect/src/internal/dateTime.ts,internal,/Users/pq/aikagan-web/.opencode/node_modules/effect/src/internal
doNotation.ts,2026-09-06 17:28:07 +0000,2026-09-06 17:28:07 +0000,,Mpeg-2 Transport Stream,3 KB,1,/Users/pq/aikagan-web/.opencode/node_modules/effect/src/internal/doNotation.ts,internal,/Users/pq/aikagan-web/.opencode/node_modules/effect/src/internal
effect.ts,2026-09-06 17:28:07 +0000,2026-09-06 17:28:07 +0000,,Mpeg-2 Transport Stream,203 KB,1,/Users/pq/aikagan-web/.opencode/node_modules/effect/src/internal/effect.ts,internal,/Users/pq/aikagan-web/.opencode/node_modules/effect/src/internal
equal.ts,2026-09-06 17:28:07 +0000,2026-09-06 17:28:07 +0000,,Mpeg-2 Transport Stream,793 bytes,1,/Users/pq/aikagan-web/.opencode/node_modules/effect/src/internal/equal.ts,internal,/Users/pq/aikagan-web/.opencode/node_modules/effect/src/internal
errors.ts,2026-09-06 17:28:07 +0000,2026-09-06 17:28:07 +0000,,Mpeg-2 Transport Stream,249 bytes,1,/Users/pq/aikagan-web/.opencode/node_modules/effect/src/internal/errors.ts,internal,/Users/pq/aikagan-web/.opencode/node_modules/effect/src/internal
executionPlan.ts,2026-09-06 17:28:07 +0000,2026-09-06 17:28:07 +0000,,Mpeg-2 Transport Stream,3 KB,1,/Users/pq/aikagan-web/.opencode/node_modules/effect/src/internal/executionPlan.ts,internal,/Users/pq/aikagan-web/.opencode/node_modules/effect/src/internal
hashMap.ts,2026-09-06 17:28:07 +0000,2026-09-06 17:28:07 +0000,,Mpeg-2 Transport Stream,34 KB,1,/Users/pq/aikagan-web/.opencode/node_modules/effect/src/internal/hashMap.ts,internal,/Users/pq/aikagan-web/.opencode/node_modules/effect/src/internal
hashSet.ts,2026-09-06 17:28:07 +0000,2026-09-06 17:28:07 +0000,,Mpeg-2 Transport Stream,5 KB,1,/Users/pq/aikagan-web/.opencode/node_modules/effect/src/internal/hashSet.ts,internal,/Users/pq/aikagan-web/.opencode/node_modules/effect/src/internal
layer.ts,2026-09-06 17:28:07 +0000,2026-09-06 17:28:07 +0000,,Mpeg-2 Transport Stream,3 KB,1,/Users/pq/aikagan-web/.opencode/node_modules/effect/src/internal/layer.ts,internal,/Users/pq/aikagan-web/.opencode/node_modules/effect/src/internal
matcher.ts,2026-09-06 17:28:07 +0000,2026-09-06 17:28:07 +0000,,Mpeg-2 Transport Stream,17 KB,1,/Users/pq/aikagan-web/.opencode/node_modules/effect/src/internal/matcher.ts,internal,/Users/pq/aikagan-web/.opencode/node_modules/effect/src/internal
metric.ts,2026-09-06 17:28:07 +0000,2026-09-06 17:28:07 +0000,,Mpeg-2 Transport Stream,108 bytes,1,/Users/pq/aikagan-web/.opencode/node_modules/effect/src/internal/metric.ts,internal,/Users/pq/aikagan-web/.opencode/node_modules/effect/src/internal
option.ts,2026-09-06 17:28:07 +0000,2026-09-06 17:28:07 +0000,,Mpeg-2 Transport Stream,2 KB,1,/Users/pq/aikagan-web/.opencode/node_modules/effect/src/internal/option.ts,internal,/Users/pq/aikagan-web/.opencode/node_modules/effect/src/internal
random.ts,2026-09-06 17:28:08 +0000,2026-09-06 17:28:08 +0000,,Mpeg-2 Transport Stream,505 bytes,1,/Users/pq/aikagan-web/.opencode/node_modules/effect/src/internal/random.ts,internal,/Users/pq/aikagan-web/.opencode/node_modules/effect/src/internal
rcRef.ts,2026-09-06 17:28:08 +0000,2026-09-06 17:28:08 +0000,,Mpeg-2 Transport Stream,5 KB,1,/Users/pq/aikagan-web/.opencode/node_modules/effect/src/internal/rcRef.ts,internal,/Users/pq/aikagan-web/.opencode/node_modules/effect/src/internal
record.ts,2026-09-06 17:28:08 +0000,2026-09-06 17:28:08 +0000,,Mpeg-2 Transport Stream,354 bytes,1,/Users/pq/aikagan-web/.opencode/node_modules/effect/src/internal/record.ts,internal,/Users/pq/aikagan-web/.opencode/node_modules/effect/src/internal
redacted.ts,2026-09-06 17:28:08 +0000,2026-09-06 17:28:08 +0000,,Mpeg-2 Transport Stream,574 bytes,1,/Users/pq/aikagan-web/.opencode/node_modules/effect/src/internal/redacted.ts,internal,/Users/pq/aikagan-web/.opencode/node_modules/effect/src/internal
references.ts,2026-09-06 17:28:08 +0000,2026-09-06 17:28:08 +0000,,Mpeg-2 Transport Stream,2 KB,1,/Users/pq/aikagan-web/.opencode/node_modules/effect/src/internal/references.ts,internal,/Users/pq/aikagan-web/.opencode/node_modules/effect/src/internal
request.ts,2026-09-06 17:28:08 +0000,2026-09-06 17:28:08 +0000,,Mpeg-2 Transport Stream,6 KB,1,/Users/pq/aikagan-web/.opencode/node_modules/effect/src/internal/request.ts,internal,/Users/pq/aikagan-web/.opencode/node_modules/effect/src/internal
result.ts,2026-09-06 17:28:08 +0000,2026-09-06 17:28:08 +0000,,Mpeg-2 Transport Stream,3 KB,1,/Users/pq/aikagan-web/.opencode/node_modules/effect/src/internal/result.ts,internal,/Users/pq/aikagan-web/.opencode/node_modules/effect/src/internal
schedule.ts,2026-09-06 17:28:08 +0000,2026-09-06 17:28:08 +0000,,Mpeg-2 Transport Stream,9 KB,1,/Users/pq/aikagan-web/.opencode/node_modules/effect/src/internal/schedule.ts,internal,/Users/pq/aikagan-web/.opencode/node_modules/effect/src/internal
stream.ts,2026-09-06 17:28:08 +0000,2026-09-06 17:28:08 +0000,,Mpeg-2 Transport Stream,761 bytes,1,/Users/pq/aikagan-web/.opencode/node_modules/effect/src/internal/stream.ts,internal,/Users/pq/aikagan-web/.opencode/node_modules/effect/src/internal
tracer.ts,2026-09-06 17:28:08 +0000,2026-09-06 17:28:08 +0000,,Mpeg-2 Transport Stream,1 KB,1,/Users/pq/aikagan-web/.opencode/node_modules/effect/src/internal/tracer.ts,internal,/Users/pq/aikagan-web/.opencode/node_modules/effect/src/internal
trie.ts,2026-09-06 17:28:08 +0000,2026-09-06 17:28:08 +0000,,Mpeg-2 Transport Stream,20 KB,1,/Users/pq/aikagan-web/.opencode/node_modules/effect/src/internal/trie.ts,internal,/Users/pq/aikagan-web/.opencode/node_modules/effect/src/internal
version.ts,2026-09-06 17:28:08 +0000,2026-09-06 17:28:08 +0000,,Mpeg-2 Transport Stream,66 bytes,1,/Users/pq/aikagan-web/.opencode/node_modules/effect/src/internal/version.ts,internal,/Users/pq/aikagan-web/.opencode/node_modules/effect/src/internal
schema,2026-09-06 17:28:08 +0000,2026-09-06 17:28:07 +0000,,Folder,5 bytes,0,/Users/pq/aikagan-web/.opencode/node_modules/effect/src/internal/schema,internal,/Users/pq/aikagan-web/.opencode/node_modules/effect/src/internal/schema
annotations.ts,2026-09-06 17:28:07 +0000,2026-09-06 17:28:07 +0000,,Mpeg-2 Transport Stream,1 KB,1,/Users/pq/aikagan-web/.opencode/node_modules/effect/src/internal/schema/annotations.ts,schema,/Users/pq/aikagan-web/.opencode/node_modules/effect/src/internal/schema
arbitrary.ts,2026-09-06 17:28:07 +0000,2026-09-06 17:28:07 +0000,,Mpeg-2 Transport Stream,11 KB,1,/Users/pq/aikagan-web/.opencode/node_modules/effect/src/internal/schema/arbitrary.ts,schema,/Users/pq/aikagan-web/.opencode/node_modules/effect/src/internal/schema
equivalence.ts,2026-09-06 17:28:07 +0000,2026-09-06 17:28:07 +0000,,Mpeg-2 Transport Stream,5 KB,1,/Users/pq/aikagan-web/.opencode/node_modules/effect/src/internal/schema/equivalence.ts,schema,/Users/pq/aikagan-web/.opencode/node_modules/effect/src/internal/schema
representation.ts,2026-09-06 17:28:08 +0000,2026-09-06 17:28:08 +0000,,Mpeg-2 Transport Stream,26 KB,1,/Users/pq/aikagan-web/.opencode/node_modules/effect/src/internal/schema/representation.ts,schema,/Users/pq/aikagan-web/.opencode/node_modules/effect/src/internal/schema
schema.ts,2026-09-06 17:28:08 +0000,2026-09-06 17:28:08 +0000,,Mpeg-2 Transport Stream,3 KB,1,/Users/pq/aikagan-web/.opencode/node_modules/effect/src/internal/schema/schema.ts,schema,/Users/pq/aikagan-web/.opencode/node_modules/effect/src/internal/schema
testing,2026-09-06 17:28:08 +0000,2026-09-06 17:28:07 +0000,,Folder,5 bytes,0,/Users/pq/aikagan-web/.opencode/node_modules/effect/src/testing,src,/Users/pq/aikagan-web/.opencode/node_modules/effect/src/testing
FastCheck.ts,2026-09-06 17:28:07 +0000,2026-09-06 17:28:07 +0000,,Mpeg-2 Transport Stream,3 KB,1,/Users/pq/aikagan-web/.opencode/node_modules/effect/src/testing/FastCheck.ts,testing,/Users/pq/aikagan-web/.opencode/node_modules/effect/src/testing
TestClock.ts,2026-09-06 17:28:08 +0000,2026-09-06 17:28:08 +0000,,Mpeg-2 Transport Stream,17 KB,1,/Users/pq/aikagan-web/.opencode/node_modules/effect/src/testing/TestClock.ts,testing,/Users/pq/aikagan-web/.opencode/node_modules/effect/src/testing
TestConsole.ts,2026-09-06 17:28:08 +0000,2026-09-06 17:28:08 +0000,,Mpeg-2 Transport Stream,12 KB,1,/Users/pq/aikagan-web/.opencode/node_modules/effect/src/testing/TestConsole.ts,testing,/Users/pq/aikagan-web/.opencode/node_modules/effect/src/testing
TestSchema.ts,2026-09-06 17:28:08 +0000,2026-09-06 17:28:08 +0000,,Mpeg-2 Transport Stream,21 KB,1,/Users/pq/aikagan-web/.opencode/node_modules/effect/src/testing/TestSchema.ts,testing,/Users/pq/aikagan-web/.opencode/node_modules/effect/src/testing
index.ts,2026-09-06 17:28:07 +0000,2026-09-06 17:28:07 +0000,,Mpeg-2 Transport Stream,366 bytes,1,/Users/pq/aikagan-web/.opencode/node_modules/effect/src/testing/index.ts,testing,/Users/pq/aikagan-web/.opencode/node_modules/effect/src/testing
unstable,2026-09-06 17:28:07 +0000,2026-09-06 17:28:07 +0000,,Folder,18 bytes,0,/Users/pq/aikagan-web/.opencode/node_modules/effect/src/unstable,src,/Users/pq/aikagan-web/.opencode/node_modules/effect/src/unstable
ai,2026-09-06 17:28:08 +0000,2026-09-06 17:28:07 +0000,,Folder,19 bytes,0,/Users/pq/aikagan-web/.opencode/node_modules/effect/src/unstable/ai,unstable,/Users/pq/aikagan-web/.opencode/node_modules/effect/src/unstable/ai
AiError.ts,2026-09-06 17:28:07 +0000,2026-09-06 17:28:07 +0000,,Mpeg-2 Transport Stream,46 KB,1,/Users/pq/aikagan-web/.opencode/node_modules/effect/src/unstable/ai/AiError.ts,ai,/Users/pq/aikagan-web/.opencode/node_modules/effect/src/unstable/ai
AnthropicStructuredOutput.ts,2026-09-06 17:28:07 +0000,2026-09-06 17:28:07 +0000,,Mpeg-2 Transport Stream,15 KB,1,/Users/pq/aikagan-web/.opencode/node_modules/effect/src/unstable/ai/AnthropicStructuredOutput.ts,ai,/Users/pq/aikagan-web/.opencode/node_modules/effect/src/unstable/ai
Chat.ts,2026-09-06 17:28:07 +0000,2026-09-06 17:28:07 +0000,,Mpeg-2 Transport Stream,32 KB,1,/Users/pq/aikagan-web/.opencode/node_modules/effect/src/unstable/ai/Chat.ts,ai,/Users/pq/aikagan-web/.opencode/node_modules/effect/src/unstable/ai
EmbeddingModel.ts,2026-09-06 17:28:07 +0000,2026-09-06 17:28:07 +0000,,Mpeg-2 Transport Stream,10 KB,1,/Users/pq/aikagan-web/.opencode/node_modules/effect/src/unstable/ai/EmbeddingModel.ts,ai,/Users/pq/aikagan-web/.opencode/node_modules/effect/src/unstable/ai
IdGenerator.ts,2026-09-06 17:28:07 +0000,2026-09-06 17:28:07 +0000,,Mpeg-2 Transport Stream,9 KB,1,/Users/pq/aikagan-web/.opencode/node_modules/effect/src/unstable/ai/IdGenerator.ts,ai,/Users/pq/aikagan-web/.opencode/node_modules/effect/src/unstable/ai
LanguageModel.ts,2026-09-06 17:28:07 +0000,2026-09-06 17:28:07 +0000,,Mpeg-2 Transport Stream,75 KB,1,/Users/pq/aikagan-web/.opencode/node_modules/effect/src/unstable/ai/LanguageModel.ts,ai,/Users/pq/aikagan-web/.opencode/node_modules/effect/src/unstable/ai
McpSchema.ts,2026-09-06 17:28:07 +0000,2026-09-06 17:28:07 +0000,,Mpeg-2 Transport Stream,70 KB,1,/Users/pq/aikagan-web/.opencode/node_modules/effect/src/unstable/ai/McpSchema.ts,ai,/Users/pq/aikagan-web/.opencode/node_modules/effect/src/unstable/ai
McpServer.ts,2026-09-06 17:28:07 +0000,2026-09-06 17:28:07 +0000,,Mpeg-2 Transport Stream,52 KB,1,/Users/pq/aikagan-web/.opencode/node_modules/effect/src/unstable/ai/McpServer.ts,ai,/Users/pq/aikagan-web/.opencode/node_modules/effect/src/unstable/ai
Model.ts,2026-09-06 17:28:07 +0000,2026-09-06 17:28:07 +0000,,Mpeg-2 Transport Stream,6 KB,1,/Users/pq/aikagan-web/.opencode/node_modules/effect/src/unstable/ai/Model.ts,ai,/Users/pq/aikagan-web/.opencode/node_modules/effect/src/unstable/ai
OpenAiStructuredOutput.ts,2026-09-06 17:28:07 +0000,2026-09-06 17:28:07 +0000,,Mpeg-2 Transport Stream,18 KB,1,/Users/pq/aikagan-web/.opencode/node_modules/effect/src/unstable/ai/OpenAiStructuredOutput.ts,ai,/Users/pq/aikagan-web/.opencode/node_modules/effect/src/unstable/ai
Prompt.ts,2026-09-06 17:28:07 +0000,2026-09-06 17:28:07 +0000,,Mpeg-2 Transport Stream,68 KB,1,/Users/pq/aikagan-web/.opencode/node_modules/effect/src/unstable/ai/Prompt.ts,ai,/Users/pq/aikagan-web/.opencode/node_modules/effect/src/unstable/ai
Response.ts,2026-09-06 17:28:08 +0000,2026-09-06 17:28:08 +0000,,Mpeg-2 Transport Stream,74 KB,1,/Users/pq/aikagan-web/.opencode/node_modules/effect/src/unstable/ai/Response.ts,ai,/Users/pq/aikagan-web/.opencode/node_modules/effect/src/unstable/ai
ResponseIdTracker.ts,2026-09-06 17:28:08 +0000,2026-09-06 17:28:08 +0000,,Mpeg-2 Transport Stream,5 KB,1,/Users/pq/aikagan-web/.opencode/node_modules/effect/src/unstable/ai/ResponseIdTracker.ts,ai,/Users/pq/aikagan-web/.opencode/node_modules/effect/src/unstable/ai
Telemetry.ts,2026-09-06 17:28:08 +0000,2026-09-06 17:28:08 +0000,,Mpeg-2 Transport Stream,17 KB,1,/Users/pq/aikagan-web/.opencode/node_modules/effect/src/unstable/ai/Telemetry.ts,ai,/Users/pq/aikagan-web/.opencode/node_modules/effect/src/unstable/ai
Tokenizer.ts,2026-09-06 17:28:08 +0000,2026-09-06 17:28:08 +0000,,Mpeg-2 Transport Stream,6 KB,1,/Users/pq/aikagan-web/.opencode/node_modules/effect/src/unstable/ai/Tokenizer.ts,ai,/Users/pq/aikagan-web/.opencode/node_modules/effect/src/unstable/ai
Tool.ts,2026-09-06 17:28:08 +0000,2026-09-06 17:28:08 +0000,,Mpeg-2 Transport Stream,60 KB,1,/Users/pq/aikagan-web/.opencode/node_modules/effect/src/unstable/ai/Tool.ts,ai,/Users/pq/aikagan-web/.opencode/node_modules/effect/src/unstable/ai
Toolkit.ts,2026-09-06 17:28:08 +0000,2026-09-06 17:28:08 +0000,,Mpeg-2 Transport Stream,20 KB,1,/Users/pq/aikagan-web/.opencode/node_modules/effect/src/unstable/ai/Toolkit.ts,ai,/Users/pq/aikagan-web/.opencode/node_modules/effect/src/unstable/ai
index.ts,2026-09-06 17:28:07 +0000,2026-09-06 17:28:07 +0000,,Mpeg-2 Transport Stream,1 KB,1,/Users/pq/aikagan-web/.opencode/node_modules/effect/src/unstable/ai/index.ts,ai,/Users/pq/aikagan-web/.opencode/node_modules/effect/src/unstable/ai
internal,2026-09-06 17:28:07 +0000,2026-09-06 17:28:07 +0000,,Folder,1 byte,0,/Users/pq/aikagan-web/.opencode/node_modules/effect/src/unstable/ai/internal,ai,/Users/pq/aikagan-web/.opencode/node_modules/effect/src/unstable/ai/internal
codec-transformer.ts,2026-09-06 17:28:07 +0000,2026-09-06 17:28:07 +0000,,Mpeg-2 Transport Stream,511 bytes,1,/Users/pq/aikagan-web/.opencode/node_modules/effect/src/unstable/ai/internal/codec-transformer.ts,internal,/Users/pq/aikagan-web/.opencode/node_modules/effect/src/unstable/ai/internal
cli,2026-09-06 17:28:07 +0000,2026-09-06 17:28:07 +0000,,Folder,13 bytes,0,/Users/pq/aikagan-web/.opencode/node_modules/effect/src/unstable/cli,unstable,/Users/pq/aikagan-web/.opencode/node_modules/effect/src/unstable/cli
Argument.ts,2026-09-06 17:28:07 +0000,2026-09-06 17:28:07 +0000,,Mpeg-2 Transport Stream,38 KB,1,/Users/pq/aikagan-web/.opencode/node_modules/effect/src/unstable/cli/Argument.ts,cli,/Users/pq/aikagan-web/.opencode/node_modules/effect/src/unstable/cli
CliError.ts,2026-09-06 17:28:07 +0000,2026-09-06 17:28:07 +0000,,Mpeg-2 Transport Stream,15 KB,1,/Users/pq/aikagan-web/.opencode/node_modules/effect/src/unstable/cli/CliError.ts,cli,/Users/pq/aikagan-web/.opencode/node_modules/effect/src/unstable/cli
CliOutput.ts,2026-09-06 17:28:07 +0000,2026-09-06 17:28:07 +0000,,Mpeg-2 Transport Stream,19 KB,1,/Users/pq/aikagan-web/.opencode/node_modules/effect/src/unstable/cli/CliOutput.ts,cli,/Users/pq/aikagan-web/.opencode/node_modules/effect/src/unstable/cli
Command.ts,2026-09-06 17:28:07 +0000,2026-09-06 17:28:07 +0000,,Mpeg-2 Transport Stream,77 KB,1,/Users/pq/aikagan-web/.opencode/node_modules/effect/src/unstable/cli/Command.ts,cli,/Users/pq/aikagan-web/.opencode/node_modules/effect/src/unstable/cli
Completions.ts,2026-09-06 17:28:07 +0000,2026-09-06 17:28:07 +0000,,Mpeg-2 Transport Stream,4 KB,1,/Users/pq/aikagan-web/.opencode/node_modules/effect/src/unstable/cli/Completions.ts,cli,/Users/pq/aikagan-web/.opencode/node_modules/effect/src/unstable/cli
Flag.ts,2026-09-06 17:28:07 +0000,2026-09-06 17:28:07 +0000,,Mpeg-2 Transport Stream,50 KB,1,/Users/pq/aikagan-web/.opencode/node_modules/effect/src/unstable/cli/Flag.ts,cli,/Users/pq/aikagan-web/.opencode/node_modules/effect/src/unstable/cli
GlobalFlag.ts,2026-09-06 17:28:07 +0000,2026-09-06 17:28:07 +0000,,Mpeg-2 Transport Stream,9 KB,1,/Users/pq/aikagan-web/.opencode/node_modules/effect/src/unstable/cli/GlobalFlag.ts,cli,/Users/pq/aikagan-web/.opencode/node_modules/effect/src/unstable/cli
HelpDoc.ts,2026-09-06 17:28:07 +0000,2026-09-06 17:28:07 +0000,,Mpeg-2 Transport Stream,8 KB,1,/Users/pq/aikagan-web/.opencode/node_modules/effect/src/unstable/cli/HelpDoc.ts,cli,/Users/pq/aikagan-web/.opencode/node_modules/effect/src/unstable/cli
Param.ts,2026-09-06 17:28:07 +0000,2026-09-06 17:28:07 +0000,,Mpeg-2 Transport Stream,86 KB,1,/Users/pq/aikagan-web/.opencode/node_modules/effect/src/unstable/cli/Param.ts,cli,/Users/pq/aikagan-web/.opencode/node_modules/effect/src/unstable/cli
Primitive.ts,2026-09-06 17:28:07 +0000,2026-09-06 17:28:07 +0000,,Mpeg-2 Transport Stream,23 KB,1,/Users/pq/aikagan-web/.opencode/node_modules/effect/src/unstable/cli/Primitive.ts,cli,/Users/pq/aikagan-web/.opencode/node_modules/effect/src/unstable/cli
Prompt.ts,2026-09-06 17:28:07 +0000,2026-09-06 17:28:07 +0000,,Mpeg-2 Transport Stream,119 KB,1,/Users/pq/aikagan-web/.opencode/node_modules/effect/src/unstable/cli/Prompt.ts,cli,/Users/pq/aikagan-web/.opencode/node_modules/effect/src/unstable/cli
index.ts,2026-09-06 17:28:07 +0000,2026-09-06 17:28:07 +0000,,Mpeg-2 Transport Stream,812 bytes,1,/Users/pq/aikagan-web/.opencode/node_modules/effect/src/unstable/cli/index.ts,cli,/Users/pq/aikagan-web/.opencode/node_modules/effect/src/unstable/cli
internal,2026-09-06 17:28:07 +0000,2026-09-06 17:28:07 +0000,,Folder,8 bytes,0,/Users/pq/aikagan-web/.opencode/node_modules/effect/src/unstable/cli/internal,cli,/Users/pq/aikagan-web/.opencode/node_modules/effect/src/unstable/cli/internal
ansi.ts,2026-09-06 17:28:07 +0000,2026-09-06 17:28:07 +0000,,Mpeg-2 Transport Stream,3 KB,1,/Users/pq/aikagan-web/.opencode/node_modules/effect/src/unstable/cli/internal/ansi.ts,internal,/Users/pq/aikagan-web/.opencode/node_modules/effect/src/unstable/cli/internal
auto-suggest.ts,2026-09-06 17:28:07 +0000,2026-09-06 17:28:07 +0000,,Mpeg-2 Transport Stream,1 KB,1,/Users/pq/aikagan-web/.opencode/node_modules/effect/src/unstable/cli/internal/auto-suggest.ts,internal,/Users/pq/aikagan-web/.opencode/node_modules/effect/src/unstable/cli/internal
command.ts,2026-09-06 17:28:07 +0000,2026-09-06 17:28:07 +0000,,Mpeg-2 Transport Stream,13 KB,1,/Users/pq/aikagan-web/.opencode/node_modules/effect/src/unstable/cli/internal/command.ts,internal,/Users/pq/aikagan-web/.opencode/node_modules/effect/src/unstable/cli/internal
config.ts,2026-09-06 17:28:07 +0000,2026-09-06 17:28:07 +0000,,Mpeg-2 Transport Stream,8 KB,1,/Users/pq/aikagan-web/.opencode/node_modules/effect/src/unstable/cli/internal/config.ts,internal,/Users/pq/aikagan-web/.opencode/node_modules/effect/src/unstable/cli/internal
help.ts,2026-09-06 17:28:07 +0000,2026-09-06 17:28:07 +0000,,Mpeg-2 Transport Stream,6 KB,1,/Users/pq/aikagan-web/.opencode/node_modules/effect/src/unstable/cli/internal/help.ts,internal,/Users/pq/aikagan-web/.opencode/node_modules/effect/src/unstable/cli/internal
lexer.ts,2026-09-06 17:28:07 +0000,2026-09-06 17:28:07 +0000,,Mpeg-2 Transport Stream,2 KB,1,/Users/pq/aikagan-web/.opencode/node_modules/effect/src/unstable/cli/internal/lexer.ts,internal,/Users/pq/aikagan-web/.opencode/node_modules/effect/src/unstable/cli/internal
parser.ts,2026-09-06 17:28:07 +0000,2026-09-06 17:28:07 +0000,,Mpeg-2 Transport Stream,29 KB,1,/Users/pq/aikagan-web/.opencode/node_modules/effect/src/unstable/cli/internal/parser.ts,internal,/Users/pq/aikagan-web/.opencode/node_modules/effect/src/unstable/cli/internal
completions,2026-09-06 17:28:08 +0000,2026-09-06 17:28:07 +0000,,Folder,4 bytes,0,/Users/pq/aikagan-web/.opencode/node_modules/effect/src/unstable/cli/internal/completions,internal,/Users/pq/aikagan-web/.opencode/node_modules/effect/src/unstable/cli/internal/completions
bash.ts,2026-09-06 17:28:07 +0000,2026-09-06 17:28:07 +0000,,Mpeg-2 Transport Stream,8 KB,1,/Users/pq/aikagan-web/.opencode/node_modules/effect/src/unstable/cli/internal/completions/bash.ts,completions,/Users/pq/aikagan-web/.opencode/node_modules/effect/src/unstable/cli/internal/completions
descriptor.ts,2026-09-06 17:28:07 +0000,2026-09-06 17:28:07 +0000,,Mpeg-2 Transport Stream,4 KB,1,/Users/pq/aikagan-web/.opencode/node_modules/effect/src/unstable/cli/internal/completions/descriptor.ts,completions,/Users/pq/aikagan-web/.opencode/node_modules/effect/src/unstable/cli/internal/completions
fish.ts,2026-09-06 17:28:07 +0000,2026-09-06 17:28:07 +0000,,Mpeg-2 Transport Stream,8 KB,1,/Users/pq/aikagan-web/.opencode/node_modules/effect/src/unstable/cli/internal/completions/fish.ts,completions,/Users/pq/aikagan-web/.opencode/node_modules/effect/src/unstable/cli/internal/completions
zsh.ts,2026-09-06 17:28:08 +0000,2026-09-06 17:28:08 +0000,,Mpeg-2 Transport Stream,7 KB,1,/Users/pq/aikagan-web/.opencode/node_modules/effect/src/unstable/cli/internal/completions/zsh.ts,completions,/Users/pq/aikagan-web/.opencode/node_modules/effect/src/unstable/cli/internal/completions
cluster,2026-09-06 17:28:08 +0000,2026-09-06 17:28:07 +0000,,Folder,40 bytes,0,/Users/pq/aikagan-web/.opencode/node_modules/effect/src/unstable/cluster,unstable,/Users/pq/aikagan-web/.opencode/node_modules/effect/src/unstable/cluster
ClusterCron.ts,2026-09-06 17:28:07 +0000,2026-09-06 17:28:07 +0000,,Mpeg-2 Transport Stream,6 KB,1,/Users/pq/aikagan-web/.opencode/node_modules/effect/src/unstable/cluster/ClusterCron.ts,cluster,/Users/pq/aikagan-web/.opencode/node_modules/effect/src/unstable/cluster
ClusterError.ts,2026-09-06 17:28:07 +0000,2026-09-06 17:28:07 +0000,,Mpeg-2 Transport Stream,8 KB,1,/Users/pq/aikagan-web/.opencode/node_modules/effect/src/unstable/cluster/ClusterError.ts,cluster,/Users/pq/aikagan-web/.opencode/node_modules/effect/src/unstable/cluster
ClusterMetrics.ts,2026-09-06 17:28:07 +0000,2026-09-06 17:28:07 +0000,,Mpeg-2 Transport Stream,4 KB,1,/Users/pq/aikagan-web/.opencode/node_modules/effect/src/unstable/cluster/ClusterMetrics.ts,cluster,/Users/pq/aikagan-web/.opencode/node_modules/effect/src/unstable/cluster
ClusterSchema.ts,2026-09-06 17:28:07 +0000,2026-09-06 17:28:07 +0000,,Mpeg-2 Transport Stream,6 KB,1,/Users/pq/aikagan-web/.opencode/node_modules/effect/src/unstable/cluster/ClusterSchema.ts,cluster,/Users/pq/aikagan-web/.opencode/node_modules/effect/src/unstable/cluster
ClusterWorkflowEngine.ts,2026-09-06 17:28:07 +0000,2026-09-06 17:28:07 +0000,,Mpeg-2 Transport Stream,27 KB,1,/Users/pq/aikagan-web/.opencode/node_modules/effect/src/unstable/cluster/ClusterWorkflowEngine.ts,cluster,/Users/pq/aikagan-web/.opencode/node_modules/effect/src/unstable/cluster
DeliverAt.ts,2026-09-06 17:28:07 +0000,2026-09-06 17:28:07 +0000,,Mpeg-2 Transport Stream,2 KB,1,/Users/pq/aikagan-web/.opencode/node_modules/effect/src/unstable/cluster/DeliverAt.ts,cluster,/Users/pq/aikagan-web/.opencode/node_modules/effect/src/unstable/cluster
Entity.ts,2026-09-06 17:28:07 +0000,2026-09-06 17:28:07 +0000,,Mpeg-2 Transport Stream,25 KB,1,/Users/pq/aikagan-web/.opencode/node_modules/effect/src/unstable/cluster/Entity.ts,cluster,/Users/pq/aikagan-web/.opencode/node_modules/effect/src/unstable/cluster
EntityAddress.ts,2026-09-06 17:28:07 +0000,2026-09-06 17:28:07 +0000,,Mpeg-2 Transport Stream,3 KB,1,/Users/pq/aikagan-web/.opencode/node_modules/effect/src/unstable/cluster/EntityAddress.ts,cluster,/Users/pq/aikagan-web/.opencode/node_modules/effect/src/unstable/cluster
EntityId.ts,2026-09-06 17:28:07 +0000,2026-09-06 17:28:07 +0000,,Mpeg-2 Transport Stream,2 KB,1,/Users/pq/aikagan-web/.opencode/node_modules/effect/src/unstable/cluster/EntityId.ts,cluster,/Users/pq/aikagan-web/.opencode/node_modules/effect/src/unstable/cluster
EntityProxy.ts,2026-09-06 17:28:07 +0000,2026-09-06 17:28:07 +0000,,Mpeg-2 Transport Stream,9 KB,1,/Users/pq/aikagan-web/.opencode/node_modules/effect/src/unstable/cluster/EntityProxy.ts,cluster,/Users/pq/aikagan-web/.opencode/node_modules/effect/src/unstable/cluster
EntityProxyServer.ts,2026-09-06 17:28:07 +0000,2026-09-06 17:28:07 +0000,,Mpeg-2 Transport Stream,6 KB,1,/Users/pq/aikagan-web/.opencode/node_modules/effect/src/unstable/cluster/EntityProxyServer.ts,cluster,/Users/pq/aikagan-web/.opencode/node_modules/effect/src/unstable/cluster
EntityResource.ts,2026-09-06 17:28:07 +0000,2026-09-06 17:28:07 +0000,,Mpeg-2 Transport Stream,6 KB,1,/Users/pq/aikagan-web/.opencode/node_modules/effect/src/unstable/cluster/EntityResource.ts,cluster,/Users/pq/aikagan-web/.opencode/node_modules/effect/src/unstable/cluster
EntityType.ts,2026-09-06 17:28:07 +0000,2026-09-06 17:28:07 +0000,,Mpeg-2 Transport Stream,2 KB,1,/Users/pq/aikagan-web/.opencode/node_modules/effect/src/unstable/cluster/EntityType.ts,cluster,/Users/pq/aikagan-web/.opencode/node_modules/effect/src/unstable/cluster
Envelope.ts,2026-09-06 17:28:07 +0000,2026-09-06 17:28:07 +0000,,Mpeg-2 Transport Stream,11 KB,1,/Users/pq/aikagan-web/.opencode/node_modules/effect/src/unstable/cluster/Envelope.ts,cluster,/Users/pq/aikagan-web/.opencode/node_modules/effect/src/unstable/cluster
HttpRunner.ts,2026-09-06 17:28:07 +0000,2026-09-06 17:28:07 +0000,,Mpeg-2 Transport Stream,11 KB,1,/Users/pq/aikagan-web/.opencode/node_modules/effect/src/unstable/cluster/HttpRunner.ts,cluster,/Users/pq/aikagan-web/.opencode/node_modules/effect/src/unstable/cluster
K8sHttpClient.ts,2026-09-06 17:28:07 +0000,2026-09-06 17:28:07 +0000,,Mpeg-2 Transport Stream,11 KB,1,/Users/pq/aikagan-web/.opencode/node_modules/effect/src/unstable/cluster/K8sHttpClient.ts,cluster,/Users/pq/aikagan-web/.opencode/node_modules/effect/src/unstable/cluster
MachineId.ts,2026-09-06 17:28:07 +0000,2026-09-06 17:28:07 +0000,,Mpeg-2 Transport Stream,2 KB,1,/Users/pq/aikagan-web/.opencode/node_modules/effect/src/unstable/cluster/MachineId.ts,cluster,/Users/pq/aikagan-web/.opencode/node_modules/effect/src/unstable/cluster
Message.ts,2026-09-06 17:28:07 +0000,2026-09-06 17:28:07 +0000,,Mpeg-2 Transport Stream,10 KB,1,/Users/pq/aikagan-web/.opencode/node_modules/effect/src/unstable/cluster/Message.ts,cluster,/Users/pq/aikagan-web/.opencode/node_modules/effect/src/unstable/cluster
MessageStorage.ts,2026-09-06 17:28:07 +0000,2026-09-06 17:28:07 +0000,,Mpeg-2 Transport Stream,35 KB,1,/Users/pq/aikagan-web/.opencode/node_modules/effect/src/unstable/cluster/MessageStorage.ts,cluster,/Users/pq/aikagan-web/.opencode/node_modules/effect/src/unstable/cluster
Reply.ts,2026-09-06 17:28:08 +0000,2026-09-06 17:28:08 +0000,,Mpeg-2 Transport Stream,13 KB,1,/Users/pq/aikagan-web/.opencode/node_modules/effect/src/unstable/cluster/Reply.ts,cluster,/Users/pq/aikagan-web/.opencode/node_modules/effect/src/unstable/cluster
Runner.ts,2026-09-06 17:28:08 +0000,2026-09-06 17:28:08 +0000,,Mpeg-2 Transport Stream,5 KB,1,/Users/pq/aikagan-web/.opencode/node_modules/effect/src/unstable/cluster/Runner.ts,cluster,/Users/pq/aikagan-web/.opencode/node_modules/effect/src/unstable/cluster
RunnerAddress.ts,2026-09-06 17:28:08 +0000,2026-09-06 17:28:08 +0000,,Mpeg-2 Transport Stream,4 KB,1,/Users/pq/aikagan-web/.opencode/node_modules/effect/src/unstable/cluster/RunnerAddress.ts,cluster,/Users/pq/aikagan-web/.opencode/node_modules/effect/src/unstable/cluster
RunnerHealth.ts,2026-09-06 17:28:08 +0000,2026-09-06 17:28:08 +0000,,Mpeg-2 Transport Stream,5 KB,1,/Users/pq/aikagan-web/.opencode/node_modules/effect/src/unstable/cluster/RunnerHealth.ts,cluster,/Users/pq/aikagan-web/.opencode/node_modules/effect/src/unstable/cluster
RunnerServer.ts,2026-09-06 17:28:08 +0000,2026-09-06 17:28:08 +0000,,Mpeg-2 Transport Stream,8 KB,1,/Users/pq/aikagan-web/.opencode/node_modules/effect/src/unstable/cluster/RunnerServer.ts,cluster,/Users/pq/aikagan-web/.opencode/node_modules/effect/src/unstable/cluster
RunnerStorage.ts,2026-09-06 17:28:08 +0000,2026-09-06 17:28:08 +0000,,Mpeg-2 Transport Stream,9 KB,1,/Users/pq/aikagan-web/.opencode/node_modules/effect/src/unstable/cluster/RunnerStorage.ts,cluster,/Users/pq/aikagan-web/.opencode/node_modules/effect/src/unstable/cluster
Runners.ts,2026-09-06 17:28:08 +0000,2026-09-06 17:28:08 +0000,,Mpeg-2 Transport Stream,24 KB,1,/Users/pq/aikagan-web/.opencode/node_modules/effect/src/unstable/cluster/Runners.ts,cluster,/Users/pq/aikagan-web/.opencode/node_modules/effect/src/unstable/cluster
ShardId.ts,2026-09-06 17:28:08 +0000,2026-09-06 17:28:08 +0000,,Mpeg-2 Transport Stream,5 KB,1,/Users/pq/aikagan-web/.opencode/node_modules/effect/src/unstable/cluster/ShardId.ts,cluster,/Users/pq/aikagan-web/.opencode/node_modules/effect/src/unstable/cluster
Sharding.ts,2026-09-06 17:28:08 +0000,2026-09-06 17:28:08 +0000,,Mpeg-2 Transport Stream,56 KB,1,/Users/pq/aikagan-web/.opencode/node_modules/effect/src/unstable/cluster/Sharding.ts,cluster,/Users/pq/aikagan-web/.opencode/node_modules/effect/src/unstable/cluster
ShardingConfig.ts,2026-09-06 17:28:08 +0000,2026-09-06 17:28:08 +0000,,Mpeg-2 Transport Stream,15 KB,1,/Users/pq/aikagan-web/.opencode/node_modules/effect/src/unstable/cluster/ShardingConfig.ts,cluster,/Users/pq/aikagan-web/.opencode/node_modules/effect/src/unstable/cluster
ShardingRegistrationEvent.ts,2026-09-06 17:28:08 +0000,2026-09-06 17:28:08 +0000,,Mpeg-2 Transport Stream,3 KB,1,/Users/pq/aikagan-web/.opencode/node_modules/effect/src/unstable/cluster/ShardingRegistrationEvent.ts,cluster,/Users/pq/aikagan-web/.opencode/node_modules/effect/src/unstable/cluster
SingleRunner.ts,2026-09-06 17:28:08 +0000,2026-09-06 17:28:08 +0000,,Mpeg-2 Transport Stream,4 KB,1,/Users/pq/aikagan-web/.opencode/node_modules/effect/src/unstable/cluster/SingleRunner.ts,cluster,/Users/pq/aikagan-web/.opencode/node_modules/effect/src/unstable/cluster
Singleton.ts,2026-09-06 17:28:08 +0000,2026-09-06 17:28:08 +0000,,Mpeg-2 Transport Stream,3 KB,1,/Users/pq/aikagan-web/.opencode/node_modules/effect/src/unstable/cluster/Singleton.ts,cluster,/Users/pq/aikagan-web/.opencode/node_modules/effect/src/unstable/cluster
SingletonAddress.ts,2026-09-06 17:28:08 +0000,2026-09-06 17:28:08 +0000,,Mpeg-2 Transport Stream,2 KB,1,/Users/pq/aikagan-web/.opencode/node_modules/effect/src/unstable/cluster/SingletonAddress.ts,cluster,/Users/pq/aikagan-web/.opencode/node_modules/effect/src/unstable/cluster
Snowflake.ts,2026-09-06 17:28:08 +0000,2026-09-06 17:28:08 +0000,,Mpeg-2 Transport Stream,8 KB,1,/Users/pq/aikagan-web/.opencode/node_modules/effect/src/unstable/cluster/Snowflake.ts,cluster,/Users/pq/aikagan-web/.opencode/node_modules/effect/src/unstable/cluster
SocketRunner.ts,2026-09-06 17:28:08 +0000,2026-09-06 17:28:08 +0000,,Mpeg-2 Transport Stream,4 KB,1,/Users/pq/aikagan-web/.opencode/node_modules/effect/src/unstable/cluster/SocketRunner.ts,cluster,/Users/pq/aikagan-web/.opencode/node_modules/effect/src/unstable/cluster
SqlMessageStorage.ts,2026-09-06 17:28:08 +0000,2026-09-06 17:28:08 +0000,,Mpeg-2 Transport Stream,38 KB,1,/Users/pq/aikagan-web/.opencode/node_modules/effect/src/unstable/cluster/SqlMessageStorage.ts,cluster,/Users/pq/aikagan-web/.opencode/node_modules/effect/src/unstable/cluster
SqlRunnerStorage.ts,2026-09-06 17:28:08 +0000,2026-09-06 17:28:08 +0000,,Mpeg-2 Transport Stream,28 KB,1,/Users/pq/aikagan-web/.opencode/node_modules/effect/src/unstable/cluster/SqlRunnerStorage.ts,cluster,/Users/pq/aikagan-web/.opencode/node_modules/effect/src/unstable/cluster
TestRunner.ts,2026-09-06 17:28:08 +0000,2026-09-06 17:28:08 +0000,,Mpeg-2 Transport Stream,2 KB,1,/Users/pq/aikagan-web/.opencode/node_modules/effect/src/unstable/cluster/TestRunner.ts,cluster,/Users/pq/aikagan-web/.opencode/node_modules/effect/src/unstable/cluster
index.ts,2026-09-06 17:28:07 +0000,2026-09-06 17:28:07 +0000,,Mpeg-2 Transport Stream,3 KB,1,/Users/pq/aikagan-web/.opencode/node_modules/effect/src/unstable/cluster/index.ts,cluster,/Users/pq/aikagan-web/.opencode/node_modules/effect/src/unstable/cluster
internal,2026-09-06 17:28:08 +0000,2026-09-06 17:28:07 +0000,,Folder,6 bytes,0,/Users/pq/aikagan-web/.opencode/node_modules/effect/src/unstable/cluster/internal,cluster,/Users/pq/aikagan-web/.opencode/node_modules/effect/src/unstable/cluster/internal
entityManager.ts,2026-09-06 17:28:07 +0000,2026-09-06 17:28:07 +0000,,Mpeg-2 Transport Stream,25 KB,1,/Users/pq/aikagan-web/.opencode/node_modules/effect/src/unstable/cluster/internal/entityManager.ts,internal,/Users/pq/aikagan-web/.opencode/node_modules/effect/src/unstable/cluster/internal
entityReaper.ts,2026-09-06 17:28:07 +0000,2026-09-06 17:28:07 +0000,,Mpeg-2 Transport Stream,2 KB,1,/Users/pq/aikagan-web/.opencode/node_modules/effect/src/unstable/cluster/internal/entityReaper.ts,internal,/Users/pq/aikagan-web/.opencode/node_modules/effect/src/unstable/cluster/internal
hash.ts,2026-09-06 17:28:07 +0000,2026-09-06 17:28:07 +0000,,Mpeg-2 Transport Stream,820 bytes,1,/Users/pq/aikagan-web/.opencode/node_modules/effect/src/unstable/cluster/internal/hash.ts,internal,/Users/pq/aikagan-web/.opencode/node_modules/effect/src/unstable/cluster/internal
interruptors.ts,2026-09-06 17:28:07 +0000,2026-09-06 17:28:07 +0000,,Mpeg-2 Transport Stream,71 bytes,1,/Users/pq/aikagan-web/.opencode/node_modules/effect/src/unstable/cluster/internal/interruptors.ts,internal,/Users/pq/aikagan-web/.opencode/node_modules/effect/src/unstable/cluster/internal
resourceMap.ts,2026-09-06 17:28:08 +0000,2026-09-06 17:28:08 +0000,,Mpeg-2 Transport Stream,3 KB,1,/Users/pq/aikagan-web/.opencode/node_modules/effect/src/unstable/cluster/internal/resourceMap.ts,internal,/Users/pq/aikagan-web/.opencode/node_modules/effect/src/unstable/cluster/internal
resourceRef.ts,2026-09-06 17:28:08 +0000,2026-09-06 17:28:08 +0000,,Mpeg-2 Transport Stream,3 KB,1,/Users/pq/aikagan-web/.opencode/node_modules/effect/src/unstable/cluster/internal/resourceRef.ts,internal,/Users/pq/aikagan-web/.opencode/node_modules/effect/src/unstable/cluster/internal
devtools,2026-09-06 17:28:07 +0000,2026-09-06 17:28:07 +0000,,Folder,5 bytes,0,/Users/pq/aikagan-web/.opencode/node_modules/effect/src/unstable/devtools,unstable,/Users/pq/aikagan-web/.opencode/node_modules/effect/src/unstable/devtools
DevTools.ts,2026-09-06 17:28:07 +0000,2026-09-06 17:28:07 +0000,,Mpeg-2 Transport Stream,3 KB,1,/Users/pq/aikagan-web/.opencode/node_modules/effect/src/unstable/devtools/DevTools.ts,devtools,/Users/pq/aikagan-web/.opencode/node_modules/effect/src/unstable/devtools
DevToolsClient.ts,2026-09-06 17:28:07 +0000,2026-09-06 17:28:07 +0000,,Mpeg-2 Transport Stream,8 KB,1,/Users/pq/aikagan-web/.opencode/node_modules/effect/src/unstable/devtools/DevToolsClient.ts,devtools,/Users/pq/aikagan-web/.opencode/node_modules/effect/src/unstable/devtools
DevToolsSchema.ts,2026-09-06 17:28:07 +0000,2026-09-06 17:28:07 +0000,,Mpeg-2 Transport Stream,14 KB,1,/Users/pq/aikagan-web/.opencode/node_modules/effect/src/unstable/devtools/DevToolsSchema.ts,devtools,/Users/pq/aikagan-web/.opencode/node_modules/effect/src/unstable/devtools
DevToolsServer.ts,2026-09-06 17:28:07 +0000,2026-09-06 17:28:07 +0000,,Mpeg-2 Transport Stream,3 KB,1,/Users/pq/aikagan-web/.opencode/node_modules/effect/src/unstable/devtools/DevToolsServer.ts,devtools,/Users/pq/aikagan-web/.opencode/node_modules/effect/src/unstable/devtools
index.ts,2026-09-06 17:28:07 +0000,2026-09-06 17:28:07 +0000,,Mpeg-2 Transport Stream,387 bytes,1,/Users/pq/aikagan-web/.opencode/node_modules/effect/src/unstable/devtools/index.ts,devtools,/Users/pq/aikagan-web/.opencode/node_modules/effect/src/unstable/devtools
encoding,2026-09-06 17:28:08 +0000,2026-09-06 17:28:07 +0000,,Folder,4 bytes,0,/Users/pq/aikagan-web/.opencode/node_modules/effect/src/unstable/encoding,unstable,/Users/pq/aikagan-web/.opencode/node_modules/effect/src/unstable/encoding
Msgpack.ts,2026-09-06 17:28:07 +0000,2026-09-06 17:28:07 +0000,,Mpeg-2 Transport Stream,13 KB,1,/Users/pq/aikagan-web/.opencode/node_modules/effect/src/unstable/encoding/Msgpack.ts,encoding,/Users/pq/aikagan-web/.opencode/node_modules/effect/src/unstable/encoding
Ndjson.ts,2026-09-06 17:28:07 +0000,2026-09-06 17:28:07 +0000,,Mpeg-2 Transport Stream,19 KB,1,/Users/pq/aikagan-web/.opencode/node_modules/effect/src/unstable/encoding/Ndjson.ts,encoding,/Users/pq/aikagan-web/.opencode/node_modules/effect/src/unstable/encoding
Sse.ts,2026-09-06 17:28:08 +0000,2026-09-06 17:28:08 +0000,,Mpeg-2 Transport Stream,16 KB,1,/Users/pq/aikagan-web/.opencode/node_modules/effect/src/unstable/encoding/Sse.ts,encoding,/Users/pq/aikagan-web/.opencode/node_modules/effect/src/unstable/encoding
index.ts,2026-09-06 17:28:07 +0000,2026-09-06 17:28:07 +0000,,Mpeg-2 Transport Stream,268 bytes,1,/Users/pq/aikagan-web/.opencode/node_modules/effect/src/unstable/encoding/index.ts,encoding,/Users/pq/aikagan-web/.opencode/node_modules/effect/src/unstable/encoding
eventlog,2026-09-06 17:28:08 +0000,2026-09-06 17:28:07 +0000,,Folder,16 bytes,0,/Users/pq/aikagan-web/.opencode/node_modules/effect/src/unstable/eventlog,unstable,/Users/pq/aikagan-web/.opencode/node_modules/effect/src/unstable/eventlog
Event.ts,2026-09-06 17:28:07 +0000,2026-09-06 17:28:07 +0000,,Mpeg-2 Transport Stream,12 KB,1,/Users/pq/aikagan-web/.opencode/node_modules/effect/src/unstable/eventlog/Event.ts,eventlog,/Users/pq/aikagan-web/.opencode/node_modules/effect/src/unstable/eventlog
EventGroup.ts,2026-09-06 17:28:07 +0000,2026-09-06 17:28:07 +0000,,Mpeg-2 Transport Stream,6 KB,1,/Users/pq/aikagan-web/.opencode/node_modules/effect/src/unstable/eventlog/EventGroup.ts,eventlog,/Users/pq/aikagan-web/.opencode/node_modules/effect/src/unstable/eventlog
EventJournal.ts,2026-09-06 17:28:07 +0000,2026-09-06 17:28:07 +0000,,Mpeg-2 Transport Stream,27 KB,1,/Users/pq/aikagan-web/.opencode/node_modules/effect/src/unstable/eventlog/EventJournal.ts,eventlog,/Users/pq/aikagan-web/.opencode/node_modules/effect/src/unstable/eventlog
EventLog.ts,2026-09-06 17:28:07 +0000,2026-09-06 17:28:07 +0000,,Mpeg-2 Transport Stream,34 KB,1,/Users/pq/aikagan-web/.opencode/node_modules/effect/src/unstable/eventlog/EventLog.ts,eventlog,/Users/pq/aikagan-web/.opencode/node_modules/effect/src/unstable/eventlog
EventLogEncryption.ts,2026-09-06 17:28:07 +0000,2026-09-06 17:28:07 +0000,,Mpeg-2 Transport Stream,7 KB,1,/Users/pq/aikagan-web/.opencode/node_modules/effect/src/unstable/eventlog/EventLogEncryption.ts,eventlog,/Users/pq/aikagan-web/.opencode/node_modules/effect/src/unstable/eventlog
EventLogMessage.ts,2026-09-06 17:28:07 +0000,2026-09-06 17:28:07 +0000,,Mpeg-2 Transport Stream,11 KB,1,/Users/pq/aikagan-web/.opencode/node_modules/effect/src/unstable/eventlog/EventLogMessage.ts,eventlog,/Users/pq/aikagan-web/.opencode/node_modules/effect/src/unstable/eventlog
EventLogRemote.ts,2026-09-06 17:28:07 +0000,2026-09-06 17:28:07 +0000,,Mpeg-2 Transport Stream,13 KB,1,/Users/pq/aikagan-web/.opencode/node_modules/effect/src/unstable/eventlog/EventLogRemote.ts,eventlog,/Users/pq/aikagan-web/.opencode/node_modules/effect/src/unstable/eventlog
EventLogServer.ts,2026-09-06 17:28:07 +0000,2026-09-06 17:28:07 +0000,,Mpeg-2 Transport Stream,9 KB,1,/Users/pq/aikagan-web/.opencode/node_modules/effect/src/unstable/eventlog/EventLogServer.ts,eventlog,/Users/pq/aikagan-web/.opencode/node_modules/effect/src/unstable/eventlog
EventLogServerEncrypted.ts,2026-09-06 17:28:07 +0000,2026-09-06 17:28:07 +0000,,Mpeg-2 Transport Stream,10 KB,1,/Users/pq/aikagan-web/.opencode/node_modules/effect/src/unstable/eventlog/EventLogServerEncrypted.ts,eventlog,/Users/pq/aikagan-web/.opencode/node_modules/effect/src/unstable/eventlog
EventLogServerUnencrypted.ts,2026-09-06 17:28:07 +0000,2026-09-06 17:28:07 +0000,,Mpeg-2 Transport Stream,31 KB,1,/Users/pq/aikagan-web/.opencode/node_modules/effect/src/unstable/eventlog/EventLogServerUnencrypted.ts,eventlog,/Users/pq/aikagan-web/.opencode/node_modules/effect/src/unstable/eventlog
EventLogSessionAuth.ts,2026-09-06 17:28:07 +0000,2026-09-06 17:28:07 +0000,,Mpeg-2 Transport Stream,16 KB,1,/Users/pq/aikagan-web/.opencode/node_modules/effect/src/unstable/eventlog/EventLogSessionAuth.ts,eventlog,/Users/pq/aikagan-web/.opencode/node_modules/effect/src/unstable/eventlog
SqlEventJournal.ts,2026-09-06 17:28:08 +0000,2026-09-06 17:28:08 +0000,,Mpeg-2 Transport Stream,13 KB,1,/Users/pq/aikagan-web/.opencode/node_modules/effect/src/unstable/eventlog/SqlEventJournal.ts,eventlog,/Users/pq/aikagan-web/.opencode/node_modules/effect/src/unstable/eventlog
SqlEventLogServerEncrypted.ts,2026-09-06 17:28:08 +0000,2026-09-06 17:28:08 +0000,,Mpeg-2 Transport Stream,14 KB,1,/Users/pq/aikagan-web/.opencode/node_modules/effect/src/unstable/eventlog/SqlEventLogServerEncrypted.ts,eventlog,/Users/pq/aikagan-web/.opencode/node_modules/effect/src/unstable/eventlog
SqlEventLogServerUnencrypted.ts,2026-09-06 17:28:08 +0000,2026-09-06 17:28:08 +0000,,Mpeg-2 Transport Stream,19 KB,1,/Users/pq/aikagan-web/.opencode/node_modules/effect/src/unstable/eventlog/SqlEventLogServerUnencrypted.ts,eventlog,/Users/pq/aikagan-web/.opencode/node_modules/effect/src/unstable/eventlog
index.ts,2026-09-06 17:28:07 +0000,2026-09-06 17:28:07 +0000,,Mpeg-2 Transport Stream,1 KB,1,/Users/pq/aikagan-web/.opencode/node_modules/effect/src/unstable/eventlog/index.ts,eventlog,/Users/pq/aikagan-web/.opencode/node_modules/effect/src/unstable/eventlog
internal,2026-09-06 17:28:07 +0000,2026-09-06 17:28:07 +0000,,Folder,1 byte,0,/Users/pq/aikagan-web/.opencode/node_modules/effect/src/unstable/eventlog/internal,eventlog,/Users/pq/aikagan-web/.opencode/node_modules/effect/src/unstable/eventlog/internal
identityRootSecretDerivation.ts,2026-09-06 17:28:07 +0000,2026-09-06 17:28:07 +0000,,Mpeg-2 Transport Stream,5 KB,1,/Users/pq/aikagan-web/.opencode/node_modules/effect/src/unstable/eventlog/internal/identityRootSecretDerivation.ts,internal,/Users/pq/aikagan-web/.opencode/node_modules/effect/src/unstable/eventlog/internal
http,2026-09-06 17:28:08 +0000,2026-09-06 17:28:07 +0000,,Folder,31 bytes,0,/Users/pq/aikagan-web/.opencode/node_modules/effect/src/unstable/http,unstable,/Users/pq/aikagan-web/.opencode/node_modules/effect/src/unstable/http
Cookies.ts,2026-09-06 17:28:07 +0000,2026-09-06 17:28:07 +0000,,Mpeg-2 Transport Stream,31 KB,1,/Users/pq/aikagan-web/.opencode/node_modules/effect/src/unstable/http/Cookies.ts,http,/Users/pq/aikagan-web/.opencode/node_modules/effect/src/unstable/http
Etag.ts,2026-09-06 17:28:07 +0000,2026-09-06 17:28:07 +0000,,Mpeg-2 Transport Stream,5 KB,1,/Users/pq/aikagan-web/.opencode/node_modules/effect/src/unstable/http/Etag.ts,http,/Users/pq/aikagan-web/.opencode/node_modules/effect/src/unstable/http
FetchHttpClient.ts,2026-09-06 17:28:07 +0000,2026-09-06 17:28:07 +0000,,Mpeg-2 Transport Stream,5 KB,1,/Users/pq/aikagan-web/.opencode/node_modules/effect/src/unstable/http/FetchHttpClient.ts,http,/Users/pq/aikagan-web/.opencode/node_modules/effect/src/unstable/http
FindMyWay.ts,2026-09-06 17:28:07 +0000,2026-09-06 17:28:07 +0000,,Mpeg-2 Transport Stream,104 bytes,1,/Users/pq/aikagan-web/.opencode/node_modules/effect/src/unstable/http/FindMyWay.ts,http,/Users/pq/aikagan-web/.opencode/node_modules/effect/src/unstable/http
Headers.ts,2026-09-06 17:28:07 +0000,2026-09-06 17:28:07 +0000,,Mpeg-2 Transport Stream,21 KB,1,/Users/pq/aikagan-web/.opencode/node_modules/effect/src/unstable/http/Headers.ts,http,/Users/pq/aikagan-web/.opencode/node_modules/effect/src/unstable/http
HttpBody.ts,2026-09-06 17:28:07 +0000,2026-09-06 17:28:07 +0000,,Mpeg-2 Transport Stream,16 KB,1,/Users/pq/aikagan-web/.opencode/node_modules/effect/src/unstable/http/HttpBody.ts,http,/Users/pq/aikagan-web/.opencode/node_modules/effect/src/unstable/http
HttpClient.ts,2026-09-06 17:28:07 +0000,2026-09-06 17:28:07 +0000,,Mpeg-2 Transport Stream,66 KB,1,/Users/pq/aikagan-web/.opencode/node_modules/effect/src/unstable/http/HttpClient.ts,http,/Users/pq/aikagan-web/.opencode/node_modules/effect/src/unstable/http
HttpClientError.ts,2026-09-06 17:28:07 +0000,2026-09-06 17:28:07 +0000,,Mpeg-2 Transport Stream,10 KB,1,/Users/pq/aikagan-web/.opencode/node_modules/effect/src/unstable/http/HttpClientError.ts,http,/Users/pq/aikagan-web/.opencode/node_modules/effect/src/unstable/http
HttpClientRequest.ts,2026-09-06 17:28:07 +0000,2026-09-06 17:28:07 +0000,,Mpeg-2 Transport Stream,37 KB,1,/Users/pq/aikagan-web/.opencode/node_modules/effect/src/unstable/http/HttpClientRequest.ts,http,/Users/pq/aikagan-web/.opencode/node_modules/effect/src/unstable/http
HttpClientResponse.ts,2026-09-06 17:28:07 +0000,2026-09-06 17:28:07 +0000,,Mpeg-2 Transport Stream,15 KB,1,/Users/pq/aikagan-web/.opencode/node_modules/effect/src/unstable/http/HttpClientResponse.ts,http,/Users/pq/aikagan-web/.opencode/node_modules/effect/src/unstable/http
HttpEffect.ts,2026-09-06 17:28:07 +0000,2026-09-06 17:28:07 +0000,,Mpeg-2 Transport Stream,17 KB,1,/Users/pq/aikagan-web/.opencode/node_modules/effect/src/unstable/http/HttpEffect.ts,http,/Users/pq/aikagan-web/.opencode/node_modules/effect/src/unstable/http
HttpIncomingMessage.ts,2026-09-06 17:28:07 +0000,2026-09-06 17:28:07 +0000,,Mpeg-2 Transport Stream,6 KB,1,/Users/pq/aikagan-web/.opencode/node_modules/effect/src/unstable/http/HttpIncomingMessage.ts,http,/Users/pq/aikagan-web/.opencode/node_modules/effect/src/unstable/http
HttpMethod.ts,2026-09-06 17:28:07 +0000,2026-09-06 17:28:07 +0000,,Mpeg-2 Transport Stream,4 KB,1,/Users/pq/aikagan-web/.opencode/node_modules/effect/src/unstable/http/HttpMethod.ts,http,/Users/pq/aikagan-web/.opencode/node_modules/effect/src/unstable/http
HttpMiddleware.ts,2026-09-06 17:28:07 +0000,2026-09-06 17:28:07 +0000,,Mpeg-2 Transport Stream,15 KB,1,/Users/pq/aikagan-web/.opencode/node_modules/effect/src/unstable/http/HttpMiddleware.ts,http,/Users/pq/aikagan-web/.opencode/node_modules/effect/src/unstable/http
HttpPlatform.ts,2026-09-06 17:28:07 +0000,2026-09-06 17:28:07 +0000,,Mpeg-2 Transport Stream,6 KB,1,/Users/pq/aikagan-web/.opencode/node_modules/effect/src/unstable/http/HttpPlatform.ts,http,/Users/pq/aikagan-web/.opencode/node_modules/effect/src/unstable/http
HttpRouter.ts,2026-09-06 17:28:07 +0000,2026-09-06 17:28:07 +0000,,Mpeg-2 Transport Stream,45 KB,1,/Users/pq/aikagan-web/.opencode/node_modules/effect/src/unstable/http/HttpRouter.ts,http,/Users/pq/aikagan-web/.opencode/node_modules/effect/src/unstable/http
HttpServer.ts,2026-09-06 17:28:07 +0000,2026-09-06 17:28:07 +0000,,Mpeg-2 Transport Stream,14 KB,1,/Users/pq/aikagan-web/.opencode/node_modules/effect/src/unstable/http/HttpServer.ts,http,/Users/pq/aikagan-web/.opencode/node_modules/effect/src/unstable/http
HttpServerError.ts,2026-09-06 17:28:07 +0000,2026-09-06 17:28:07 +0000,,Mpeg-2 Transport Stream,12 KB,1,/Users/pq/aikagan-web/.opencode/node_modules/effect/src/unstable/http/HttpServerError.ts,http,/Users/pq/aikagan-web/.opencode/node_modules/effect/src/unstable/http
HttpServerRequest.ts,2026-09-06 17:28:07 +0000,2026-09-06 17:28:07 +0000,,Mpeg-2 Transport Stream,33 KB,1,/Users/pq/aikagan-web/.opencode/node_modules/effect/src/unstable/http/HttpServerRequest.ts,http,/Users/pq/aikagan-web/.opencode/node_modules/effect/src/unstable/http
HttpServerRespondable.ts,2026-09-06 17:28:07 +0000,2026-09-06 17:28:07 +0000,,Mpeg-2 Transport Stream,5 KB,1,/Users/pq/aikagan-web/.opencode/node_modules/effect/src/unstable/http/HttpServerRespondable.ts,http,/Users/pq/aikagan-web/.opencode/node_modules/effect/src/unstable/http
HttpServerResponse.ts,2026-09-06 17:28:07 +0000,2026-09-06 17:28:07 +0000,,Mpeg-2 Transport Stream,47 KB,1,/Users/pq/aikagan-web/.opencode/node_modules/effect/src/unstable/http/HttpServerResponse.ts,http,/Users/pq/aikagan-web/.opencode/node_modules/effect/src/unstable/http
HttpStaticServer.ts,2026-09-06 17:28:07 +0000,2026-09-06 17:28:07 +0000,,Mpeg-2 Transport Stream,16 KB,1,/Users/pq/aikagan-web/.opencode/node_modules/effect/src/unstable/http/HttpStaticServer.ts,http,/Users/pq/aikagan-web/.opencode/node_modules/effect/src/unstable/http
HttpTraceContext.ts,2026-09-06 17:28:07 +0000,2026-09-06 17:28:07 +0000,,Mpeg-2 Transport Stream,5 KB,1,/Users/pq/aikagan-web/.opencode/node_modules/effect/src/unstable/http/HttpTraceContext.ts,http,/Users/pq/aikagan-web/.opencode/node_modules/effect/src/unstable/http
Multipart.ts,2026-09-06 17:28:07 +0000,2026-09-06 17:28:07 +0000,,Mpeg-2 Transport Stream,24 KB,1,/Users/pq/aikagan-web/.opencode/node_modules/effect/src/unstable/http/Multipart.ts,http,/Users/pq/aikagan-web/.opencode/node_modules/effect/src/unstable/http
Multipasta.ts,2026-09-06 17:28:07 +0000,2026-09-06 17:28:07 +0000,,Mpeg-2 Transport Stream,100 bytes,1,/Users/pq/aikagan-web/.opencode/node_modules/effect/src/unstable/http/Multipasta.ts,http,/Users/pq/aikagan-web/.opencode/node_modules/effect/src/unstable/http
Template.ts,2026-09-06 17:28:08 +0000,2026-09-06 17:28:08 +0000,,Mpeg-2 Transport Stream,8 KB,1,/Users/pq/aikagan-web/.opencode/node_modules/effect/src/unstable/http/Template.ts,http,/Users/pq/aikagan-web/.opencode/node_modules/effect/src/unstable/http
Url.ts,2026-09-06 17:28:08 +0000,2026-09-06 17:28:08 +0000,,Mpeg-2 Transport Stream,18 KB,1,/Users/pq/aikagan-web/.opencode/node_modules/effect/src/unstable/http/Url.ts,http,/Users/pq/aikagan-web/.opencode/node_modules/effect/src/unstable/http
UrlParams.ts,2026-09-06 17:28:08 +0000,2026-09-06 17:28:08 +0000,,Mpeg-2 Transport Stream,23 KB,1,/Users/pq/aikagan-web/.opencode/node_modules/effect/src/unstable/http/UrlParams.ts,http,/Users/pq/aikagan-web/.opencode/node_modules/effect/src/unstable/http
index.ts,2026-09-06 17:28:07 +0000,2026-09-06 17:28:07 +0000,,Mpeg-2 Transport Stream,2 KB,1,/Users/pq/aikagan-web/.opencode/node_modules/effect/src/unstable/http/index.ts,http,/Users/pq/aikagan-web/.opencode/node_modules/effect/src/unstable/http
Multipasta,2026-09-06 17:28:08 +0000,2026-09-06 17:28:07 +0000,,Folder,4 bytes,0,/Users/pq/aikagan-web/.opencode/node_modules/effect/src/unstable/http/Multipasta,http,/Users/pq/aikagan-web/.opencode/node_modules/effect/src/unstable/http/Multipasta
HeadersParser.ts,2026-09-06 17:28:07 +0000,2026-09-06 17:28:07 +0000,,Mpeg-2 Transport Stream,114 bytes,1,/Users/pq/aikagan-web/.opencode/node_modules/effect/src/unstable/http/Multipasta/HeadersParser.ts,Multipasta,/Users/pq/aikagan-web/.opencode/node_modules/effect/src/unstable/http/Multipasta
Node.ts,2026-09-06 17:28:07 +0000,2026-09-06 17:28:07 +0000,,Mpeg-2 Transport Stream,105 bytes,1,/Users/pq/aikagan-web/.opencode/node_modules/effect/src/unstable/http/Multipasta/Node.ts,Multipasta,/Users/pq/aikagan-web/.opencode/node_modules/effect/src/unstable/http/Multipasta
Search.ts,2026-09-06 17:28:08 +0000,2026-09-06 17:28:08 +0000,,Mpeg-2 Transport Stream,107 bytes,1,/Users/pq/aikagan-web/.opencode/node_modules/effect/src/unstable/http/Multipasta/Search.ts,Multipasta,/Users/pq/aikagan-web/.opencode/node_modules/effect/src/unstable/http/Multipasta
Web.ts,2026-09-06 17:28:08 +0000,2026-09-06 17:28:08 +0000,,Mpeg-2 Transport Stream,104 bytes,1,/Users/pq/aikagan-web/.opencode/node_modules/effect/src/unstable/http/Multipasta/Web.ts,Multipasta,/Users/pq/aikagan-web/.opencode/node_modules/effect/src/unstable/http/Multipasta
internal,2026-09-06 17:28:07 +0000,2026-09-06 17:28:07 +0000,,Folder,1 byte,0,/Users/pq/aikagan-web/.opencode/node_modules/effect/src/unstable/http/internal,http,/Users/pq/aikagan-web/.opencode/node_modules/effect/src/unstable/http/internal
preResponseHandler.ts,2026-09-06 17:28:07 +0000,2026-09-06 17:28:07 +0000,,Mpeg-2 Transport Stream,688 bytes,1,/Users/pq/aikagan-web/.opencode/node_modules/effect/src/unstable/http/internal/preResponseHandler.ts,internal,/Users/pq/aikagan-web/.opencode/node_modules/effect/src/unstable/http/internal
httpapi,2026-09-06 17:28:07 +0000,2026-09-06 17:28:07 +0000,,Folder,15 bytes,0,/Users/pq/aikagan-web/.opencode/node_modules/effect/src/unstable/httpapi,unstable,/Users/pq/aikagan-web/.opencode/node_modules/effect/src/unstable/httpapi
HttpApi.ts,2026-09-06 17:28:07 +0000,2026-09-06 17:28:07 +0000,,Mpeg-2 Transport Stream,11 KB,1,/Users/pq/aikagan-web/.opencode/node_modules/effect/src/unstable/httpapi/HttpApi.ts,httpapi,/Users/pq/aikagan-web/.opencode/node_modules/effect/src/unstable/httpapi
HttpApiBuilder.ts,2026-09-06 17:28:07 +0000,2026-09-06 17:28:07 +0000,,Mpeg-2 Transport Stream,30 KB,1,/Users/pq/aikagan-web/.opencode/node_modules/effect/src/unstable/httpapi/HttpApiBuilder.ts,httpapi,/Users/pq/aikagan-web/.opencode/node_modules/effect/src/unstable/httpapi
HttpApiClient.ts,2026-09-06 17:28:07 +0000,2026-09-06 17:28:07 +0000,,Mpeg-2 Transport Stream,30 KB,1,/Users/pq/aikagan-web/.opencode/node_modules/effect/src/unstable/httpapi/HttpApiClient.ts,httpapi,/Users/pq/aikagan-web/.opencode/node_modules/effect/src/unstable/httpapi
HttpApiEndpoint.ts,2026-09-06 17:28:07 +0000,2026-09-06 17:28:07 +0000,,Mpeg-2 Transport Stream,39 KB,1,/Users/pq/aikagan-web/.opencode/node_modules/effect/src/unstable/httpapi/HttpApiEndpoint.ts,httpapi,/Users/pq/aikagan-web/.opencode/node_modules/effect/src/unstable/httpapi
HttpApiError.ts,2026-09-06 17:28:07 +0000,2026-09-06 17:28:07 +0000,,Mpeg-2 Transport Stream,15 KB,1,/Users/pq/aikagan-web/.opencode/node_modules/effect/src/unstable/httpapi/HttpApiError.ts,httpapi,/Users/pq/aikagan-web/.opencode/node_modules/effect/src/unstable/httpapi
HttpApiGroup.ts,2026-09-06 17:28:07 +0000,2026-09-06 17:28:07 +0000,,Mpeg-2 Transport Stream,13 KB,1,/Users/pq/aikagan-web/.opencode/node_modules/effect/src/unstable/httpapi/HttpApiGroup.ts,httpapi,/Users/pq/aikagan-web/.opencode/node_modules/effect/src/unstable/httpapi
HttpApiMiddleware.ts,2026-09-06 17:28:07 +0000,2026-09-06 17:28:07 +0000,,Mpeg-2 Transport Stream,17 KB,1,/Users/pq/aikagan-web/.opencode/node_modules/effect/src/unstable/httpapi/HttpApiMiddleware.ts,httpapi,/Users/pq/aikagan-web/.opencode/node_modules/effect/src/unstable/httpapi
HttpApiScalar.ts,2026-09-06 17:28:07 +0000,2026-09-06 17:28:07 +0000,,Mpeg-2 Transport Stream,8 KB,1,/Users/pq/aikagan-web/.opencode/node_modules/effect/src/unstable/httpapi/HttpApiScalar.ts,httpapi,/Users/pq/aikagan-web/.opencode/node_modules/effect/src/unstable/httpapi
HttpApiSchema.ts,2026-09-06 17:28:07 +0000,2026-09-06 17:28:07 +0000,,Mpeg-2 Transport Stream,14 KB,1,/Users/pq/aikagan-web/.opencode/node_modules/effect/src/unstable/httpapi/HttpApiSchema.ts,httpapi,/Users/pq/aikagan-web/.opencode/node_modules/effect/src/unstable/httpapi
HttpApiSecurity.ts,2026-09-06 17:28:07 +0000,2026-09-06 17:28:07 +0000,,Mpeg-2 Transport Stream,8 KB,1,/Users/pq/aikagan-web/.opencode/node_modules/effect/src/unstable/httpapi/HttpApiSecurity.ts,httpapi,/Users/pq/aikagan-web/.opencode/node_modules/effect/src/unstable/httpapi
HttpApiSwagger.ts,2026-09-06 17:28:07 +0000,2026-09-06 17:28:07 +0000,,Mpeg-2 Transport Stream,3 KB,1,/Users/pq/aikagan-web/.opencode/node_modules/effect/src/unstable/httpapi/HttpApiSwagger.ts,httpapi,/Users/pq/aikagan-web/.opencode/node_modules/effect/src/unstable/httpapi
HttpApiTest.ts,2026-09-06 17:28:07 +0000,2026-09-06 17:28:07 +0000,,Mpeg-2 Transport Stream,5 KB,1,/Users/pq/aikagan-web/.opencode/node_modules/effect/src/unstable/httpapi/HttpApiTest.ts,httpapi,/Users/pq/aikagan-web/.opencode/node_modules/effect/src/unstable/httpapi
OpenApi.ts,2026-09-06 17:28:07 +0000,2026-09-06 17:28:07 +0000,,Mpeg-2 Transport Stream,29 KB,1,/Users/pq/aikagan-web/.opencode/node_modules/effect/src/unstable/httpapi/OpenApi.ts,httpapi,/Users/pq/aikagan-web/.opencode/node_modules/effect/src/unstable/httpapi
index.ts,2026-09-06 17:28:07 +0000,2026-09-06 17:28:07 +0000,,Mpeg-2 Transport Stream,1 KB,1,/Users/pq/aikagan-web/.opencode/node_modules/effect/src/unstable/httpapi/index.ts,httpapi,/Users/pq/aikagan-web/.opencode/node_modules/effect/src/unstable/httpapi
internal,2026-09-06 17:28:07 +0000,2026-09-06 17:28:07 +0000,,Folder,3 bytes,0,/Users/pq/aikagan-web/.opencode/node_modules/effect/src/unstable/httpapi/internal,httpapi,/Users/pq/aikagan-web/.opencode/node_modules/effect/src/unstable/httpapi/internal
html.ts,2026-09-06 17:28:07 +0000,2026-09-06 17:28:07 +0000,,Mpeg-2 Transport Stream,475 bytes,1,/Users/pq/aikagan-web/.opencode/node_modules/effect/src/unstable/httpapi/internal/html.ts,internal,/Users/pq/aikagan-web/.opencode/node_modules/effect/src/unstable/httpapi/internal
httpApiScalar.ts,2026-09-06 17:28:07 +0000,2026-09-06 17:28:07 +0000,,Mpeg-2 Transport Stream,"3,2 MB",1,/Users/pq/aikagan-web/.opencode/node_modules/effect/src/unstable/httpapi/internal/httpApiScalar.ts,internal,/Users/pq/aikagan-web/.opencode/node_modules/effect/src/unstable/httpapi/internal
httpApiSwagger.ts,2026-09-06 17:28:07 +0000,2026-09-06 17:28:07 +0000,,Mpeg-2 Transport Stream,2 MB,1,/Users/pq/aikagan-web/.opencode/node_modules/effect/src/unstable/httpapi/internal/httpApiSwagger.ts,internal,/Users/pq/aikagan-web/.opencode/node_modules/effect/src/unstable/httpapi/internal
observability,2026-09-06 17:28:07 +0000,2026-09-06 17:28:07 +0000,,Folder,10 bytes,0,/Users/pq/aikagan-web/.opencode/node_modules/effect/src/unstable/observability,unstable,/Users/pq/aikagan-web/.opencode/node_modules/effect/src/unstable/observability
Otlp.ts,2026-09-06 17:28:07 +0000,2026-09-06 17:28:07 +0000,,Mpeg-2 Transport Stream,7 KB,1,/Users/pq/aikagan-web/.opencode/node_modules/effect/src/unstable/observability/Otlp.ts,observability,/Users/pq/aikagan-web/.opencode/node_modules/effect/src/unstable/observability
OtlpExporter.ts,2026-09-06 17:28:07 +0000,2026-09-06 17:28:07 +0000,,Mpeg-2 Transport Stream,6 KB,1,/Users/pq/aikagan-web/.opencode/node_modules/effect/src/unstable/observability/OtlpExporter.ts,observability,/Users/pq/aikagan-web/.opencode/node_modules/effect/src/unstable/observability
OtlpLogger.ts,2026-09-06 17:28:07 +0000,2026-09-06 17:28:07 +0000,,Mpeg-2 Transport Stream,10 KB,1,/Users/pq/aikagan-web/.opencode/node_modules/effect/src/unstable/observability/OtlpLogger.ts,observability,/Users/pq/aikagan-web/.opencode/node_modules/effect/src/unstable/observability
OtlpMetrics.ts,2026-09-06 17:28:07 +0000,2026-09-06 17:28:07 +0000,,Mpeg-2 Transport Stream,28 KB,1,/Users/pq/aikagan-web/.opencode/node_modules/effect/src/unstable/observability/OtlpMetrics.ts,observability,/Users/pq/aikagan-web/.opencode/node_modules/effect/src/unstable/observability
OtlpResource.ts,2026-09-06 17:28:07 +0000,2026-09-06 17:28:07 +0000,,Mpeg-2 Transport Stream,8 KB,1,/Users/pq/aikagan-web/.opencode/node_modules/effect/src/unstable/observability/OtlpResource.ts,observability,/Users/pq/aikagan-web/.opencode/node_modules/effect/src/unstable/observability
OtlpSerialization.ts,2026-09-06 17:28:07 +0000,2026-09-06 17:28:07 +0000,,Mpeg-2 Transport Stream,3 KB,1,/Users/pq/aikagan-web/.opencode/node_modules/effect/src/unstable/observability/OtlpSerialization.ts,observability,/Users/pq/aikagan-web/.opencode/node_modules/effect/src/unstable/observability
OtlpTracer.ts,2026-09-06 17:28:07 +0000,2026-09-06 17:28:07 +0000,,Mpeg-2 Transport Stream,12 KB,1,/Users/pq/aikagan-web/.opencode/node_modules/effect/src/unstable/observability/OtlpTracer.ts,observability,/Users/pq/aikagan-web/.opencode/node_modules/effect/src/unstable/observability
PrometheusMetrics.ts,2026-09-06 17:28:07 +0000,2026-09-06 17:28:07 +0000,,Mpeg-2 Transport Stream,15 KB,1,/Users/pq/aikagan-web/.opencode/node_modules/effect/src/unstable/observability/PrometheusMetrics.ts,observability,/Users/pq/aikagan-web/.opencode/node_modules/effect/src/unstable/observability
index.ts,2026-09-06 17:28:07 +0000,2026-09-06 17:28:07 +0000,,Mpeg-2 Transport Stream,677 bytes,1,/Users/pq/aikagan-web/.opencode/node_modules/effect/src/unstable/observability/index.ts,observability,/Users/pq/aikagan-web/.opencode/node_modules/effect/src/unstable/observability
internal,2026-09-06 17:28:07 +0000,2026-09-06 17:28:07 +0000,,Folder,2 bytes,0,/Users/pq/aikagan-web/.opencode/node_modules/effect/src/unstable/observability/internal,observability,/Users/pq/aikagan-web/.opencode/node_modules/effect/src/unstable/observability/internal
otlpProtobuf.ts,2026-09-06 17:28:07 +0000,2026-09-06 17:28:07 +0000,,Mpeg-2 Transport Stream,22 KB,1,/Users/pq/aikagan-web/.opencode/node_modules/effect/src/unstable/observability/internal/otlpProtobuf.ts,internal,/Users/pq/aikagan-web/.opencode/node_modules/effect/src/unstable/observability/internal
protobuf.ts,2026-09-06 17:28:07 +0000,2026-09-06 17:28:07 +0000,,Mpeg-2 Transport Stream,6 KB,1,/Users/pq/aikagan-web/.opencode/node_modules/effect/src/unstable/observability/internal/protobuf.ts,internal,/Users/pq/aikagan-web/.opencode/node_modules/effect/src/unstable/observability/internal
persistence,2026-09-06 17:28:08 +0000,2026-09-06 17:28:07 +0000,,Folder,8 bytes,0,/Users/pq/aikagan-web/.opencode/node_modules/effect/src/unstable/persistence,unstable,/Users/pq/aikagan-web/.opencode/node_modules/effect/src/unstable/persistence
KeyValueStore.ts,2026-09-06 17:28:07 +0000,2026-09-06 17:28:07 +0000,,Mpeg-2 Transport Stream,27 KB,1,/Users/pq/aikagan-web/.opencode/node_modules/effect/src/unstable/persistence/KeyValueStore.ts,persistence,/Users/pq/aikagan-web/.opencode/node_modules/effect/src/unstable/persistence
Persistable.ts,2026-09-06 17:28:07 +0000,2026-09-06 17:28:07 +0000,,Mpeg-2 Transport Stream,8 KB,1,/Users/pq/aikagan-web/.opencode/node_modules/effect/src/unstable/persistence/Persistable.ts,persistence,/Users/pq/aikagan-web/.opencode/node_modules/effect/src/unstable/persistence
PersistedCache.ts,2026-09-06 17:28:07 +0000,2026-09-06 17:28:07 +0000,,Mpeg-2 Transport Stream,5 KB,1,/Users/pq/aikagan-web/.opencode/node_modules/effect/src/unstable/persistence/PersistedCache.ts,persistence,/Users/pq/aikagan-web/.opencode/node_modules/effect/src/unstable/persistence
PersistedQueue.ts,2026-09-06 17:28:07 +0000,2026-09-06 17:28:07 +0000,,Mpeg-2 Transport Stream,38 KB,1,/Users/pq/aikagan-web/.opencode/node_modules/effect/src/unstable/persistence/PersistedQueue.ts,persistence,/Users/pq/aikagan-web/.opencode/node_modules/effect/src/unstable/persistence
Persistence.ts,2026-09-06 17:28:07 +0000,2026-09-06 17:28:07 +0000,,Mpeg-2 Transport Stream,38 KB,1,/Users/pq/aikagan-web/.opencode/node_modules/effect/src/unstable/persistence/Persistence.ts,persistence,/Users/pq/aikagan-web/.opencode/node_modules/effect/src/unstable/persistence
RateLimiter.ts,2026-09-06 17:28:08 +0000,2026-09-06 17:28:08 +0000,,Mpeg-2 Transport Stream,23 KB,1,/Users/pq/aikagan-web/.opencode/node_modules/effect/src/unstable/persistence/RateLimiter.ts,persistence,/Users/pq/aikagan-web/.opencode/node_modules/effect/src/unstable/persistence
Redis.ts,2026-09-06 17:28:08 +0000,2026-09-06 17:28:08 +0000,,Mpeg-2 Transport Stream,6 KB,1,/Users/pq/aikagan-web/.opencode/node_modules/effect/src/unstable/persistence/Redis.ts,persistence,/Users/pq/aikagan-web/.opencode/node_modules/effect/src/unstable/persistence
index.ts,2026-09-06 17:28:07 +0000,2026-09-06 17:28:07 +0000,,Mpeg-2 Transport Stream,598 bytes,1,/Users/pq/aikagan-web/.opencode/node_modules/effect/src/unstable/persistence/index.ts,persistence,/Users/pq/aikagan-web/.opencode/node_modules/effect/src/unstable/persistence
process,2026-09-06 17:28:07 +0000,2026-09-06 17:28:07 +0000,,Folder,3 bytes,0,/Users/pq/aikagan-web/.opencode/node_modules/effect/src/unstable/process,unstable,/Users/pq/aikagan-web/.opencode/node_modules/effect/src/unstable/process
ChildProcess.ts,2026-09-06 17:28:07 +0000,2026-09-06 17:28:07 +0000,,Mpeg-2 Transport Stream,40 KB,1,/Users/pq/aikagan-web/.opencode/node_modules/effect/src/unstable/process/ChildProcess.ts,process,/Users/pq/aikagan-web/.opencode/node_modules/effect/src/unstable/process
ChildProcessSpawner.ts,2026-09-06 17:28:07 +0000,2026-09-06 17:28:07 +0000,,Mpeg-2 Transport Stream,10 KB,1,/Users/pq/aikagan-web/.opencode/node_modules/effect/src/unstable/process/ChildProcessSpawner.ts,process,/Users/pq/aikagan-web/.opencode/node_modules/effect/src/unstable/process
index.ts,2026-09-06 17:28:07 +0000,2026-09-06 17:28:07 +0000,,Mpeg-2 Transport Stream,247 bytes,1,/Users/pq/aikagan-web/.opencode/node_modules/effect/src/unstable/process/index.ts,process,/Users/pq/aikagan-web/.opencode/node_modules/effect/src/unstable/process
reactivity,2026-09-06 17:28:08 +0000,2026-09-06 17:28:07 +0000,,Folder,9 bytes,0,/Users/pq/aikagan-web/.opencode/node_modules/effect/src/unstable/reactivity,unstable,/Users/pq/aikagan-web/.opencode/node_modules/effect/src/unstable/reactivity
AsyncResult.ts,2026-09-06 17:28:07 +0000,2026-09-06 17:28:07 +0000,,Mpeg-2 Transport Stream,41 KB,1,/Users/pq/aikagan-web/.opencode/node_modules/effect/src/unstable/reactivity/AsyncResult.ts,reactivity,/Users/pq/aikagan-web/.opencode/node_modules/effect/src/unstable/reactivity
Atom.ts,2026-09-06 17:28:07 +0000,2026-09-06 17:28:07 +0000,,Mpeg-2 Transport Stream,104 KB,1,/Users/pq/aikagan-web/.opencode/node_modules/effect/src/unstable/reactivity/Atom.ts,reactivity,/Users/pq/aikagan-web/.opencode/node_modules/effect/src/unstable/reactivity
AtomHttpApi.ts,2026-09-06 17:28:07 +0000,2026-09-06 17:28:07 +0000,,Mpeg-2 Transport Stream,13 KB,1,/Users/pq/aikagan-web/.opencode/node_modules/effect/src/unstable/reactivity/AtomHttpApi.ts,reactivity,/Users/pq/aikagan-web/.opencode/node_modules/effect/src/unstable/reactivity
AtomRef.ts,2026-09-06 17:28:07 +0000,2026-09-06 17:28:07 +0000,,Mpeg-2 Transport Stream,10 KB,1,/Users/pq/aikagan-web/.opencode/node_modules/effect/src/unstable/reactivity/AtomRef.ts,reactivity,/Users/pq/aikagan-web/.opencode/node_modules/effect/src/unstable/reactivity
AtomRegistry.ts,2026-09-06 17:28:07 +0000,2026-09-06 17:28:07 +0000,,Mpeg-2 Transport Stream,38 KB,1,/Users/pq/aikagan-web/.opencode/node_modules/effect/src/unstable/reactivity/AtomRegistry.ts,reactivity,/Users/pq/aikagan-web/.opencode/node_modules/effect/src/unstable/reactivity
AtomRpc.ts,2026-09-06 17:28:07 +0000,2026-09-06 17:28:07 +0000,,Mpeg-2 Transport Stream,10 KB,1,/Users/pq/aikagan-web/.opencode/node_modules/effect/src/unstable/reactivity/AtomRpc.ts,reactivity,/Users/pq/aikagan-web/.opencode/node_modules/effect/src/unstable/reactivity
Hydration.ts,2026-09-06 17:28:07 +0000,2026-09-06 17:28:07 +0000,,Mpeg-2 Transport Stream,6 KB,1,/Users/pq/aikagan-web/.opencode/node_modules/effect/src/unstable/reactivity/Hydration.ts,reactivity,/Users/pq/aikagan-web/.opencode/node_modules/effect/src/unstable/reactivity
Reactivity.ts,2026-09-06 17:28:08 +0000,2026-09-06 17:28:08 +0000,,Mpeg-2 Transport Stream,14 KB,1,/Users/pq/aikagan-web/.opencode/node_modules/effect/src/unstable/reactivity/Reactivity.ts,reactivity,/Users/pq/aikagan-web/.opencode/node_modules/effect/src/unstable/reactivity
index.ts,2026-09-06 17:28:07 +0000,2026-09-06 17:28:07 +0000,,Mpeg-2 Transport Stream,633 bytes,1,/Users/pq/aikagan-web/.opencode/node_modules/effect/src/unstable/reactivity/index.ts,reactivity,/Users/pq/aikagan-web/.opencode/node_modules/effect/src/unstable/reactivity
rpc,2026-09-06 17:28:08 +0000,2026-09-06 17:28:07 +0000,,Folder,13 bytes,0,/Users/pq/aikagan-web/.opencode/node_modules/effect/src/unstable/rpc,unstable,/Users/pq/aikagan-web/.opencode/node_modules/effect/src/unstable/rpc
Rpc.ts,2026-09-06 17:28:08 +0000,2026-09-06 17:28:08 +0000,,Mpeg-2 Transport Stream,34 KB,1,/Users/pq/aikagan-web/.opencode/node_modules/effect/src/unstable/rpc/Rpc.ts,rpc,/Users/pq/aikagan-web/.opencode/node_modules/effect/src/unstable/rpc
RpcClient.ts,2026-09-06 17:28:08 +0000,2026-09-06 17:28:08 +0000,,Mpeg-2 Transport Stream,46 KB,1,/Users/pq/aikagan-web/.opencode/node_modules/effect/src/unstable/rpc/RpcClient.ts,rpc,/Users/pq/aikagan-web/.opencode/node_modules/effect/src/unstable/rpc
RpcClientError.ts,2026-09-06 17:28:08 +0000,2026-09-06 17:28:08 +0000,,Mpeg-2 Transport Stream,3 KB,1,/Users/pq/aikagan-web/.opencode/node_modules/effect/src/unstable/rpc/RpcClientError.ts,rpc,/Users/pq/aikagan-web/.opencode/node_modules/effect/src/unstable/rpc
RpcGroup.ts,2026-09-06 17:28:08 +0000,2026-09-06 17:28:08 +0000,,Mpeg-2 Transport Stream,13 KB,1,/Users/pq/aikagan-web/.opencode/node_modules/effect/src/unstable/rpc/RpcGroup.ts,rpc,/Users/pq/aikagan-web/.opencode/node_modules/effect/src/unstable/rpc
RpcMessage.ts,2026-09-06 17:28:08 +0000,2026-09-06 17:28:08 +0000,,Mpeg-2 Transport Stream,10 KB,1,/Users/pq/aikagan-web/.opencode/node_modules/effect/src/unstable/rpc/RpcMessage.ts,rpc,/Users/pq/aikagan-web/.opencode/node_modules/effect/src/unstable/rpc
RpcMiddleware.ts,2026-09-06 17:28:08 +0000,2026-09-06 17:28:08 +0000,,Mpeg-2 Transport Stream,11 KB,1,/Users/pq/aikagan-web/.opencode/node_modules/effect/src/unstable/rpc/RpcMiddleware.ts,rpc,/Users/pq/aikagan-web/.opencode/node_modules/effect/src/unstable/rpc
RpcSchema.ts,2026-09-06 17:28:08 +0000,2026-09-06 17:28:08 +0000,,Mpeg-2 Transport Stream,4 KB,1,/Users/pq/aikagan-web/.opencode/node_modules/effect/src/unstable/rpc/RpcSchema.ts,rpc,/Users/pq/aikagan-web/.opencode/node_modules/effect/src/unstable/rpc
RpcSerialization.ts,2026-09-06 17:28:08 +0000,2026-09-06 17:28:08 +0000,,Mpeg-2 Transport Stream,17 KB,1,/Users/pq/aikagan-web/.opencode/node_modules/effect/src/unstable/rpc/RpcSerialization.ts,rpc,/Users/pq/aikagan-web/.opencode/node_modules/effect/src/unstable/rpc
RpcServer.ts,2026-09-06 17:28:08 +0000,2026-09-06 17:28:08 +0000,,Mpeg-2 Transport Stream,50 KB,1,/Users/pq/aikagan-web/.opencode/node_modules/effect/src/unstable/rpc/RpcServer.ts,rpc,/Users/pq/aikagan-web/.opencode/node_modules/effect/src/unstable/rpc
RpcTest.ts,2026-09-06 17:28:08 +0000,2026-09-06 17:28:08 +0000,,Mpeg-2 Transport Stream,3 KB,1,/Users/pq/aikagan-web/.opencode/node_modules/effect/src/unstable/rpc/RpcTest.ts,rpc,/Users/pq/aikagan-web/.opencode/node_modules/effect/src/unstable/rpc
RpcWorker.ts,2026-09-06 17:28:08 +0000,2026-09-06 17:28:08 +0000,,Mpeg-2 Transport Stream,5 KB,1,/Users/pq/aikagan-web/.opencode/node_modules/effect/src/unstable/rpc/RpcWorker.ts,rpc,/Users/pq/aikagan-web/.opencode/node_modules/effect/src/unstable/rpc
Utils.ts,2026-09-06 17:28:08 +0000,2026-09-06 17:28:08 +0000,,Mpeg-2 Transport Stream,5 KB,1,/Users/pq/aikagan-web/.opencode/node_modules/effect/src/unstable/rpc/Utils.ts,rpc,/Users/pq/aikagan-web/.opencode/node_modules/effect/src/unstable/rpc
index.ts,2026-09-06 17:28:07 +0000,2026-09-06 17:28:07 +0000,,Mpeg-2 Transport Stream,919 bytes,1,/Users/pq/aikagan-web/.opencode/node_modules/effect/src/unstable/rpc/index.ts,rpc,/Users/pq/aikagan-web/.opencode/node_modules/effect/src/unstable/rpc
schema,2026-09-06 17:28:08 +0000,2026-09-06 17:28:07 +0000,,Folder,3 bytes,0,/Users/pq/aikagan-web/.opencode/node_modules/effect/src/unstable/schema,unstable,/Users/pq/aikagan-web/.opencode/node_modules/effect/src/unstable/schema
Model.ts,2026-09-06 17:28:07 +0000,2026-09-06 17:28:07 +0000,,Mpeg-2 Transport Stream,24 KB,1,/Users/pq/aikagan-web/.opencode/node_modules/effect/src/unstable/schema/Model.ts,schema,/Users/pq/aikagan-web/.opencode/node_modules/effect/src/unstable/schema
VariantSchema.ts,2026-09-06 17:28:08 +0000,2026-09-06 17:28:08 +0000,,Mpeg-2 Transport Stream,18 KB,1,/Users/pq/aikagan-web/.opencode/node_modules/effect/src/unstable/schema/VariantSchema.ts,schema,/Users/pq/aikagan-web/.opencode/node_modules/effect/src/unstable/schema
index.ts,2026-09-06 17:28:07 +0000,2026-09-06 17:28:07 +0000,,Mpeg-2 Transport Stream,221 bytes,1,/Users/pq/aikagan-web/.opencode/node_modules/effect/src/unstable/schema/index.ts,schema,/Users/pq/aikagan-web/.opencode/node_modules/effect/src/unstable/schema
socket,2026-09-06 17:28:08 +0000,2026-09-06 17:28:07 +0000,,Folder,3 bytes,0,/Users/pq/aikagan-web/.opencode/node_modules/effect/src/unstable/socket,unstable,/Users/pq/aikagan-web/.opencode/node_modules/effect/src/unstable/socket
Socket.ts,2026-09-06 17:28:08 +0000,2026-09-06 17:28:08 +0000,,Mpeg-2 Transport Stream,28 KB,1,/Users/pq/aikagan-web/.opencode/node_modules/effect/src/unstable/socket/Socket.ts,socket,/Users/pq/aikagan-web/.opencode/node_modules/effect/src/unstable/socket
SocketServer.ts,2026-09-06 17:28:08 +0000,2026-09-06 17:28:08 +0000,,Mpeg-2 Transport Stream,5 KB,1,/Users/pq/aikagan-web/.opencode/node_modules/effect/src/unstable/socket/SocketServer.ts,socket,/Users/pq/aikagan-web/.opencode/node_modules/effect/src/unstable/socket
index.ts,2026-09-06 17:28:07 +0000,2026-09-06 17:28:07 +0000,,Mpeg-2 Transport Stream,221 bytes,1,/Users/pq/aikagan-web/.opencode/node_modules/effect/src/unstable/socket/index.ts,socket,/Users/pq/aikagan-web/.opencode/node_modules/effect/src/unstable/socket
sql,2026-09-06 17:28:08 +0000,2026-09-06 17:28:07 +0000,,Folder,10 bytes,0,/Users/pq/aikagan-web/.opencode/node_modules/effect/src/unstable/sql,unstable,/Users/pq/aikagan-web/.opencode/node_modules/effect/src/unstable/sql
Migrator.ts,2026-09-06 17:28:07 +0000,2026-09-06 17:28:07 +0000,,Mpeg-2 Transport Stream,14 KB,1,/Users/pq/aikagan-web/.opencode/node_modules/effect/src/unstable/sql/Migrator.ts,sql,/Users/pq/aikagan-web/.opencode/node_modules/effect/src/unstable/sql
SqlClient.ts,2026-09-06 17:28:08 +0000,2026-09-06 17:28:08 +0000,,Mpeg-2 Transport Stream,13 KB,1,/Users/pq/aikagan-web/.opencode/node_modules/effect/src/unstable/sql/SqlClient.ts,sql,/Users/pq/aikagan-web/.opencode/node_modules/effect/src/unstable/sql
SqlConnection.ts,2026-09-06 17:28:08 +0000,2026-09-06 17:28:08 +0000,,Mpeg-2 Transport Stream,3 KB,1,/Users/pq/aikagan-web/.opencode/node_modules/effect/src/unstable/sql/SqlConnection.ts,sql,/Users/pq/aikagan-web/.opencode/node_modules/effect/src/unstable/sql
SqlError.ts,2026-09-06 17:28:08 +0000,2026-09-06 17:28:08 +0000,,Mpeg-2 Transport Stream,16 KB,1,/Users/pq/aikagan-web/.opencode/node_modules/effect/src/unstable/sql/SqlError.ts,sql,/Users/pq/aikagan-web/.opencode/node_modules/effect/src/unstable/sql
SqlModel.ts,2026-09-06 17:28:08 +0000,2026-09-06 17:28:08 +0000,,Mpeg-2 Transport Stream,14 KB,1,/Users/pq/aikagan-web/.opencode/node_modules/effect/src/unstable/sql/SqlModel.ts,sql,/Users/pq/aikagan-web/.opencode/node_modules/effect/src/unstable/sql
SqlResolver.ts,2026-09-06 17:28:08 +0000,2026-09-06 17:28:08 +0000,,Mpeg-2 Transport Stream,14 KB,1,/Users/pq/aikagan-web/.opencode/node_modules/effect/src/unstable/sql/SqlResolver.ts,sql,/Users/pq/aikagan-web/.opencode/node_modules/effect/src/unstable/sql
SqlSchema.ts,2026-09-06 17:28:08 +0000,2026-09-06 17:28:08 +0000,,Mpeg-2 Transport Stream,7 KB,1,/Users/pq/aikagan-web/.opencode/node_modules/effect/src/unstable/sql/SqlSchema.ts,sql,/Users/pq/aikagan-web/.opencode/node_modules/effect/src/unstable/sql
SqlStream.ts,2026-09-06 17:28:08 +0000,2026-09-06 17:28:08 +0000,,Mpeg-2 Transport Stream,3 KB,1,/Users/pq/aikagan-web/.opencode/node_modules/effect/src/unstable/sql/SqlStream.ts,sql,/Users/pq/aikagan-web/.opencode/node_modules/effect/src/unstable/sql
Statement.ts,2026-09-06 17:28:08 +0000,2026-09-06 17:28:08 +0000,,Mpeg-2 Transport Stream,44 KB,1,/Users/pq/aikagan-web/.opencode/node_modules/effect/src/unstable/sql/Statement.ts,sql,/Users/pq/aikagan-web/.opencode/node_modules/effect/src/unstable/sql
index.ts,2026-09-06 17:28:07 +0000,2026-09-06 17:28:07 +0000,,Mpeg-2 Transport Stream,710 bytes,1,/Users/pq/aikagan-web/.opencode/node_modules/effect/src/unstable/sql/index.ts,sql,/Users/pq/aikagan-web/.opencode/node_modules/effect/src/unstable/sql
workers,2026-09-06 17:28:08 +0000,2026-09-06 17:28:07 +0000,,Folder,5 bytes,0,/Users/pq/aikagan-web/.opencode/node_modules/effect/src/unstable/workers,unstable,/Users/pq/aikagan-web/.opencode/node_modules/effect/src/unstable/workers
Transferable.ts,2026-09-06 17:28:08 +0000,2026-09-06 17:28:08 +0000,,Mpeg-2 Transport Stream,7 KB,1,/Users/pq/aikagan-web/.opencode/node_modules/effect/src/unstable/workers/Transferable.ts,workers,/Users/pq/aikagan-web/.opencode/node_modules/effect/src/unstable/workers
Worker.ts,2026-09-06 17:28:08 +0000,2026-09-06 17:28:08 +0000,,Mpeg-2 Transport Stream,9 KB,1,/Users/pq/aikagan-web/.opencode/node_modules/effect/src/unstable/workers/Worker.ts,workers,/Users/pq/aikagan-web/.opencode/node_modules/effect/src/unstable/workers
WorkerError.ts,2026-09-06 17:28:08 +0000,2026-09-06 17:28:08 +0000,,Mpeg-2 Transport Stream,5 KB,1,/Users/pq/aikagan-web/.opencode/node_modules/effect/src/unstable/workers/WorkerError.ts,workers,/Users/pq/aikagan-web/.opencode/node_modules/effect/src/unstable/workers
WorkerRunner.ts,2026-09-06 17:28:08 +0000,2026-09-06 17:28:08 +0000,,Mpeg-2 Transport Stream,3 KB,1,/Users/pq/aikagan-web/.opencode/node_modules/effect/src/unstable/workers/WorkerRunner.ts,workers,/Users/pq/aikagan-web/.opencode/node_modules/effect/src/unstable/workers
index.ts,2026-09-06 17:28:07 +0000,2026-09-06 17:28:07 +0000,,Mpeg-2 Transport Stream,369 bytes,1,/Users/pq/aikagan-web/.opencode/node_modules/effect/src/unstable/workers/index.ts,workers,/Users/pq/aikagan-web/.opencode/node_modules/effect/src/unstable/workers
workflow,2026-09-06 17:28:08 +0000,2026-09-06 17:28:07 +0000,,Folder,10 bytes,0,/Users/pq/aikagan-web/.opencode/node_modules/effect/src/unstable/workflow,unstable,/Users/pq/aikagan-web/.opencode/node_modules/effect/src/unstable/workflow
Activity.ts,2026-09-06 17:28:07 +0000,2026-09-06 17:28:07 +0000,,Mpeg-2 Transport Stream,12 KB,1,/Users/pq/aikagan-web/.opencode/node_modules/effect/src/unstable/workflow/Activity.ts,workflow,/Users/pq/aikagan-web/.opencode/node_modules/effect/src/unstable/workflow
DurableClock.ts,2026-09-06 17:28:07 +0000,2026-09-06 17:28:07 +0000,,Mpeg-2 Transport Stream,4 KB,1,/Users/pq/aikagan-web/.opencode/node_modules/effect/src/unstable/workflow/DurableClock.ts,workflow,/Users/pq/aikagan-web/.opencode/node_modules/effect/src/unstable/workflow
DurableDeferred.ts,2026-09-06 17:28:07 +0000,2026-09-06 17:28:07 +0000,,Mpeg-2 Transport Stream,22 KB,1,/Users/pq/aikagan-web/.opencode/node_modules/effect/src/unstable/workflow/DurableDeferred.ts,workflow,/Users/pq/aikagan-web/.opencode/node_modules/effect/src/unstable/workflow
DurableQueue.ts,2026-09-06 17:28:07 +0000,2026-09-06 17:28:07 +0000,,Mpeg-2 Transport Stream,12 KB,1,/Users/pq/aikagan-web/.opencode/node_modules/effect/src/unstable/workflow/DurableQueue.ts,workflow,/Users/pq/aikagan-web/.opencode/node_modules/effect/src/unstable/workflow
Workflow.ts,2026-09-06 17:28:08 +0000,2026-09-06 17:28:08 +0000,,Mpeg-2 Transport Stream,27 KB,1,/Users/pq/aikagan-web/.opencode/node_modules/effect/src/unstable/workflow/Workflow.ts,workflow,/Users/pq/aikagan-web/.opencode/node_modules/effect/src/unstable/workflow
WorkflowEngine.ts,2026-09-06 17:28:08 +0000,2026-09-06 17:28:08 +0000,,Mpeg-2 Transport Stream,24 KB,1,/Users/pq/aikagan-web/.opencode/node_modules/effect/src/unstable/workflow/WorkflowEngine.ts,workflow,/Users/pq/aikagan-web/.opencode/node_modules/effect/src/unstable/workflow
WorkflowProxy.ts,2026-09-06 17:28:08 +0000,2026-09-06 17:28:08 +0000,,Mpeg-2 Transport Stream,8 KB,1,/Users/pq/aikagan-web/.opencode/node_modules/effect/src/unstable/workflow/WorkflowProxy.ts,workflow,/Users/pq/aikagan-web/.opencode/node_modules/effect/src/unstable/workflow
WorkflowProxyServer.ts,2026-09-06 17:28:08 +0000,2026-09-06 17:28:08 +0000,,Mpeg-2 Transport Stream,6 KB,1,/Users/pq/aikagan-web/.opencode/node_modules/effect/src/unstable/workflow/WorkflowProxyServer.ts,workflow,/Users/pq/aikagan-web/.opencode/node_modules/effect/src/unstable/workflow
index.ts,2026-09-06 17:28:07 +0000,2026-09-06 17:28:07 +0000,,Mpeg-2 Transport Stream,693 bytes,1,/Users/pq/aikagan-web/.opencode/node_modules/effect/src/unstable/workflow/index.ts,workflow,/Users/pq/aikagan-web/.opencode/node_modules/effect/src/unstable/workflow
internal,2026-09-06 17:28:07 +0000,2026-09-06 17:28:07 +0000,,Folder,1 byte,0,/Users/pq/aikagan-web/.opencode/node_modules/effect/src/unstable/workflow/internal,workflow,/Users/pq/aikagan-web/.opencode/node_modules/effect/src/unstable/workflow/internal
crypto.ts,2026-09-06 17:28:07 +0000,2026-09-06 17:28:07 +0000,,Mpeg-2 Transport Stream,446 bytes,1,/Users/pq/aikagan-web/.opencode/node_modules/effect/src/unstable/workflow/internal/crypto.ts,internal,/Users/pq/aikagan-web/.opencode/node_modules/effect/src/unstable/workflow/internal
fast-check,2026-09-07 00:12:28 +0000,2026-09-06 17:28:03 +0000,,Folder,5 bytes,0,/Users/pq/aikagan-web/.opencode/node_modules/fast-check,node_modules,/Users/pq/aikagan-web/.opencode/node_modules/fast-check
.DS_Store,2026-09-07 00:12:28 +0000,2026-09-07 00:12:28 +0000,,,6 KB,1,/Users/pq/aikagan-web/.opencode/node_modules/fast-check/.DS_Store,fast-check,/Users/pq/aikagan-web/.opencode/node_modules/fast-check
LICENSE,2026-09-06 17:28:04 +0000,2026-09-06 17:28:04 +0000,,Text,1 KB,1,/Users/pq/aikagan-web/.opencode/node_modules/fast-check/LICENSE,fast-check,/Users/pq/aikagan-web/.opencode/node_modules/fast-check
README.md,2026-09-06 17:28:04 +0000,2026-09-06 17:28:04 +0000,,Markdown Text,42 KB,1,/Users/pq/aikagan-web/.opencode/node_modules/fast-check/README.md,fast-check,/Users/pq/aikagan-web/.opencode/node_modules/fast-check
package.json,2026-09-06 17:28:04 +0000,2026-09-06 17:28:04 +0000,,Json,3 KB,1,/Users/pq/aikagan-web/.opencode/node_modules/fast-check/package.json,fast-check,/Users/pq/aikagan-web/.opencode/node_modules/fast-check
lib,2026-09-07 00:12:03 +0000,2026-09-06 17:28:04 +0000,,Folder,6 bytes,0,/Users/pq/aikagan-web/.opencode/node_modules/fast-check/lib,fast-check,/Users/pq/aikagan-web/.opencode/node_modules/fast-check/lib
.DS_Store,2026-09-07 00:12:03 +0000,2026-09-07 00:12:03 +0000,,,6 KB,1,/Users/pq/aikagan-web/.opencode/node_modules/fast-check/lib/.DS_Store,lib,/Users/pq/aikagan-web/.opencode/node_modules/fast-check/lib
fast-check.d.ts,2026-09-06 17:28:04 +0000,2026-09-06 17:28:04 +0000,,Mpeg-2 Transport Stream,162 KB,1,/Users/pq/aikagan-web/.opencode/node_modules/fast-check/lib/fast-check.d.ts,lib,/Users/pq/aikagan-web/.opencode/node_modules/fast-check/lib
fast-check.js,2026-09-06 17:28:04 +0000,2026-09-06 17:28:04 +0000,,Javascript,369 KB,1,/Users/pq/aikagan-web/.opencode/node_modules/fast-check/lib/fast-check.js,lib,/Users/pq/aikagan-web/.opencode/node_modules/fast-check/lib
rolldown-runtime-D7D4PA-g.js,2026-09-06 17:28:04 +0000,2026-09-06 17:28:04 +0000,,Javascript,360 bytes,1,/Users/pq/aikagan-web/.opencode/node_modules/fast-check/lib/rolldown-runtime-D7D4PA-g.js,lib,/Users/pq/aikagan-web/.opencode/node_modules/fast-check/lib
cjs,2026-09-06 17:28:04 +0000,2026-09-06 17:28:04 +0000,,Folder,4 bytes,0,/Users/pq/aikagan-web/.opencode/node_modules/fast-check/lib/cjs,lib,/Users/pq/aikagan-web/.opencode/node_modules/fast-check/lib/cjs
fast-check.d.ts,2026-09-06 17:28:04 +0000,2026-09-06 17:28:04 +0000,,Mpeg-2 Transport Stream,162 KB,1,/Users/pq/aikagan-web/.opencode/node_modules/fast-check/lib/cjs/fast-check.d.ts,cjs,/Users/pq/aikagan-web/.opencode/node_modules/fast-check/lib/cjs
fast-check.js,2026-09-06 17:28:04 +0000,2026-09-06 17:28:04 +0000,,Javascript,372 KB,1,/Users/pq/aikagan-web/.opencode/node_modules/fast-check/lib/cjs/fast-check.js,cjs,/Users/pq/aikagan-web/.opencode/node_modules/fast-check/lib/cjs
package.json,2026-09-06 17:28:04 +0000,2026-09-06 17:28:04 +0000,,Json,25 bytes,1,/Users/pq/aikagan-web/.opencode/node_modules/fast-check/lib/cjs/package.json,cjs,/Users/pq/aikagan-web/.opencode/node_modules/fast-check/lib/cjs
types57,2026-09-06 17:28:04 +0000,2026-09-06 17:28:04 +0000,,Folder,1 byte,0,/Users/pq/aikagan-web/.opencode/node_modules/fast-check/lib/cjs/types57,cjs,/Users/pq/aikagan-web/.opencode/node_modules/fast-check/lib/cjs/types57
fast-check.d.ts,2026-09-06 17:28:04 +0000,2026-09-06 17:28:04 +0000,,Mpeg-2 Transport Stream,162 KB,1,/Users/pq/aikagan-web/.opencode/node_modules/fast-check/lib/cjs/types57/fast-check.d.ts,types57,/Users/pq/aikagan-web/.opencode/node_modules/fast-check/lib/cjs/types57
types57,2026-09-06 17:28:04 +0000,2026-09-06 17:28:04 +0000,,Folder,1 byte,0,/Users/pq/aikagan-web/.opencode/node_modules/fast-check/lib/types57,lib,/Users/pq/aikagan-web/.opencode/node_modules/fast-check/lib/types57
fast-check.d.ts,2026-09-06 17:28:04 +0000,2026-09-06 17:28:04 +0000,,Mpeg-2 Transport Stream,162 KB,1,/Users/pq/aikagan-web/.opencode/node_modules/fast-check/lib/types57/fast-check.d.ts,types57,/Users/pq/aikagan-web/.opencode/node_modules/fast-check/lib/types57
find-my-way-ts,2026-09-07 00:12:03 +0000,2026-09-06 17:28:03 +0000,,Folder,7 bytes,0,/Users/pq/aikagan-web/.opencode/node_modules/find-my-way-ts,node_modules,/Users/pq/aikagan-web/.opencode/node_modules/find-my-way-ts
.DS_Store,2026-09-07 00:12:28 +0000,2026-09-07 00:12:03 +0000,,,6 KB,1,/Users/pq/aikagan-web/.opencode/node_modules/find-my-way-ts/.DS_Store,find-my-way-ts,/Users/pq/aikagan-web/.opencode/node_modules/find-my-way-ts
LICENSE,2026-09-06 17:28:04 +0000,2026-09-06 17:28:04 +0000,,Text,1 KB,1,/Users/pq/aikagan-web/.opencode/node_modules/find-my-way-ts/LICENSE,find-my-way-ts,/Users/pq/aikagan-web/.opencode/node_modules/find-my-way-ts
README.md,2026-09-06 17:28:04 +0000,2026-09-06 17:28:04 +0000,,Markdown Text,308 bytes,1,/Users/pq/aikagan-web/.opencode/node_modules/find-my-way-ts/README.md,find-my-way-ts,/Users/pq/aikagan-web/.opencode/node_modules/find-my-way-ts
package.json,2026-09-06 17:28:04 +0000,2026-09-06 17:28:04 +0000,,Json,898 bytes,1,/Users/pq/aikagan-web/.opencode/node_modules/find-my-way-ts/package.json,find-my-way-ts,/Users/pq/aikagan-web/.opencode/node_modules/find-my-way-ts
QueryString,2026-09-06 17:28:04 +0000,2026-09-06 17:28:04 +0000,,Folder,1 byte,0,/Users/pq/aikagan-web/.opencode/node_modules/find-my-way-ts/QueryString,find-my-way-ts,/Users/pq/aikagan-web/.opencode/node_modules/find-my-way-ts/QueryString
package.json,2026-09-06 17:28:04 +0000,2026-09-06 17:28:04 +0000,,Json,149 bytes,1,/Users/pq/aikagan-web/.opencode/node_modules/find-my-way-ts/QueryString/package.json,QueryString,/Users/pq/aikagan-web/.opencode/node_modules/find-my-way-ts/QueryString
dist,2026-09-07 00:12:03 +0000,2026-09-06 17:28:04 +0000,,Folder,4 bytes,0,/Users/pq/aikagan-web/.opencode/node_modules/find-my-way-ts/dist,find-my-way-ts,/Users/pq/aikagan-web/.opencode/node_modules/find-my-way-ts/dist
.DS_Store,2026-09-07 00:12:03 +0000,2026-09-07 00:12:03 +0000,,,6 KB,1,/Users/pq/aikagan-web/.opencode/node_modules/find-my-way-ts/dist/.DS_Store,dist,/Users/pq/aikagan-web/.opencode/node_modules/find-my-way-ts/dist
cjs,2026-09-06 17:28:04 +0000,2026-09-06 17:28:04 +0000,,Folder,5 bytes,0,/Users/pq/aikagan-web/.opencode/node_modules/find-my-way-ts/dist/cjs,dist,/Users/pq/aikagan-web/.opencode/node_modules/find-my-way-ts/dist/cjs
QueryString.js,2026-09-06 17:28:04 +0000,2026-09-06 17:28:04 +0000,,Javascript,8 KB,1,/Users/pq/aikagan-web/.opencode/node_modules/find-my-way-ts/dist/cjs/QueryString.js,cjs,/Users/pq/aikagan-web/.opencode/node_modules/find-my-way-ts/dist/cjs
QueryString.js.map,2026-09-06 17:28:04 +0000,2026-09-06 17:28:04 +0000,,,8 KB,1,/Users/pq/aikagan-web/.opencode/node_modules/find-my-way-ts/dist/cjs/QueryString.js.map,cjs,/Users/pq/aikagan-web/.opencode/node_modules/find-my-way-ts/dist/cjs
index.js,2026-09-06 17:28:04 +0000,2026-09-06 17:28:04 +0000,,Javascript,1 KB,1,/Users/pq/aikagan-web/.opencode/node_modules/find-my-way-ts/dist/cjs/index.js,cjs,/Users/pq/aikagan-web/.opencode/node_modules/find-my-way-ts/dist/cjs
index.js.map,2026-09-06 17:28:04 +0000,2026-09-06 17:28:04 +0000,,,1 KB,1,/Users/pq/aikagan-web/.opencode/node_modules/find-my-way-ts/dist/cjs/index.js.map,cjs,/Users/pq/aikagan-web/.opencode/node_modules/find-my-way-ts/dist/cjs
internal,2026-09-06 17:28:04 +0000,2026-09-06 17:28:04 +0000,,Folder,4 bytes,0,/Users/pq/aikagan-web/.opencode/node_modules/find-my-way-ts/dist/cjs/internal,cjs,/Users/pq/aikagan-web/.opencode/node_modules/find-my-way-ts/dist/cjs/internal
env.js,2026-09-06 17:28:04 +0000,2026-09-06 17:28:04 +0000,,Javascript,495 bytes,1,/Users/pq/aikagan-web/.opencode/node_modules/find-my-way-ts/dist/cjs/internal/env.js,internal,/Users/pq/aikagan-web/.opencode/node_modules/find-my-way-ts/dist/cjs/internal
env.js.map,2026-09-06 17:28:04 +0000,2026-09-06 17:28:04 +0000,,,476 bytes,1,/Users/pq/aikagan-web/.opencode/node_modules/find-my-way-ts/dist/cjs/internal/env.js.map,internal,/Users/pq/aikagan-web/.opencode/node_modules/find-my-way-ts/dist/cjs/internal
router.js,2026-09-06 17:28:04 +0000,2026-09-06 17:28:04 +0000,,Javascript,22 KB,1,/Users/pq/aikagan-web/.opencode/node_modules/find-my-way-ts/dist/cjs/internal/router.js,internal,/Users/pq/aikagan-web/.opencode/node_modules/find-my-way-ts/dist/cjs/internal
router.js.map,2026-09-06 17:28:04 +0000,2026-09-06 17:28:04 +0000,,,24 KB,1,/Users/pq/aikagan-web/.opencode/node_modules/find-my-way-ts/dist/cjs/internal/router.js.map,internal,/Users/pq/aikagan-web/.opencode/node_modules/find-my-way-ts/dist/cjs/internal
dts,2026-09-06 17:28:04 +0000,2026-09-06 17:28:04 +0000,,Folder,5 bytes,0,/Users/pq/aikagan-web/.opencode/node_modules/find-my-way-ts/dist/dts,dist,/Users/pq/aikagan-web/.opencode/node_modules/find-my-way-ts/dist/dts
QueryString.d.ts,2026-09-06 17:28:04 +0000,2026-09-06 17:28:04 +0000,,Mpeg-2 Transport Stream,270 bytes,1,/Users/pq/aikagan-web/.opencode/node_modules/find-my-way-ts/dist/dts/QueryString.d.ts,dts,/Users/pq/aikagan-web/.opencode/node_modules/find-my-way-ts/dist/dts
QueryString.d.ts.map,2026-09-06 17:28:04 +0000,2026-09-06 17:28:04 +0000,,,267 bytes,1,/Users/pq/aikagan-web/.opencode/node_modules/find-my-way-ts/dist/dts/QueryString.d.ts.map,dts,/Users/pq/aikagan-web/.opencode/node_modules/find-my-way-ts/dist/dts
index.d.ts,2026-09-06 17:28:04 +0000,2026-09-06 17:28:04 +0000,,Mpeg-2 Transport Stream,1 KB,1,/Users/pq/aikagan-web/.opencode/node_modules/find-my-way-ts/dist/dts/index.d.ts,dts,/Users/pq/aikagan-web/.opencode/node_modules/find-my-way-ts/dist/dts
index.d.ts.map,2026-09-06 17:28:04 +0000,2026-09-06 17:28:04 +0000,,,1 KB,1,/Users/pq/aikagan-web/.opencode/node_modules/find-my-way-ts/dist/dts/index.d.ts.map,dts,/Users/pq/aikagan-web/.opencode/node_modules/find-my-way-ts/dist/dts
internal,2026-09-06 17:28:04 +0000,2026-09-06 17:28:04 +0000,,Folder,4 bytes,0,/Users/pq/aikagan-web/.opencode/node_modules/find-my-way-ts/dist/dts/internal,dts,/Users/pq/aikagan-web/.opencode/node_modules/find-my-way-ts/dist/dts/internal
env.d.ts,2026-09-06 17:28:04 +0000,2026-09-06 17:28:04 +0000,,Mpeg-2 Transport Stream,44 bytes,1,/Users/pq/aikagan-web/.opencode/node_modules/find-my-way-ts/dist/dts/internal/env.d.ts,internal,/Users/pq/aikagan-web/.opencode/node_modules/find-my-way-ts/dist/dts/internal
env.d.ts.map,2026-09-06 17:28:04 +0000,2026-09-06 17:28:04 +0000,,,115 bytes,1,/Users/pq/aikagan-web/.opencode/node_modules/find-my-way-ts/dist/dts/internal/env.d.ts.map,internal,/Users/pq/aikagan-web/.opencode/node_modules/find-my-way-ts/dist/dts/internal
router.d.ts,2026-09-06 17:28:04 +0000,2026-09-06 17:28:04 +0000,,Mpeg-2 Transport Stream,47 bytes,1,/Users/pq/aikagan-web/.opencode/node_modules/find-my-way-ts/dist/dts/internal/router.d.ts,internal,/Users/pq/aikagan-web/.opencode/node_modules/find-my-way-ts/dist/dts/internal
router.d.ts.map,2026-09-06 17:28:04 +0000,2026-09-06 17:28:04 +0000,,,121 bytes,1,/Users/pq/aikagan-web/.opencode/node_modules/find-my-way-ts/dist/dts/internal/router.d.ts.map,internal,/Users/pq/aikagan-web/.opencode/node_modules/find-my-way-ts/dist/dts/internal
esm,2026-09-06 17:28:04 +0000,2026-09-06 17:28:04 +0000,,Folder,6 bytes,0,/Users/pq/aikagan-web/.opencode/node_modules/find-my-way-ts/dist/esm,dist,/Users/pq/aikagan-web/.opencode/node_modules/find-my-way-ts/dist/esm
QueryString.js,2026-09-06 17:28:04 +0000,2026-09-06 17:28:04 +0000,,Javascript,7 KB,1,/Users/pq/aikagan-web/.opencode/node_modules/find-my-way-ts/dist/esm/QueryString.js,esm,/Users/pq/aikagan-web/.opencode/node_modules/find-my-way-ts/dist/esm
QueryString.js.map,2026-09-06 17:28:04 +0000,2026-09-06 17:28:04 +0000,,,8 KB,1,/Users/pq/aikagan-web/.opencode/node_modules/find-my-way-ts/dist/esm/QueryString.js.map,esm,/Users/pq/aikagan-web/.opencode/node_modules/find-my-way-ts/dist/esm
index.js,2026-09-06 17:28:04 +0000,2026-09-06 17:28:04 +0000,,Javascript,192 bytes,1,/Users/pq/aikagan-web/.opencode/node_modules/find-my-way-ts/dist/esm/index.js,esm,/Users/pq/aikagan-web/.opencode/node_modules/find-my-way-ts/dist/esm
index.js.map,2026-09-06 17:28:04 +0000,2026-09-06 17:28:04 +0000,,,238 bytes,1,/Users/pq/aikagan-web/.opencode/node_modules/find-my-way-ts/dist/esm/index.js.map,esm,/Users/pq/aikagan-web/.opencode/node_modules/find-my-way-ts/dist/esm
package.json,2026-09-06 17:28:04 +0000,2026-09-06 17:28:04 +0000,,Json,44 bytes,1,/Users/pq/aikagan-web/.opencode/node_modules/find-my-way-ts/dist/esm/package.json,esm,/Users/pq/aikagan-web/.opencode/node_modules/find-my-way-ts/dist/esm
internal,2026-09-06 17:28:04 +0000,2026-09-06 17:28:04 +0000,,Folder,4 bytes,0,/Users/pq/aikagan-web/.opencode/node_modules/find-my-way-ts/dist/esm/internal,esm,/Users/pq/aikagan-web/.opencode/node_modules/find-my-way-ts/dist/esm/internal
env.js,2026-09-06 17:28:04 +0000,2026-09-06 17:28:04 +0000,,Javascript,327 bytes,1,/Users/pq/aikagan-web/.opencode/node_modules/find-my-way-ts/dist/esm/internal/env.js,internal,/Users/pq/aikagan-web/.opencode/node_modules/find-my-way-ts/dist/esm/internal
env.js.map,2026-09-06 17:28:04 +0000,2026-09-06 17:28:04 +0000,,,426 bytes,1,/Users/pq/aikagan-web/.opencode/node_modules/find-my-way-ts/dist/esm/internal/env.js.map,internal,/Users/pq/aikagan-web/.opencode/node_modules/find-my-way-ts/dist/esm/internal
router.js,2026-09-06 17:28:04 +0000,2026-09-06 17:28:04 +0000,,Javascript,21 KB,1,/Users/pq/aikagan-web/.opencode/node_modules/find-my-way-ts/dist/esm/internal/router.js,internal,/Users/pq/aikagan-web/.opencode/node_modules/find-my-way-ts/dist/esm/internal
router.js.map,2026-09-06 17:28:04 +0000,2026-09-06 17:28:04 +0000,,,23 KB,1,/Users/pq/aikagan-web/.opencode/node_modules/find-my-way-ts/dist/esm/internal/router.js.map,internal,/Users/pq/aikagan-web/.opencode/node_modules/find-my-way-ts/dist/esm/internal
src,2026-09-06 17:28:04 +0000,2026-09-06 17:28:04 +0000,,Folder,3 bytes,0,/Users/pq/aikagan-web/.opencode/node_modules/find-my-way-ts/src,find-my-way-ts,/Users/pq/aikagan-web/.opencode/node_modules/find-my-way-ts/src
QueryString.ts,2026-09-06 17:28:04 +0000,2026-09-06 17:28:04 +0000,,Mpeg-2 Transport Stream,8 KB,1,/Users/pq/aikagan-web/.opencode/node_modules/find-my-way-ts/src/QueryString.ts,src,/Users/pq/aikagan-web/.opencode/node_modules/find-my-way-ts/src
index.ts,2026-09-06 17:28:04 +0000,2026-09-06 17:28:04 +0000,,Mpeg-2 Transport Stream,1 KB,1,/Users/pq/aikagan-web/.opencode/node_modules/find-my-way-ts/src/index.ts,src,/Users/pq/aikagan-web/.opencode/node_modules/find-my-way-ts/src
internal,2026-09-06 17:28:04 +0000,2026-09-06 17:28:04 +0000,,Folder,2 bytes,0,/Users/pq/aikagan-web/.opencode/node_modules/find-my-way-ts/src/internal,src,/Users/pq/aikagan-web/.opencode/node_modules/find-my-way-ts/src/internal
env.ts,2026-09-06 17:28:04 +0000,2026-09-06 17:28:04 +0000,,Mpeg-2 Transport Stream,292 bytes,1,/Users/pq/aikagan-web/.opencode/node_modules/find-my-way-ts/src/internal/env.ts,internal,/Users/pq/aikagan-web/.opencode/node_modules/find-my-way-ts/src/internal
router.ts,2026-09-06 17:28:04 +0000,2026-09-06 17:28:04 +0000,,Mpeg-2 Transport Stream,24 KB,1,/Users/pq/aikagan-web/.opencode/node_modules/find-my-way-ts/src/internal/router.ts,internal,/Users/pq/aikagan-web/.opencode/node_modules/find-my-way-ts/src/internal
ini,2026-09-06 17:28:04 +0000,2026-09-06 17:28:03 +0000,,Folder,4 bytes,0,/Users/pq/aikagan-web/.opencode/node_modules/ini,node_modules,/Users/pq/aikagan-web/.opencode/node_modules/ini
LICENSE,2026-09-06 17:28:04 +0000,2026-09-06 17:28:04 +0000,,Text,765 bytes,1,/Users/pq/aikagan-web/.opencode/node_modules/ini/LICENSE,ini,/Users/pq/aikagan-web/.opencode/node_modules/ini
README.md,2026-09-06 17:28:04 +0000,2026-09-06 17:28:04 +0000,,Markdown Text,3 KB,1,/Users/pq/aikagan-web/.opencode/node_modules/ini/README.md,ini,/Users/pq/aikagan-web/.opencode/node_modules/ini
package.json,2026-09-06 17:28:04 +0000,2026-09-06 17:28:04 +0000,,Json,1 KB,1,/Users/pq/aikagan-web/.opencode/node_modules/ini/package.json,ini,/Users/pq/aikagan-web/.opencode/node_modules/ini
lib,2026-09-06 17:28:04 +0000,2026-09-06 17:28:04 +0000,,Folder,1 byte,0,/Users/pq/aikagan-web/.opencode/node_modules/ini/lib,ini,/Users/pq/aikagan-web/.opencode/node_modules/ini/lib
ini.js,2026-09-06 17:28:04 +0000,2026-09-06 17:28:04 +0000,,Javascript,7 KB,1,/Users/pq/aikagan-web/.opencode/node_modules/ini/lib/ini.js,lib,/Users/pq/aikagan-web/.opencode/node_modules/ini/lib
isexe,2026-09-06 17:28:04 +0000,2026-09-06 17:28:03 +0000,,Folder,8 bytes,0,/Users/pq/aikagan-web/.opencode/node_modules/isexe,node_modules,/Users/pq/aikagan-web/.opencode/node_modules/isexe
.npmignore,2026-09-06 17:28:04 +0000,2026-09-06 17:28:04 +0000,,Data,23 bytes,1,/Users/pq/aikagan-web/.opencode/node_modules/isexe/.npmignore,isexe,/Users/pq/aikagan-web/.opencode/node_modules/isexe
LICENSE,2026-09-06 17:28:04 +0000,2026-09-06 17:28:04 +0000,,Text,765 bytes,1,/Users/pq/aikagan-web/.opencode/node_modules/isexe/LICENSE,isexe,/Users/pq/aikagan-web/.opencode/node_modules/isexe
README.md,2026-09-06 17:28:04 +0000,2026-09-06 17:28:04 +0000,,Markdown Text,1 KB,1,/Users/pq/aikagan-web/.opencode/node_modules/isexe/README.md,isexe,/Users/pq/aikagan-web/.opencode/node_modules/isexe
index.js,2026-09-06 17:28:04 +0000,2026-09-06 17:28:04 +0000,,Javascript,1 KB,1,/Users/pq/aikagan-web/.opencode/node_modules/isexe/index.js,isexe,/Users/pq/aikagan-web/.opencode/node_modules/isexe
mode.js,2026-09-06 17:28:04 +0000,2026-09-06 17:28:04 +0000,,Javascript,909 bytes,1,/Users/pq/aikagan-web/.opencode/node_modules/isexe/mode.js,isexe,/Users/pq/aikagan-web/.opencode/node_modules/isexe
package.json,2026-09-06 17:28:04 +0000,2026-09-06 17:28:04 +0000,,Json,786 bytes,1,/Users/pq/aikagan-web/.opencode/node_modules/isexe/package.json,isexe,/Users/pq/aikagan-web/.opencode/node_modules/isexe
windows.js,2026-09-06 17:28:04 +0000,2026-09-06 17:28:04 +0000,,Javascript,890 bytes,1,/Users/pq/aikagan-web/.opencode/node_modules/isexe/windows.js,isexe,/Users/pq/aikagan-web/.opencode/node_modules/isexe
test,2026-09-06 17:28:04 +0000,2026-09-06 17:28:04 +0000,,Folder,1 byte,0,/Users/pq/aikagan-web/.opencode/node_modules/isexe/test,isexe,/Users/pq/aikagan-web/.opencode/node_modules/isexe/test
basic.js,2026-09-06 17:28:04 +0000,2026-09-06 17:28:04 +0000,,Javascript,5 KB,1,/Users/pq/aikagan-web/.opencode/node_modules/isexe/test/basic.js,test,/Users/pq/aikagan-web/.opencode/node_modules/isexe/test
kubernetes-types,2026-09-07 00:12:03 +0000,2026-09-06 17:28:03 +0000,,Folder,29 bytes,0,/Users/pq/aikagan-web/.opencode/node_modules/kubernetes-types,node_modules,/Users/pq/aikagan-web/.opencode/node_modules/kubernetes-types
.DS_Store,2026-09-07 00:12:03 +0000,2026-09-07 00:12:03 +0000,,,10 KB,1,/Users/pq/aikagan-web/.opencode/node_modules/kubernetes-types/.DS_Store,kubernetes-types,/Users/pq/aikagan-web/.opencode/node_modules/kubernetes-types
README.md,2026-09-06 17:28:04 +0000,2026-09-06 17:28:04 +0000,,Markdown Text,1 KB,1,/Users/pq/aikagan-web/.opencode/node_modules/kubernetes-types/README.md,kubernetes-types,/Users/pq/aikagan-web/.opencode/node_modules/kubernetes-types
package.json,2026-09-06 17:28:04 +0000,2026-09-06 17:28:04 +0000,,Json,323 bytes,1,/Users/pq/aikagan-web/.opencode/node_modules/kubernetes-types/package.json,kubernetes-types,/Users/pq/aikagan-web/.opencode/node_modules/kubernetes-types
runtime.d.ts,2026-09-06 17:28:04 +0000,2026-09-06 17:28:04 +0000,,Mpeg-2 Transport Stream,2 KB,1,/Users/pq/aikagan-web/.opencode/node_modules/kubernetes-types/runtime.d.ts,kubernetes-types,/Users/pq/aikagan-web/.opencode/node_modules/kubernetes-types
version.d.ts,2026-09-06 17:28:04 +0000,2026-09-06 17:28:04 +0000,,Mpeg-2 Transport Stream,319 bytes,1,/Users/pq/aikagan-web/.opencode/node_modules/kubernetes-types/version.d.ts,kubernetes-types,/Users/pq/aikagan-web/.opencode/node_modules/kubernetes-types
admissionregistration,2026-09-06 17:28:04 +0000,2026-09-06 17:28:04 +0000,,Folder,3 bytes,0,/Users/pq/aikagan-web/.opencode/node_modules/kubernetes-types/admissionregistration,kubernetes-types,/Users/pq/aikagan-web/.opencode/node_modules/kubernetes-types/admissionregistration
v1.d.ts,2026-09-06 17:28:04 +0000,2026-09-06 17:28:04 +0000,,Mpeg-2 Transport Stream,54 KB,1,/Users/pq/aikagan-web/.opencode/node_modules/kubernetes-types/admissionregistration/v1.d.ts,admissionregistration,/Users/pq/aikagan-web/.opencode/node_modules/kubernetes-types/admissionregistration
v1alpha1.d.ts,2026-09-06 17:28:04 +0000,2026-09-06 17:28:04 +0000,,Mpeg-2 Transport Stream,31 KB,1,/Users/pq/aikagan-web/.opencode/node_modules/kubernetes-types/admissionregistration/v1alpha1.d.ts,admissionregistration,/Users/pq/aikagan-web/.opencode/node_modules/kubernetes-types/admissionregistration
v1beta1.d.ts,2026-09-06 17:28:04 +0000,2026-09-06 17:28:04 +0000,,Mpeg-2 Transport Stream,32 KB,1,/Users/pq/aikagan-web/.opencode/node_modules/kubernetes-types/admissionregistration/v1beta1.d.ts,admissionregistration,/Users/pq/aikagan-web/.opencode/node_modules/kubernetes-types/admissionregistration
api,2026-09-06 17:28:04 +0000,2026-09-06 17:28:04 +0000,,Folder,1 byte,0,/Users/pq/aikagan-web/.opencode/node_modules/kubernetes-types/api,kubernetes-types,/Users/pq/aikagan-web/.opencode/node_modules/kubernetes-types/api
resource.d.ts,2026-09-06 17:28:04 +0000,2026-09-06 17:28:04 +0000,,Mpeg-2 Transport Stream,3 KB,1,/Users/pq/aikagan-web/.opencode/node_modules/kubernetes-types/api/resource.d.ts,api,/Users/pq/aikagan-web/.opencode/node_modules/kubernetes-types/api
apiextensions,2026-09-06 17:28:04 +0000,2026-09-06 17:28:04 +0000,,Folder,1 byte,0,/Users/pq/aikagan-web/.opencode/node_modules/kubernetes-types/apiextensions,kubernetes-types,/Users/pq/aikagan-web/.opencode/node_modules/kubernetes-types/apiextensions
v1.d.ts,2026-09-06 17:28:04 +0000,2026-09-06 17:28:04 +0000,,Mpeg-2 Transport Stream,32 KB,1,/Users/pq/aikagan-web/.opencode/node_modules/kubernetes-types/apiextensions/v1.d.ts,apiextensions,/Users/pq/aikagan-web/.opencode/node_modules/kubernetes-types/apiextensions
apiserverinternal,2026-09-06 17:28:04 +0000,2026-09-06 17:28:04 +0000,,Folder,1 byte,0,/Users/pq/aikagan-web/.opencode/node_modules/kubernetes-types/apiserverinternal,kubernetes-types,/Users/pq/aikagan-web/.opencode/node_modules/kubernetes-types/apiserverinternal
v1alpha1.d.ts,2026-09-06 17:28:04 +0000,2026-09-06 17:28:04 +0000,,Mpeg-2 Transport Stream,4 KB,1,/Users/pq/aikagan-web/.opencode/node_modules/kubernetes-types/apiserverinternal/v1alpha1.d.ts,apiserverinternal,/Users/pq/aikagan-web/.opencode/node_modules/kubernetes-types/apiserverinternal
apps,2026-09-06 17:28:04 +0000,2026-09-06 17:28:04 +0000,,Folder,1 byte,0,/Users/pq/aikagan-web/.opencode/node_modules/kubernetes-types/apps,kubernetes-types,/Users/pq/aikagan-web/.opencode/node_modules/kubernetes-types/apps
v1.d.ts,2026-09-06 17:28:04 +0000,2026-09-06 17:28:04 +0000,,Mpeg-2 Transport Stream,37 KB,1,/Users/pq/aikagan-web/.opencode/node_modules/kubernetes-types/apps/v1.d.ts,apps,/Users/pq/aikagan-web/.opencode/node_modules/kubernetes-types/apps
authentication,2026-09-06 17:28:04 +0000,2026-09-06 17:28:04 +0000,,Folder,3 bytes,0,/Users/pq/aikagan-web/.opencode/node_modules/kubernetes-types/authentication,kubernetes-types,/Users/pq/aikagan-web/.opencode/node_modules/kubernetes-types/authentication
v1.d.ts,2026-09-06 17:28:04 +0000,2026-09-06 17:28:04 +0000,,Mpeg-2 Transport Stream,8 KB,1,/Users/pq/aikagan-web/.opencode/node_modules/kubernetes-types/authentication/v1.d.ts,authentication,/Users/pq/aikagan-web/.opencode/node_modules/kubernetes-types/authentication
v1alpha1.d.ts,2026-09-06 17:28:04 +0000,2026-09-06 17:28:04 +0000,,Mpeg-2 Transport Stream,2 KB,1,/Users/pq/aikagan-web/.opencode/node_modules/kubernetes-types/authentication/v1alpha1.d.ts,authentication,/Users/pq/aikagan-web/.opencode/node_modules/kubernetes-types/authentication
v1beta1.d.ts,2026-09-06 17:28:04 +0000,2026-09-06 17:28:04 +0000,,Mpeg-2 Transport Stream,2 KB,1,/Users/pq/aikagan-web/.opencode/node_modules/kubernetes-types/authentication/v1beta1.d.ts,authentication,/Users/pq/aikagan-web/.opencode/node_modules/kubernetes-types/authentication
authorization,2026-09-06 17:28:04 +0000,2026-09-06 17:28:04 +0000,,Folder,1 byte,0,/Users/pq/aikagan-web/.opencode/node_modules/kubernetes-types/authorization,kubernetes-types,/Users/pq/aikagan-web/.opencode/node_modules/kubernetes-types/authorization
v1.d.ts,2026-09-06 17:28:04 +0000,2026-09-06 17:28:04 +0000,,Mpeg-2 Transport Stream,13 KB,1,/Users/pq/aikagan-web/.opencode/node_modules/kubernetes-types/authorization/v1.d.ts,authorization,/Users/pq/aikagan-web/.opencode/node_modules/kubernetes-types/authorization
autoscaling,2026-09-06 17:28:04 +0000,2026-09-06 17:28:04 +0000,,Folder,2 bytes,0,/Users/pq/aikagan-web/.opencode/node_modules/kubernetes-types/autoscaling,kubernetes-types,/Users/pq/aikagan-web/.opencode/node_modules/kubernetes-types/autoscaling
v1.d.ts,2026-09-06 17:28:04 +0000,2026-09-06 17:28:04 +0000,,Mpeg-2 Transport Stream,7 KB,1,/Users/pq/aikagan-web/.opencode/node_modules/kubernetes-types/autoscaling/v1.d.ts,autoscaling,/Users/pq/aikagan-web/.opencode/node_modules/kubernetes-types/autoscaling
v2.d.ts,2026-09-06 17:28:04 +0000,2026-09-06 17:28:04 +0000,,Mpeg-2 Transport Stream,21 KB,1,/Users/pq/aikagan-web/.opencode/node_modules/kubernetes-types/autoscaling/v2.d.ts,autoscaling,/Users/pq/aikagan-web/.opencode/node_modules/kubernetes-types/autoscaling
batch,2026-09-06 17:28:04 +0000,2026-09-06 17:28:04 +0000,,Folder,1 byte,0,/Users/pq/aikagan-web/.opencode/node_modules/kubernetes-types/batch,kubernetes-types,/Users/pq/aikagan-web/.opencode/node_modules/kubernetes-types/batch
v1.d.ts,2026-09-06 17:28:04 +0000,2026-09-06 17:28:04 +0000,,Mpeg-2 Transport Stream,29 KB,1,/Users/pq/aikagan-web/.opencode/node_modules/kubernetes-types/batch/v1.d.ts,batch,/Users/pq/aikagan-web/.opencode/node_modules/kubernetes-types/batch
certificates,2026-09-06 17:28:04 +0000,2026-09-06 17:28:04 +0000,,Folder,2 bytes,0,/Users/pq/aikagan-web/.opencode/node_modules/kubernetes-types/certificates,kubernetes-types,/Users/pq/aikagan-web/.opencode/node_modules/kubernetes-types/certificates
v1.d.ts,2026-09-06 17:28:04 +0000,2026-09-06 17:28:04 +0000,,Mpeg-2 Transport Stream,12 KB,1,/Users/pq/aikagan-web/.opencode/node_modules/kubernetes-types/certificates/v1.d.ts,certificates,/Users/pq/aikagan-web/.opencode/node_modules/kubernetes-types/certificates
v1alpha1.d.ts,2026-09-06 17:28:04 +0000,2026-09-06 17:28:04 +0000,,Mpeg-2 Transport Stream,5 KB,1,/Users/pq/aikagan-web/.opencode/node_modules/kubernetes-types/certificates/v1alpha1.d.ts,certificates,/Users/pq/aikagan-web/.opencode/node_modules/kubernetes-types/certificates
coordination,2026-09-06 17:28:04 +0000,2026-09-06 17:28:04 +0000,,Folder,1 byte,0,/Users/pq/aikagan-web/.opencode/node_modules/kubernetes-types/coordination,kubernetes-types,/Users/pq/aikagan-web/.opencode/node_modules/kubernetes-types/coordination
v1.d.ts,2026-09-06 17:28:04 +0000,2026-09-06 17:28:04 +0000,,Mpeg-2 Transport Stream,3 KB,1,/Users/pq/aikagan-web/.opencode/node_modules/kubernetes-types/coordination/v1.d.ts,coordination,/Users/pq/aikagan-web/.opencode/node_modules/kubernetes-types/coordination
core,2026-09-06 17:28:04 +0000,2026-09-06 17:28:04 +0000,,Folder,1 byte,0,/Users/pq/aikagan-web/.opencode/node_modules/kubernetes-types/core,kubernetes-types,/Users/pq/aikagan-web/.opencode/node_modules/kubernetes-types/core
v1.d.ts,2026-09-06 17:28:04 +0000,2026-09-06 17:28:04 +0000,,Mpeg-2 Transport Stream,264 KB,1,/Users/pq/aikagan-web/.opencode/node_modules/kubernetes-types/core/v1.d.ts,core,/Users/pq/aikagan-web/.opencode/node_modules/kubernetes-types/core
discovery,2026-09-06 17:28:04 +0000,2026-09-06 17:28:04 +0000,,Folder,1 byte,0,/Users/pq/aikagan-web/.opencode/node_modules/kubernetes-types/discovery,kubernetes-types,/Users/pq/aikagan-web/.opencode/node_modules/kubernetes-types/discovery
v1.d.ts,2026-09-06 17:28:04 +0000,2026-09-06 17:28:04 +0000,,Mpeg-2 Transport Stream,8 KB,1,/Users/pq/aikagan-web/.opencode/node_modules/kubernetes-types/discovery/v1.d.ts,discovery,/Users/pq/aikagan-web/.opencode/node_modules/kubernetes-types/discovery
events,2026-09-06 17:28:04 +0000,2026-09-06 17:28:04 +0000,,Folder,1 byte,0,/Users/pq/aikagan-web/.opencode/node_modules/kubernetes-types/events,kubernetes-types,/Users/pq/aikagan-web/.opencode/node_modules/kubernetes-types/events
v1.d.ts,2026-09-06 17:28:04 +0000,2026-09-06 17:28:04 +0000,,Mpeg-2 Transport Stream,6 KB,1,/Users/pq/aikagan-web/.opencode/node_modules/kubernetes-types/events/v1.d.ts,events,/Users/pq/aikagan-web/.opencode/node_modules/kubernetes-types/events
flowcontrol,2026-09-06 17:28:04 +0000,2026-09-06 17:28:04 +0000,,Folder,2 bytes,0,/Users/pq/aikagan-web/.opencode/node_modules/kubernetes-types/flowcontrol,kubernetes-types,/Users/pq/aikagan-web/.opencode/node_modules/kubernetes-types/flowcontrol
v1.d.ts,2026-09-06 17:28:04 +0000,2026-09-06 17:28:04 +0000,,Mpeg-2 Transport Stream,22 KB,1,/Users/pq/aikagan-web/.opencode/node_modules/kubernetes-types/flowcontrol/v1.d.ts,flowcontrol,/Users/pq/aikagan-web/.opencode/node_modules/kubernetes-types/flowcontrol
v1beta3.d.ts,2026-09-06 17:28:04 +0000,2026-09-06 17:28:04 +0000,,Mpeg-2 Transport Stream,22 KB,1,/Users/pq/aikagan-web/.opencode/node_modules/kubernetes-types/flowcontrol/v1beta3.d.ts,flowcontrol,/Users/pq/aikagan-web/.opencode/node_modules/kubernetes-types/flowcontrol
meta,2026-09-06 17:28:04 +0000,2026-09-06 17:28:04 +0000,,Folder,1 byte,0,/Users/pq/aikagan-web/.opencode/node_modules/kubernetes-types/meta,kubernetes-types,/Users/pq/aikagan-web/.opencode/node_modules/kubernetes-types/meta
v1.d.ts,2026-09-06 17:28:04 +0000,2026-09-06 17:28:04 +0000,,Mpeg-2 Transport Stream,33 KB,1,/Users/pq/aikagan-web/.opencode/node_modules/kubernetes-types/meta/v1.d.ts,meta,/Users/pq/aikagan-web/.opencode/node_modules/kubernetes-types/meta
networking,2026-09-06 17:28:04 +0000,2026-09-06 17:28:04 +0000,,Folder,2 bytes,0,/Users/pq/aikagan-web/.opencode/node_modules/kubernetes-types/networking,kubernetes-types,/Users/pq/aikagan-web/.opencode/node_modules/kubernetes-types/networking
v1.d.ts,2026-09-06 17:28:04 +0000,2026-09-06 17:28:04 +0000,,Mpeg-2 Transport Stream,26 KB,1,/Users/pq/aikagan-web/.opencode/node_modules/kubernetes-types/networking/v1.d.ts,networking,/Users/pq/aikagan-web/.opencode/node_modules/kubernetes-types/networking
v1alpha1.d.ts,2026-09-06 17:28:04 +0000,2026-09-06 17:28:04 +0000,,Mpeg-2 Transport Stream,7 KB,1,/Users/pq/aikagan-web/.opencode/node_modules/kubernetes-types/networking/v1alpha1.d.ts,networking,/Users/pq/aikagan-web/.opencode/node_modules/kubernetes-types/networking
node,2026-09-06 17:28:04 +0000,2026-09-06 17:28:04 +0000,,Folder,1 byte,0,/Users/pq/aikagan-web/.opencode/node_modules/kubernetes-types/node,kubernetes-types,/Users/pq/aikagan-web/.opencode/node_modules/kubernetes-types/node
v1.d.ts,2026-09-06 17:28:04 +0000,2026-09-06 17:28:04 +0000,,Mpeg-2 Transport Stream,5 KB,1,/Users/pq/aikagan-web/.opencode/node_modules/kubernetes-types/node/v1.d.ts,node,/Users/pq/aikagan-web/.opencode/node_modules/kubernetes-types/node
policy,2026-09-06 17:28:04 +0000,2026-09-06 17:28:04 +0000,,Folder,1 byte,0,/Users/pq/aikagan-web/.opencode/node_modules/kubernetes-types/policy,kubernetes-types,/Users/pq/aikagan-web/.opencode/node_modules/kubernetes-types/policy
v1.d.ts,2026-09-06 17:28:04 +0000,2026-09-06 17:28:04 +0000,,Mpeg-2 Transport Stream,9 KB,1,/Users/pq/aikagan-web/.opencode/node_modules/kubernetes-types/policy/v1.d.ts,policy,/Users/pq/aikagan-web/.opencode/node_modules/kubernetes-types/policy
rbac,2026-09-06 17:28:04 +0000,2026-09-06 17:28:04 +0000,,Folder,1 byte,0,/Users/pq/aikagan-web/.opencode/node_modules/kubernetes-types/rbac,kubernetes-types,/Users/pq/aikagan-web/.opencode/node_modules/kubernetes-types/rbac
v1.d.ts,2026-09-06 17:28:04 +0000,2026-09-06 17:28:04 +0000,,Mpeg-2 Transport Stream,12 KB,1,/Users/pq/aikagan-web/.opencode/node_modules/kubernetes-types/rbac/v1.d.ts,rbac,/Users/pq/aikagan-web/.opencode/node_modules/kubernetes-types/rbac
resource,2026-09-06 17:28:04 +0000,2026-09-06 17:28:04 +0000,,Folder,1 byte,0,/Users/pq/aikagan-web/.opencode/node_modules/kubernetes-types/resource,kubernetes-types,/Users/pq/aikagan-web/.opencode/node_modules/kubernetes-types/resource
v1alpha2.d.ts,2026-09-06 17:28:04 +0000,2026-09-06 17:28:04 +0000,,Mpeg-2 Transport Stream,32 KB,1,/Users/pq/aikagan-web/.opencode/node_modules/kubernetes-types/resource/v1alpha2.d.ts,resource,/Users/pq/aikagan-web/.opencode/node_modules/kubernetes-types/resource
scheduling,2026-09-06 17:28:04 +0000,2026-09-06 17:28:04 +0000,,Folder,1 byte,0,/Users/pq/aikagan-web/.opencode/node_modules/kubernetes-types/scheduling,kubernetes-types,/Users/pq/aikagan-web/.opencode/node_modules/kubernetes-types/scheduling
v1.d.ts,2026-09-06 17:28:04 +0000,2026-09-06 17:28:04 +0000,,Mpeg-2 Transport Stream,3 KB,1,/Users/pq/aikagan-web/.opencode/node_modules/kubernetes-types/scheduling/v1.d.ts,scheduling,/Users/pq/aikagan-web/.opencode/node_modules/kubernetes-types/scheduling
storage,2026-09-06 17:28:04 +0000,2026-09-06 17:28:04 +0000,,Folder,2 bytes,0,/Users/pq/aikagan-web/.opencode/node_modules/kubernetes-types/storage,kubernetes-types,/Users/pq/aikagan-web/.opencode/node_modules/kubernetes-types/storage
v1.d.ts,2026-09-06 17:28:04 +0000,2026-09-06 17:28:04 +0000,,Mpeg-2 Transport Stream,29 KB,1,/Users/pq/aikagan-web/.opencode/node_modules/kubernetes-types/storage/v1.d.ts,storage,/Users/pq/aikagan-web/.opencode/node_modules/kubernetes-types/storage
v1alpha1.d.ts,2026-09-06 17:28:04 +0000,2026-09-06 17:28:04 +0000,,Mpeg-2 Transport Stream,3 KB,1,/Users/pq/aikagan-web/.opencode/node_modules/kubernetes-types/storage/v1alpha1.d.ts,storage,/Users/pq/aikagan-web/.opencode/node_modules/kubernetes-types/storage
storagemigration,2026-09-06 17:28:04 +0000,2026-09-06 17:28:04 +0000,,Folder,1 byte,0,/Users/pq/aikagan-web/.opencode/node_modules/kubernetes-types/storagemigration,kubernetes-types,/Users/pq/aikagan-web/.opencode/node_modules/kubernetes-types/storagemigration
v1alpha1.d.ts,2026-09-06 17:28:04 +0000,2026-09-06 17:28:04 +0000,,Mpeg-2 Transport Stream,4 KB,1,/Users/pq/aikagan-web/.opencode/node_modules/kubernetes-types/storagemigration/v1alpha1.d.ts,storagemigration,/Users/pq/aikagan-web/.opencode/node_modules/kubernetes-types/storagemigration
msgpackr,2026-09-06 17:28:04 +0000,2026-09-06 17:28:03 +0000,,Folder,20 bytes,0,/Users/pq/aikagan-web/.opencode/node_modules/msgpackr,node_modules,/Users/pq/aikagan-web/.opencode/node_modules/msgpackr
LICENSE,2026-09-06 17:28:04 +0000,2026-09-06 17:28:04 +0000,,Text,1 KB,1,/Users/pq/aikagan-web/.opencode/node_modules/msgpackr/LICENSE,msgpackr,/Users/pq/aikagan-web/.opencode/node_modules/msgpackr
README.md,2026-09-06 17:28:04 +0000,2026-09-06 17:28:04 +0000,,Markdown Text,32 KB,1,/Users/pq/aikagan-web/.opencode/node_modules/msgpackr/README.md,msgpackr,/Users/pq/aikagan-web/.opencode/node_modules/msgpackr
SECURITY.md,2026-09-06 17:28:04 +0000,2026-09-06 17:28:04 +0000,,Markdown Text,233 bytes,1,/Users/pq/aikagan-web/.opencode/node_modules/msgpackr/SECURITY.md,msgpackr,/Users/pq/aikagan-web/.opencode/node_modules/msgpackr
benchmark.md,2026-09-06 17:28:04 +0000,2026-09-06 17:28:04 +0000,,Markdown Text,6 KB,1,/Users/pq/aikagan-web/.opencode/node_modules/msgpackr/benchmark.md,msgpackr,/Users/pq/aikagan-web/.opencode/node_modules/msgpackr
index.d.cts,2026-09-06 17:28:04 +0000,2026-09-06 17:28:04 +0000,,,4 KB,1,/Users/pq/aikagan-web/.opencode/node_modules/msgpackr/index.d.cts,msgpackr,/Users/pq/aikagan-web/.opencode/node_modules/msgpackr
index.d.ts,2026-09-06 17:28:04 +0000,2026-09-06 17:28:04 +0000,,Mpeg-2 Transport Stream,4 KB,1,/Users/pq/aikagan-web/.opencode/node_modules/msgpackr/index.d.ts,msgpackr,/Users/pq/aikagan-web/.opencode/node_modules/msgpackr
index.js,2026-09-06 17:28:04 +0000,2026-09-06 17:28:04 +0000,,Javascript,456 bytes,1,/Users/pq/aikagan-web/.opencode/node_modules/msgpackr/index.js,msgpackr,/Users/pq/aikagan-web/.opencode/node_modules/msgpackr
iterators.js,2026-09-06 17:28:04 +0000,2026-09-06 17:28:04 +0000,,Javascript,3 KB,1,/Users/pq/aikagan-web/.opencode/node_modules/msgpackr/iterators.js,msgpackr,/Users/pq/aikagan-web/.opencode/node_modules/msgpackr
node-index.js,2026-09-06 17:28:04 +0000,2026-09-06 17:28:04 +0000,,Javascript,1 KB,1,/Users/pq/aikagan-web/.opencode/node_modules/msgpackr/node-index.js,msgpackr,/Users/pq/aikagan-web/.opencode/node_modules/msgpackr
pack.d.cts,2026-09-06 17:28:04 +0000,2026-09-06 17:28:04 +0000,,,173 bytes,1,/Users/pq/aikagan-web/.opencode/node_modules/msgpackr/pack.d.cts,msgpackr,/Users/pq/aikagan-web/.opencode/node_modules/msgpackr
pack.d.ts,2026-09-06 17:28:04 +0000,2026-09-06 17:28:04 +0000,,Mpeg-2 Transport Stream,173 bytes,1,/Users/pq/aikagan-web/.opencode/node_modules/msgpackr/pack.d.ts,msgpackr,/Users/pq/aikagan-web/.opencode/node_modules/msgpackr
pack.js,2026-09-06 17:28:04 +0000,2026-09-06 17:28:04 +0000,,Javascript,42 KB,1,/Users/pq/aikagan-web/.opencode/node_modules/msgpackr/pack.js,msgpackr,/Users/pq/aikagan-web/.opencode/node_modules/msgpackr
package.json,2026-09-06 17:28:04 +0000,2026-09-06 17:28:04 +0000,,Json,3 KB,1,/Users/pq/aikagan-web/.opencode/node_modules/msgpackr/package.json,msgpackr,/Users/pq/aikagan-web/.opencode/node_modules/msgpackr
rollup.config.js,2026-09-06 17:28:04 +0000,2026-09-06 17:28:04 +0000,,Javascript,2 KB,1,/Users/pq/aikagan-web/.opencode/node_modules/msgpackr/rollup.config.js,msgpackr,/Users/pq/aikagan-web/.opencode/node_modules/msgpackr
stream.js,2026-09-06 17:28:04 +0000,2026-09-06 17:28:04 +0000,,Javascript,2 KB,1,/Users/pq/aikagan-web/.opencode/node_modules/msgpackr/stream.js,msgpackr,/Users/pq/aikagan-web/.opencode/node_modules/msgpackr
test-worker.js,2026-09-06 17:28:04 +0000,2026-09-06 17:28:04 +0000,,Javascript,50 bytes,1,/Users/pq/aikagan-web/.opencode/node_modules/msgpackr/test-worker.js,msgpackr,/Users/pq/aikagan-web/.opencode/node_modules/msgpackr
unpack.d.cts,2026-09-06 17:28:04 +0000,2026-09-06 17:28:04 +0000,,,148 bytes,1,/Users/pq/aikagan-web/.opencode/node_modules/msgpackr/unpack.d.cts,msgpackr,/Users/pq/aikagan-web/.opencode/node_modules/msgpackr
unpack.d.ts,2026-09-06 17:28:04 +0000,2026-09-06 17:28:04 +0000,,Mpeg-2 Transport Stream,148 bytes,1,/Users/pq/aikagan-web/.opencode/node_modules/msgpackr/unpack.d.ts,msgpackr,/Users/pq/aikagan-web/.opencode/node_modules/msgpackr
unpack.js,2026-09-06 17:28:04 +0000,2026-09-06 17:28:04 +0000,,Javascript,40 KB,1,/Users/pq/aikagan-web/.opencode/node_modules/msgpackr/unpack.js,msgpackr,/Users/pq/aikagan-web/.opencode/node_modules/msgpackr
msgpackr-extract,2026-09-06 17:28:04 +0000,2026-09-06 17:28:03 +0000,,Folder,7 bytes,0,/Users/pq/aikagan-web/.opencode/node_modules/msgpackr-extract,node_modules,/Users/pq/aikagan-web/.opencode/node_modules/msgpackr-extract
LICENSE,2026-09-06 17:28:04 +0000,2026-09-06 17:28:04 +0000,,Text,1 KB,1,/Users/pq/aikagan-web/.opencode/node_modules/msgpackr-extract/LICENSE,msgpackr-extract,/Users/pq/aikagan-web/.opencode/node_modules/msgpackr-extract
README.md,2026-09-06 17:28:04 +0000,2026-09-06 17:28:04 +0000,,Markdown Text,1 KB,1,/Users/pq/aikagan-web/.opencode/node_modules/msgpackr-extract/README.md,msgpackr-extract,/Users/pq/aikagan-web/.opencode/node_modules/msgpackr-extract
binding.gyp,2026-09-06 17:28:04 +0000,2026-09-06 17:28:04 +0000,,,2 KB,1,/Users/pq/aikagan-web/.opencode/node_modules/msgpackr-extract/binding.gyp,msgpackr-extract,/Users/pq/aikagan-web/.opencode/node_modules/msgpackr-extract
index.js,2026-09-06 17:28:04 +0000,2026-09-06 17:28:04 +0000,,Javascript,72 bytes,1,/Users/pq/aikagan-web/.opencode/node_modules/msgpackr-extract/index.js,msgpackr-extract,/Users/pq/aikagan-web/.opencode/node_modules/msgpackr-extract
package.json,2026-09-06 17:28:04 +0000,2026-09-06 17:28:04 +0000,,Json,2 KB,1,/Users/pq/aikagan-web/.opencode/node_modules/msgpackr-extract/package.json,msgpackr-extract,/Users/pq/aikagan-web/.opencode/node_modules/msgpackr-extract
bin,2026-09-06 17:28:04 +0000,2026-09-06 17:28:04 +0000,,Folder,1 byte,0,/Users/pq/aikagan-web/.opencode/node_modules/msgpackr-extract/bin,msgpackr-extract,/Users/pq/aikagan-web/.opencode/node_modules/msgpackr-extract/bin
download-prebuilds.js,2026-09-06 17:28:04 +0000,2026-09-06 17:28:04 +0000,,Javascript,336 bytes,1,/Users/pq/aikagan-web/.opencode/node_modules/msgpackr-extract/bin/download-prebuilds.js,bin,/Users/pq/aikagan-web/.opencode/node_modules/msgpackr-extract/bin
src,2026-09-06 17:28:04 +0000,2026-09-06 17:28:04 +0000,,Folder,1 byte,0,/Users/pq/aikagan-web/.opencode/node_modules/msgpackr-extract/src,msgpackr-extract,/Users/pq/aikagan-web/.opencode/node_modules/msgpackr-extract/src
extract.cpp,2026-09-06 17:28:04 +0000,2026-09-06 17:28:04 +0000,,C++ Source Code,9 KB,1,/Users/pq/aikagan-web/.opencode/node_modules/msgpackr-extract/src/extract.cpp,src,/Users/pq/aikagan-web/.opencode/node_modules/msgpackr-extract/src
dist,2026-09-06 17:28:04 +0000,2026-09-06 17:28:04 +0000,,Folder,14 bytes,0,/Users/pq/aikagan-web/.opencode/node_modules/msgpackr/dist,msgpackr,/Users/pq/aikagan-web/.opencode/node_modules/msgpackr/dist
index-no-eval.cjs,2026-09-06 17:28:04 +0000,2026-09-06 17:28:04 +0000,,Source Code Document,87 KB,1,/Users/pq/aikagan-web/.opencode/node_modules/msgpackr/dist/index-no-eval.cjs,dist,/Users/pq/aikagan-web/.opencode/node_modules/msgpackr/dist
index-no-eval.cjs.map,2026-09-06 17:28:04 +0000,2026-09-06 17:28:04 +0000,,,191 KB,1,/Users/pq/aikagan-web/.opencode/node_modules/msgpackr/dist/index-no-eval.cjs.map,dist,/Users/pq/aikagan-web/.opencode/node_modules/msgpackr/dist
index-no-eval.min.js,2026-09-06 17:28:04 +0000,2026-09-06 17:28:04 +0000,,Javascript,30 KB,1,/Users/pq/aikagan-web/.opencode/node_modules/msgpackr/dist/index-no-eval.min.js,dist,/Users/pq/aikagan-web/.opencode/node_modules/msgpackr/dist
index-no-eval.min.js.map,2026-09-06 17:28:04 +0000,2026-09-06 17:28:04 +0000,,,146 KB,1,/Users/pq/aikagan-web/.opencode/node_modules/msgpackr/dist/index-no-eval.min.js.map,dist,/Users/pq/aikagan-web/.opencode/node_modules/msgpackr/dist
index.js,2026-09-06 17:28:04 +0000,2026-09-06 17:28:04 +0000,,Javascript,87 KB,1,/Users/pq/aikagan-web/.opencode/node_modules/msgpackr/dist/index.js,dist,/Users/pq/aikagan-web/.opencode/node_modules/msgpackr/dist
index.js.map,2026-09-06 17:28:04 +0000,2026-09-06 17:28:04 +0000,,,191 KB,1,/Users/pq/aikagan-web/.opencode/node_modules/msgpackr/dist/index.js.map,dist,/Users/pq/aikagan-web/.opencode/node_modules/msgpackr/dist
index.min.js,2026-09-06 17:28:04 +0000,2026-09-06 17:28:04 +0000,,Javascript,30 KB,1,/Users/pq/aikagan-web/.opencode/node_modules/msgpackr/dist/index.min.js,dist,/Users/pq/aikagan-web/.opencode/node_modules/msgpackr/dist
index.min.js.map,2026-09-06 17:28:04 +0000,2026-09-06 17:28:04 +0000,,,146 KB,1,/Users/pq/aikagan-web/.opencode/node_modules/msgpackr/dist/index.min.js.map,dist,/Users/pq/aikagan-web/.opencode/node_modules/msgpackr/dist
node.cjs,2026-09-06 17:28:04 +0000,2026-09-06 17:28:04 +0000,,Source Code Document,88 KB,1,/Users/pq/aikagan-web/.opencode/node_modules/msgpackr/dist/node.cjs,dist,/Users/pq/aikagan-web/.opencode/node_modules/msgpackr/dist
node.cjs.map,2026-09-06 17:28:04 +0000,2026-09-06 17:28:04 +0000,,,198 KB,1,/Users/pq/aikagan-web/.opencode/node_modules/msgpackr/dist/node.cjs.map,dist,/Users/pq/aikagan-web/.opencode/node_modules/msgpackr/dist
test.js,2026-09-06 17:28:04 +0000,2026-09-06 17:28:04 +0000,,Javascript,134 KB,1,/Users/pq/aikagan-web/.opencode/node_modules/msgpackr/dist/test.js,dist,/Users/pq/aikagan-web/.opencode/node_modules/msgpackr/dist
test.js.map,2026-09-06 17:28:04 +0000,2026-09-06 17:28:04 +0000,,,308 KB,1,/Users/pq/aikagan-web/.opencode/node_modules/msgpackr/dist/test.js.map,dist,/Users/pq/aikagan-web/.opencode/node_modules/msgpackr/dist
unpack-no-eval.cjs,2026-09-06 17:28:04 +0000,2026-09-06 17:28:04 +0000,,Source Code Document,42 KB,1,/Users/pq/aikagan-web/.opencode/node_modules/msgpackr/dist/unpack-no-eval.cjs,dist,/Users/pq/aikagan-web/.opencode/node_modules/msgpackr/dist
unpack-no-eval.cjs.map,2026-09-06 17:28:04 +0000,2026-09-06 17:28:04 +0000,,,93 KB,1,/Users/pq/aikagan-web/.opencode/node_modules/msgpackr/dist/unpack-no-eval.cjs.map,dist,/Users/pq/aikagan-web/.opencode/node_modules/msgpackr/dist
multipasta,2026-09-06 17:28:04 +0000,2026-09-06 17:28:03 +0000,,Folder,5 bytes,0,/Users/pq/aikagan-web/.opencode/node_modules/multipasta,node_modules,/Users/pq/aikagan-web/.opencode/node_modules/multipasta
LICENSE,2026-09-06 17:28:04 +0000,2026-09-06 17:28:04 +0000,,Text,1 KB,1,/Users/pq/aikagan-web/.opencode/node_modules/multipasta/LICENSE,multipasta,/Users/pq/aikagan-web/.opencode/node_modules/multipasta
README.md,2026-09-06 17:28:04 +0000,2026-09-06 17:28:04 +0000,,Markdown Text,61 bytes,1,/Users/pq/aikagan-web/.opencode/node_modules/multipasta/README.md,multipasta,/Users/pq/aikagan-web/.opencode/node_modules/multipasta
package.json,2026-09-06 17:28:04 +0000,2026-09-06 17:28:04 +0000,,Json,1 KB,1,/Users/pq/aikagan-web/.opencode/node_modules/multipasta/package.json,multipasta,/Users/pq/aikagan-web/.opencode/node_modules/multipasta
dist,2026-09-06 17:28:04 +0000,2026-09-06 17:28:04 +0000,,Folder,3 bytes,0,/Users/pq/aikagan-web/.opencode/node_modules/multipasta/dist,multipasta,/Users/pq/aikagan-web/.opencode/node_modules/multipasta/dist
cjs,2026-09-06 17:28:04 +0000,2026-09-06 17:28:04 +0000,,Folder,11 bytes,0,/Users/pq/aikagan-web/.opencode/node_modules/multipasta/dist/cjs,dist,/Users/pq/aikagan-web/.opencode/node_modules/multipasta/dist/cjs
HeadersParser.js,2026-09-06 17:28:04 +0000,2026-09-06 17:28:04 +0000,,Javascript,986 bytes,1,/Users/pq/aikagan-web/.opencode/node_modules/multipasta/dist/cjs/HeadersParser.js,cjs,/Users/pq/aikagan-web/.opencode/node_modules/multipasta/dist/cjs
HeadersParser.js.map,2026-09-06 17:28:04 +0000,2026-09-06 17:28:04 +0000,,,1 KB,1,/Users/pq/aikagan-web/.opencode/node_modules/multipasta/dist/cjs/HeadersParser.js.map,cjs,/Users/pq/aikagan-web/.opencode/node_modules/multipasta/dist/cjs
Search.js,2026-09-06 17:28:04 +0000,2026-09-06 17:28:04 +0000,,Javascript,978 bytes,1,/Users/pq/aikagan-web/.opencode/node_modules/multipasta/dist/cjs/Search.js,cjs,/Users/pq/aikagan-web/.opencode/node_modules/multipasta/dist/cjs
Search.js.map,2026-09-06 17:28:04 +0000,2026-09-06 17:28:04 +0000,,,1 KB,1,/Users/pq/aikagan-web/.opencode/node_modules/multipasta/dist/cjs/Search.js.map,cjs,/Users/pq/aikagan-web/.opencode/node_modules/multipasta/dist/cjs
index.js,2026-09-06 17:28:04 +0000,2026-09-06 17:28:04 +0000,,Javascript,1 KB,1,/Users/pq/aikagan-web/.opencode/node_modules/multipasta/dist/cjs/index.js,cjs,/Users/pq/aikagan-web/.opencode/node_modules/multipasta/dist/cjs
index.js.map,2026-09-06 17:28:04 +0000,2026-09-06 17:28:04 +0000,,,1 KB,1,/Users/pq/aikagan-web/.opencode/node_modules/multipasta/dist/cjs/index.js.map,cjs,/Users/pq/aikagan-web/.opencode/node_modules/multipasta/dist/cjs
node.js,2026-09-06 17:28:04 +0000,2026-09-06 17:28:04 +0000,,Javascript,3 KB,1,/Users/pq/aikagan-web/.opencode/node_modules/multipasta/dist/cjs/node.js,cjs,/Users/pq/aikagan-web/.opencode/node_modules/multipasta/dist/cjs
node.js.map,2026-09-06 17:28:04 +0000,2026-09-06 17:28:04 +0000,,,4 KB,1,/Users/pq/aikagan-web/.opencode/node_modules/multipasta/dist/cjs/node.js.map,cjs,/Users/pq/aikagan-web/.opencode/node_modules/multipasta/dist/cjs
web.js,2026-09-06 17:28:04 +0000,2026-09-06 17:28:04 +0000,,Javascript,4 KB,1,/Users/pq/aikagan-web/.opencode/node_modules/multipasta/dist/cjs/web.js,cjs,/Users/pq/aikagan-web/.opencode/node_modules/multipasta/dist/cjs
web.js.map,2026-09-06 17:28:04 +0000,2026-09-06 17:28:04 +0000,,,4 KB,1,/Users/pq/aikagan-web/.opencode/node_modules/multipasta/dist/cjs/web.js.map,cjs,/Users/pq/aikagan-web/.opencode/node_modules/multipasta/dist/cjs
internal,2026-09-06 17:28:04 +0000,2026-09-06 17:28:04 +0000,,Folder,8 bytes,0,/Users/pq/aikagan-web/.opencode/node_modules/multipasta/dist/cjs/internal,cjs,/Users/pq/aikagan-web/.opencode/node_modules/multipasta/dist/cjs/internal
contentType.js,2026-09-06 17:28:04 +0000,2026-09-06 17:28:04 +0000,,Javascript,3 KB,1,/Users/pq/aikagan-web/.opencode/node_modules/multipasta/dist/cjs/internal/contentType.js,internal,/Users/pq/aikagan-web/.opencode/node_modules/multipasta/dist/cjs/internal
contentType.js.map,2026-09-06 17:28:04 +0000,2026-09-06 17:28:04 +0000,,,2 KB,1,/Users/pq/aikagan-web/.opencode/node_modules/multipasta/dist/cjs/internal/contentType.js.map,internal,/Users/pq/aikagan-web/.opencode/node_modules/multipasta/dist/cjs/internal
headers.js,2026-09-06 17:28:04 +0000,2026-09-06 17:28:04 +0000,,Javascript,7 KB,1,/Users/pq/aikagan-web/.opencode/node_modules/multipasta/dist/cjs/internal/headers.js,internal,/Users/pq/aikagan-web/.opencode/node_modules/multipasta/dist/cjs/internal
headers.js.map,2026-09-06 17:28:04 +0000,2026-09-06 17:28:04 +0000,,,11 KB,1,/Users/pq/aikagan-web/.opencode/node_modules/multipasta/dist/cjs/internal/headers.js.map,internal,/Users/pq/aikagan-web/.opencode/node_modules/multipasta/dist/cjs/internal
multipart.js,2026-09-06 17:28:04 +0000,2026-09-06 17:28:04 +0000,,Javascript,7 KB,1,/Users/pq/aikagan-web/.opencode/node_modules/multipasta/dist/cjs/internal/multipart.js,internal,/Users/pq/aikagan-web/.opencode/node_modules/multipasta/dist/cjs/internal
multipart.js.map,2026-09-06 17:28:04 +0000,2026-09-06 17:28:04 +0000,,,9 KB,1,/Users/pq/aikagan-web/.opencode/node_modules/multipasta/dist/cjs/internal/multipart.js.map,internal,/Users/pq/aikagan-web/.opencode/node_modules/multipasta/dist/cjs/internal
search.js,2026-09-06 17:28:04 +0000,2026-09-06 17:28:04 +0000,,Javascript,4 KB,1,/Users/pq/aikagan-web/.opencode/node_modules/multipasta/dist/cjs/internal/search.js,internal,/Users/pq/aikagan-web/.opencode/node_modules/multipasta/dist/cjs/internal
search.js.map,2026-09-06 17:28:04 +0000,2026-09-06 17:28:04 +0000,,,5 KB,1,/Users/pq/aikagan-web/.opencode/node_modules/multipasta/dist/cjs/internal/search.js.map,internal,/Users/pq/aikagan-web/.opencode/node_modules/multipasta/dist/cjs/internal
dts,2026-09-06 17:28:04 +0000,2026-09-06 17:28:04 +0000,,Folder,11 bytes,0,/Users/pq/aikagan-web/.opencode/node_modules/multipasta/dist/dts,dist,/Users/pq/aikagan-web/.opencode/node_modules/multipasta/dist/dts
HeadersParser.d.ts,2026-09-06 17:28:04 +0000,2026-09-06 17:28:04 +0000,,Mpeg-2 Transport Stream,666 bytes,1,/Users/pq/aikagan-web/.opencode/node_modules/multipasta/dist/dts/HeadersParser.d.ts,dts,/Users/pq/aikagan-web/.opencode/node_modules/multipasta/dist/dts
HeadersParser.d.ts.map,2026-09-06 17:28:04 +0000,2026-09-06 17:28:04 +0000,,,772 bytes,1,/Users/pq/aikagan-web/.opencode/node_modules/multipasta/dist/dts/HeadersParser.d.ts.map,dts,/Users/pq/aikagan-web/.opencode/node_modules/multipasta/dist/dts
Search.d.ts,2026-09-06 17:28:04 +0000,2026-09-06 17:28:04 +0000,,Mpeg-2 Transport Stream,221 bytes,1,/Users/pq/aikagan-web/.opencode/node_modules/multipasta/dist/dts/Search.d.ts,dts,/Users/pq/aikagan-web/.opencode/node_modules/multipasta/dist/dts
Search.d.ts.map,2026-09-06 17:28:04 +0000,2026-09-06 17:28:04 +0000,,,336 bytes,1,/Users/pq/aikagan-web/.opencode/node_modules/multipasta/dist/dts/Search.d.ts.map,dts,/Users/pq/aikagan-web/.opencode/node_modules/multipasta/dist/dts
index.d.ts,2026-09-06 17:28:04 +0000,2026-09-06 17:28:04 +0000,,Mpeg-2 Transport Stream,2 KB,1,/Users/pq/aikagan-web/.opencode/node_modules/multipasta/dist/dts/index.d.ts,dts,/Users/pq/aikagan-web/.opencode/node_modules/multipasta/dist/dts
index.d.ts.map,2026-09-06 17:28:04 +0000,2026-09-06 17:28:04 +0000,,,2 KB,1,/Users/pq/aikagan-web/.opencode/node_modules/multipasta/dist/dts/index.d.ts.map,dts,/Users/pq/aikagan-web/.opencode/node_modules/multipasta/dist/dts
node.d.ts,2026-09-06 17:28:04 +0000,2026-09-06 17:28:04 +0000,,Mpeg-2 Transport Stream,2 KB,1,/Users/pq/aikagan-web/.opencode/node_modules/multipasta/dist/dts/node.d.ts,dts,/Users/pq/aikagan-web/.opencode/node_modules/multipasta/dist/dts
node.d.ts.map,2026-09-06 17:28:04 +0000,2026-09-06 17:28:04 +0000,,,3 KB,1,/Users/pq/aikagan-web/.opencode/node_modules/multipasta/dist/dts/node.d.ts.map,dts,/Users/pq/aikagan-web/.opencode/node_modules/multipasta/dist/dts
web.d.ts,2026-09-06 17:28:04 +0000,2026-09-06 17:28:04 +0000,,Mpeg-2 Transport Stream,752 bytes,1,/Users/pq/aikagan-web/.opencode/node_modules/multipasta/dist/dts/web.d.ts,dts,/Users/pq/aikagan-web/.opencode/node_modules/multipasta/dist/dts
web.d.ts.map,2026-09-06 17:28:04 +0000,2026-09-06 17:28:04 +0000,,,879 bytes,1,/Users/pq/aikagan-web/.opencode/node_modules/multipasta/dist/dts/web.d.ts.map,dts,/Users/pq/aikagan-web/.opencode/node_modules/multipasta/dist/dts
internal,2026-09-06 17:28:04 +0000,2026-09-06 17:28:04 +0000,,Folder,8 bytes,0,/Users/pq/aikagan-web/.opencode/node_modules/multipasta/dist/dts/internal,dts,/Users/pq/aikagan-web/.opencode/node_modules/multipasta/dist/dts/internal
contentType.d.ts,2026-09-06 17:28:04 +0000,2026-09-06 17:28:04 +0000,,Mpeg-2 Transport Stream,206 bytes,1,/Users/pq/aikagan-web/.opencode/node_modules/multipasta/dist/dts/internal/contentType.d.ts,internal,/Users/pq/aikagan-web/.opencode/node_modules/multipasta/dist/dts/internal
contentType.d.ts.map,2026-09-06 17:28:04 +0000,2026-09-06 17:28:04 +0000,,,309 bytes,1,/Users/pq/aikagan-web/.opencode/node_modules/multipasta/dist/dts/internal/contentType.d.ts.map,internal,/Users/pq/aikagan-web/.opencode/node_modules/multipasta/dist/dts/internal
headers.d.ts,2026-09-06 17:28:04 +0000,2026-09-06 17:28:04 +0000,,Mpeg-2 Transport Stream,171 bytes,1,/Users/pq/aikagan-web/.opencode/node_modules/multipasta/dist/dts/internal/headers.d.ts,internal,/Users/pq/aikagan-web/.opencode/node_modules/multipasta/dist/dts/internal
headers.d.ts.map,2026-09-06 17:28:04 +0000,2026-09-06 17:28:04 +0000,,,232 bytes,1,/Users/pq/aikagan-web/.opencode/node_modules/multipasta/dist/dts/internal/headers.d.ts.map,internal,/Users/pq/aikagan-web/.opencode/node_modules/multipasta/dist/dts/internal
multipart.d.ts,2026-09-06 17:28:04 +0000,2026-09-06 17:28:04 +0000,,Mpeg-2 Transport Stream,468 bytes,1,/Users/pq/aikagan-web/.opencode/node_modules/multipasta/dist/dts/internal/multipart.d.ts,internal,/Users/pq/aikagan-web/.opencode/node_modules/multipasta/dist/dts/internal
multipart.d.ts.map,2026-09-06 17:28:04 +0000,2026-09-06 17:28:04 +0000,,,473 bytes,1,/Users/pq/aikagan-web/.opencode/node_modules/multipasta/dist/dts/internal/multipart.d.ts.map,internal,/Users/pq/aikagan-web/.opencode/node_modules/multipasta/dist/dts/internal
search.d.ts,2026-09-06 17:28:04 +0000,2026-09-06 17:28:04 +0000,,Mpeg-2 Transport Stream,239 bytes,1,/Users/pq/aikagan-web/.opencode/node_modules/multipasta/dist/dts/internal/search.d.ts,internal,/Users/pq/aikagan-web/.opencode/node_modules/multipasta/dist/dts/internal
search.d.ts.map,2026-09-06 17:28:04 +0000,2026-09-06 17:28:04 +0000,,,291 bytes,1,/Users/pq/aikagan-web/.opencode/node_modules/multipasta/dist/dts/internal/search.d.ts.map,internal,/Users/pq/aikagan-web/.opencode/node_modules/multipasta/dist/dts/internal
esm,2026-09-06 17:28:04 +0000,2026-09-06 17:28:04 +0000,,Folder,12 bytes,0,/Users/pq/aikagan-web/.opencode/node_modules/multipasta/dist/esm,dist,/Users/pq/aikagan-web/.opencode/node_modules/multipasta/dist/esm
HeadersParser.js,2026-09-06 17:28:04 +0000,2026-09-06 17:28:04 +0000,,Javascript,127 bytes,1,/Users/pq/aikagan-web/.opencode/node_modules/multipasta/dist/esm/HeadersParser.js,esm,/Users/pq/aikagan-web/.opencode/node_modules/multipasta/dist/esm
HeadersParser.js.map,2026-09-06 17:28:04 +0000,2026-09-06 17:28:04 +0000,,,239 bytes,1,/Users/pq/aikagan-web/.opencode/node_modules/multipasta/dist/esm/HeadersParser.js.map,esm,/Users/pq/aikagan-web/.opencode/node_modules/multipasta/dist/esm
Search.js,2026-09-06 17:28:04 +0000,2026-09-06 17:28:04 +0000,,Javascript,119 bytes,1,/Users/pq/aikagan-web/.opencode/node_modules/multipasta/dist/esm/Search.js,esm,/Users/pq/aikagan-web/.opencode/node_modules/multipasta/dist/esm
Search.js.map,2026-09-06 17:28:04 +0000,2026-09-06 17:28:04 +0000,,,224 bytes,1,/Users/pq/aikagan-web/.opencode/node_modules/multipasta/dist/esm/Search.js.map,esm,/Users/pq/aikagan-web/.opencode/node_modules/multipasta/dist/esm
index.js,2026-09-06 17:28:04 +0000,2026-09-06 17:28:04 +0000,,Javascript,223 bytes,1,/Users/pq/aikagan-web/.opencode/node_modules/multipasta/dist/esm/index.js,esm,/Users/pq/aikagan-web/.opencode/node_modules/multipasta/dist/esm
index.js.map,2026-09-06 17:28:04 +0000,2026-09-06 17:28:04 +0000,,,344 bytes,1,/Users/pq/aikagan-web/.opencode/node_modules/multipasta/dist/esm/index.js.map,esm,/Users/pq/aikagan-web/.opencode/node_modules/multipasta/dist/esm
node.js,2026-09-06 17:28:04 +0000,2026-09-06 17:28:04 +0000,,Javascript,2 KB,1,/Users/pq/aikagan-web/.opencode/node_modules/multipasta/dist/esm/node.js,esm,/Users/pq/aikagan-web/.opencode/node_modules/multipasta/dist/esm
node.js.map,2026-09-06 17:28:04 +0000,2026-09-06 17:28:04 +0000,,,3 KB,1,/Users/pq/aikagan-web/.opencode/node_modules/multipasta/dist/esm/node.js.map,esm,/Users/pq/aikagan-web/.opencode/node_modules/multipasta/dist/esm
package.json,2026-09-06 17:28:04 +0000,2026-09-06 17:28:04 +0000,,Json,47 bytes,1,/Users/pq/aikagan-web/.opencode/node_modules/multipasta/dist/esm/package.json,esm,/Users/pq/aikagan-web/.opencode/node_modules/multipasta/dist/esm
web.js,2026-09-06 17:28:04 +0000,2026-09-06 17:28:04 +0000,,Javascript,3 KB,1,/Users/pq/aikagan-web/.opencode/node_modules/multipasta/dist/esm/web.js,esm,/Users/pq/aikagan-web/.opencode/node_modules/multipasta/dist/esm
web.js.map,2026-09-06 17:28:04 +0000,2026-09-06 17:28:04 +0000,,,3 KB,1,/Users/pq/aikagan-web/.opencode/node_modules/multipasta/dist/esm/web.js.map,esm,/Users/pq/aikagan-web/.opencode/node_modules/multipasta/dist/esm
internal,2026-09-06 17:28:04 +0000,2026-09-06 17:28:04 +0000,,Folder,8 bytes,0,/Users/pq/aikagan-web/.opencode/node_modules/multipasta/dist/esm/internal,esm,/Users/pq/aikagan-web/.opencode/node_modules/multipasta/dist/esm/internal
contentType.js,2026-09-06 17:28:04 +0000,2026-09-06 17:28:04 +0000,,Javascript,3 KB,1,/Users/pq/aikagan-web/.opencode/node_modules/multipasta/dist/esm/internal/contentType.js,internal,/Users/pq/aikagan-web/.opencode/node_modules/multipasta/dist/esm/internal
contentType.js.map,2026-09-06 17:28:04 +0000,2026-09-06 17:28:04 +0000,,,2 KB,1,/Users/pq/aikagan-web/.opencode/node_modules/multipasta/dist/esm/internal/contentType.js.map,internal,/Users/pq/aikagan-web/.opencode/node_modules/multipasta/dist/esm/internal
headers.js,2026-09-06 17:28:04 +0000,2026-09-06 17:28:04 +0000,,Javascript,7 KB,1,/Users/pq/aikagan-web/.opencode/node_modules/multipasta/dist/esm/internal/headers.js,internal,/Users/pq/aikagan-web/.opencode/node_modules/multipasta/dist/esm/internal
headers.js.map,2026-09-06 17:28:04 +0000,2026-09-06 17:28:04 +0000,,,11 KB,1,/Users/pq/aikagan-web/.opencode/node_modules/multipasta/dist/esm/internal/headers.js.map,internal,/Users/pq/aikagan-web/.opencode/node_modules/multipasta/dist/esm/internal
multipart.js,2026-09-06 17:28:04 +0000,2026-09-06 17:28:04 +0000,,Javascript,6 KB,1,/Users/pq/aikagan-web/.opencode/node_modules/multipasta/dist/esm/internal/multipart.js,internal,/Users/pq/aikagan-web/.opencode/node_modules/multipasta/dist/esm/internal
multipart.js.map,2026-09-06 17:28:04 +0000,2026-09-06 17:28:04 +0000,,,8 KB,1,/Users/pq/aikagan-web/.opencode/node_modules/multipasta/dist/esm/internal/multipart.js.map,internal,/Users/pq/aikagan-web/.opencode/node_modules/multipasta/dist/esm/internal
search.js,2026-09-06 17:28:04 +0000,2026-09-06 17:28:04 +0000,,Javascript,4 KB,1,/Users/pq/aikagan-web/.opencode/node_modules/multipasta/dist/esm/internal/search.js,internal,/Users/pq/aikagan-web/.opencode/node_modules/multipasta/dist/esm/internal
search.js.map,2026-09-06 17:28:04 +0000,2026-09-06 17:28:04 +0000,,,5 KB,1,/Users/pq/aikagan-web/.opencode/node_modules/multipasta/dist/esm/internal/search.js.map,internal,/Users/pq/aikagan-web/.opencode/node_modules/multipasta/dist/esm/internal
src,2026-09-06 17:28:04 +0000,2026-09-06 17:28:04 +0000,,Folder,6 bytes,0,/Users/pq/aikagan-web/.opencode/node_modules/multipasta/src,multipasta,/Users/pq/aikagan-web/.opencode/node_modules/multipasta/src
HeadersParser.ts,2026-09-06 17:28:04 +0000,2026-09-06 17:28:04 +0000,,Mpeg-2 Transport Stream,675 bytes,1,/Users/pq/aikagan-web/.opencode/node_modules/multipasta/src/HeadersParser.ts,src,/Users/pq/aikagan-web/.opencode/node_modules/multipasta/src
Search.ts,2026-09-06 17:28:04 +0000,2026-09-06 17:28:04 +0000,,Mpeg-2 Transport Stream,242 bytes,1,/Users/pq/aikagan-web/.opencode/node_modules/multipasta/src/Search.ts,src,/Users/pq/aikagan-web/.opencode/node_modules/multipasta/src
index.ts,2026-09-06 17:28:04 +0000,2026-09-06 17:28:04 +0000,,Mpeg-2 Transport Stream,2 KB,1,/Users/pq/aikagan-web/.opencode/node_modules/multipasta/src/index.ts,src,/Users/pq/aikagan-web/.opencode/node_modules/multipasta/src
node.ts,2026-09-06 17:28:04 +0000,2026-09-06 17:28:04 +0000,,Mpeg-2 Transport Stream,4 KB,1,/Users/pq/aikagan-web/.opencode/node_modules/multipasta/src/node.ts,src,/Users/pq/aikagan-web/.opencode/node_modules/multipasta/src
web.ts,2026-09-06 17:28:04 +0000,2026-09-06 17:28:04 +0000,,Mpeg-2 Transport Stream,3 KB,1,/Users/pq/aikagan-web/.opencode/node_modules/multipasta/src/web.ts,src,/Users/pq/aikagan-web/.opencode/node_modules/multipasta/src
internal,2026-09-06 17:28:04 +0000,2026-09-06 17:28:04 +0000,,Folder,4 bytes,0,/Users/pq/aikagan-web/.opencode/node_modules/multipasta/src/internal,src,/Users/pq/aikagan-web/.opencode/node_modules/multipasta/src/internal
contentType.ts,2026-09-06 17:28:04 +0000,2026-09-06 17:28:04 +0000,,Mpeg-2 Transport Stream,3 KB,1,/Users/pq/aikagan-web/.opencode/node_modules/multipasta/src/internal/contentType.ts,internal,/Users/pq/aikagan-web/.opencode/node_modules/multipasta/src/internal
headers.ts,2026-09-06 17:28:04 +0000,2026-09-06 17:28:04 +0000,,Mpeg-2 Transport Stream,8 KB,1,/Users/pq/aikagan-web/.opencode/node_modules/multipasta/src/internal/headers.ts,internal,/Users/pq/aikagan-web/.opencode/node_modules/multipasta/src/internal
multipart.ts,2026-09-06 17:28:04 +0000,2026-09-06 17:28:04 +0000,,Mpeg-2 Transport Stream,7 KB,1,/Users/pq/aikagan-web/.opencode/node_modules/multipasta/src/internal/multipart.ts,internal,/Users/pq/aikagan-web/.opencode/node_modules/multipasta/src/internal
search.ts,2026-09-06 17:28:04 +0000,2026-09-06 17:28:04 +0000,,Mpeg-2 Transport Stream,4 KB,1,/Users/pq/aikagan-web/.opencode/node_modules/multipasta/src/internal/search.ts,internal,/Users/pq/aikagan-web/.opencode/node_modules/multipasta/src/internal
node-gyp-build-optional-packages,2026-09-06 17:28:04 +0000,2026-09-06 17:28:03 +0000,,Folder,8 bytes,0,/Users/pq/aikagan-web/.opencode/node_modules/node-gyp-build-optional-packages,node_modules,/Users/pq/aikagan-web/.opencode/node_modules/node-gyp-build-optional-packages
LICENSE,2026-09-06 17:28:04 +0000,2026-09-06 17:28:04 +0000,,Text,1 KB,1,/Users/pq/aikagan-web/.opencode/node_modules/node-gyp-build-optional-packages/LICENSE,node-gyp-build-optional-packages,/Users/pq/aikagan-web/.opencode/node_modules/node-gyp-build-optional-packages
README.md,2026-09-06 17:28:04 +0000,2026-09-06 17:28:04 +0000,,Markdown Text,2 KB,1,/Users/pq/aikagan-web/.opencode/node_modules/node-gyp-build-optional-packages/README.md,node-gyp-build-optional-packages,/Users/pq/aikagan-web/.opencode/node_modules/node-gyp-build-optional-packages
bin.js,2026-09-06 17:28:04 +0000,2026-09-06 17:28:04 +0000,,Javascript,2 KB,1,/Users/pq/aikagan-web/.opencode/node_modules/node-gyp-build-optional-packages/bin.js,node-gyp-build-optional-packages,/Users/pq/aikagan-web/.opencode/node_modules/node-gyp-build-optional-packages
build-test.js,2026-09-06 17:28:04 +0000,2026-09-06 17:28:04 +0000,,Javascript,398 bytes,1,/Users/pq/aikagan-web/.opencode/node_modules/node-gyp-build-optional-packages/build-test.js,node-gyp-build-optional-packages,/Users/pq/aikagan-web/.opencode/node_modules/node-gyp-build-optional-packages
index.js,2026-09-06 17:28:04 +0000,2026-09-06 17:28:04 +0000,,Javascript,390 bytes,1,/Users/pq/aikagan-web/.opencode/node_modules/node-gyp-build-optional-packages/index.js,node-gyp-build-optional-packages,/Users/pq/aikagan-web/.opencode/node_modules/node-gyp-build-optional-packages
node-gyp-build.js,2026-09-06 17:28:04 +0000,2026-09-06 17:28:04 +0000,,Javascript,7 KB,1,/Users/pq/aikagan-web/.opencode/node_modules/node-gyp-build-optional-packages/node-gyp-build.js,node-gyp-build-optional-packages,/Users/pq/aikagan-web/.opencode/node_modules/node-gyp-build-optional-packages
optional.js,2026-09-06 17:28:04 +0000,2026-09-06 17:28:04 +0000,,Javascript,143 bytes,1,/Users/pq/aikagan-web/.opencode/node_modules/node-gyp-build-optional-packages/optional.js,node-gyp-build-optional-packages,/Users/pq/aikagan-web/.opencode/node_modules/node-gyp-build-optional-packages
package.json,2026-09-06 17:28:04 +0000,2026-09-06 17:28:04 +0000,,Json,897 bytes,1,/Users/pq/aikagan-web/.opencode/node_modules/node-gyp-build-optional-packages/package.json,node-gyp-build-optional-packages,/Users/pq/aikagan-web/.opencode/node_modules/node-gyp-build-optional-packages
path-key,2026-09-06 17:28:04 +0000,2026-09-06 17:28:03 +0000,,Folder,5 bytes,0,/Users/pq/aikagan-web/.opencode/node_modules/path-key,node_modules,/Users/pq/aikagan-web/.opencode/node_modules/path-key
index.d.ts,2026-09-06 17:28:04 +0000,2026-09-06 17:28:04 +0000,,Mpeg-2 Transport Stream,1 KB,1,/Users/pq/aikagan-web/.opencode/node_modules/path-key/index.d.ts,path-key,/Users/pq/aikagan-web/.opencode/node_modules/path-key
index.js,2026-09-06 17:28:04 +0000,2026-09-06 17:28:03 +0000,,Javascript,415 bytes,1,/Users/pq/aikagan-web/.opencode/node_modules/path-key/index.js,path-key,/Users/pq/aikagan-web/.opencode/node_modules/path-key
license,2026-09-06 17:28:03 +0000,2026-09-06 17:28:03 +0000,,Data,1 KB,1,/Users/pq/aikagan-web/.opencode/node_modules/path-key/license,path-key,/Users/pq/aikagan-web/.opencode/node_modules/path-key
package.json,2026-09-06 17:28:04 +0000,2026-09-06 17:28:04 +0000,,Json,650 bytes,1,/Users/pq/aikagan-web/.opencode/node_modules/path-key/package.json,path-key,/Users/pq/aikagan-web/.opencode/node_modules/path-key
readme.md,2026-09-06 17:28:04 +0000,2026-09-06 17:28:04 +0000,,Markdown Text,1 KB,1,/Users/pq/aikagan-web/.opencode/node_modules/path-key/readme.md,path-key,/Users/pq/aikagan-web/.opencode/node_modules/path-key
pure-rand,2026-09-06 17:28:04 +0000,2026-09-06 17:28:03 +0000,,Folder,4 bytes,0,/Users/pq/aikagan-web/.opencode/node_modules/pure-rand,node_modules,/Users/pq/aikagan-web/.opencode/node_modules/pure-rand
LICENSE,2026-09-06 17:28:04 +0000,2026-09-06 17:28:04 +0000,,Text,1 KB,1,/Users/pq/aikagan-web/.opencode/node_modules/pure-rand/LICENSE,pure-rand,/Users/pq/aikagan-web/.opencode/node_modules/pure-rand
README.md,2026-09-06 17:28:04 +0000,2026-09-06 17:28:04 +0000,,Markdown Text,10 KB,1,/Users/pq/aikagan-web/.opencode/node_modules/pure-rand/README.md,pure-rand,/Users/pq/aikagan-web/.opencode/node_modules/pure-rand
package.json,2026-09-06 17:28:04 +0000,2026-09-06 17:28:04 +0000,,Json,5 KB,1,/Users/pq/aikagan-web/.opencode/node_modules/pure-rand/package.json,pure-rand,/Users/pq/aikagan-web/.opencode/node_modules/pure-rand
lib,2026-09-06 17:28:04 +0000,2026-09-06 17:28:04 +0000,,Folder,6 bytes,0,/Users/pq/aikagan-web/.opencode/node_modules/pure-rand/lib,pure-rand,/Users/pq/aikagan-web/.opencode/node_modules/pure-rand/lib
RandomGenerator-DcXj09Ch.d.ts,2026-09-06 17:28:04 +0000,2026-09-06 17:28:04 +0000,,Mpeg-2 Transport Stream,487 bytes,1,/Users/pq/aikagan-web/.opencode/node_modules/pure-rand/lib/RandomGenerator-DcXj09Ch.d.ts,lib,/Users/pq/aikagan-web/.opencode/node_modules/pure-rand/lib
distribution,2026-09-06 17:28:04 +0000,2026-09-06 17:28:04 +0000,,Folder,8 bytes,0,/Users/pq/aikagan-web/.opencode/node_modules/pure-rand/lib/distribution,lib,/Users/pq/aikagan-web/.opencode/node_modules/pure-rand/lib/distribution
uniformBigInt.d.ts,2026-09-06 17:28:04 +0000,2026-09-06 17:28:04 +0000,,Mpeg-2 Transport Stream,528 bytes,1,/Users/pq/aikagan-web/.opencode/node_modules/pure-rand/lib/distribution/uniformBigInt.d.ts,distribution,/Users/pq/aikagan-web/.opencode/node_modules/pure-rand/lib/distribution
uniformBigInt.js,2026-09-06 17:28:04 +0000,2026-09-06 17:28:04 +0000,,Javascript,1 KB,1,/Users/pq/aikagan-web/.opencode/node_modules/pure-rand/lib/distribution/uniformBigInt.js,distribution,/Users/pq/aikagan-web/.opencode/node_modules/pure-rand/lib/distribution
uniformFloat32.d.ts,2026-09-06 17:28:04 +0000,2026-09-06 17:28:04 +0000,,Mpeg-2 Transport Stream,498 bytes,1,/Users/pq/aikagan-web/.opencode/node_modules/pure-rand/lib/distribution/uniformFloat32.d.ts,distribution,/Users/pq/aikagan-web/.opencode/node_modules/pure-rand/lib/distribution
uniformFloat32.js,2026-09-06 17:28:04 +0000,2026-09-06 17:28:04 +0000,,Javascript,578 bytes,1,/Users/pq/aikagan-web/.opencode/node_modules/pure-rand/lib/distribution/uniformFloat32.js,distribution,/Users/pq/aikagan-web/.opencode/node_modules/pure-rand/lib/distribution
uniformFloat64.d.ts,2026-09-06 17:28:04 +0000,2026-09-06 17:28:04 +0000,,Mpeg-2 Transport Stream,498 bytes,1,/Users/pq/aikagan-web/.opencode/node_modules/pure-rand/lib/distribution/uniformFloat64.d.ts,distribution,/Users/pq/aikagan-web/.opencode/node_modules/pure-rand/lib/distribution
uniformFloat64.js,2026-09-06 17:28:04 +0000,2026-09-06 17:28:04 +0000,,Javascript,726 bytes,1,/Users/pq/aikagan-web/.opencode/node_modules/pure-rand/lib/distribution/uniformFloat64.js,distribution,/Users/pq/aikagan-web/.opencode/node_modules/pure-rand/lib/distribution
uniformInt.d.ts,2026-09-06 17:28:04 +0000,2026-09-06 17:28:04 +0000,,Mpeg-2 Transport Stream,520 bytes,1,/Users/pq/aikagan-web/.opencode/node_modules/pure-rand/lib/distribution/uniformInt.d.ts,distribution,/Users/pq/aikagan-web/.opencode/node_modules/pure-rand/lib/distribution
uniformInt.js,2026-09-06 17:28:04 +0000,2026-09-06 17:28:04 +0000,,Javascript,4 KB,1,/Users/pq/aikagan-web/.opencode/node_modules/pure-rand/lib/distribution/uniformInt.js,distribution,/Users/pq/aikagan-web/.opencode/node_modules/pure-rand/lib/distribution
esm,2026-09-06 17:28:04 +0000,2026-09-06 17:28:04 +0000,,Folder,6 bytes,0,/Users/pq/aikagan-web/.opencode/node_modules/pure-rand/lib/esm,lib,/Users/pq/aikagan-web/.opencode/node_modules/pure-rand/lib/esm
RandomGenerator-DcXj09Ch.d.ts,2026-09-06 17:28:04 +0000,2026-09-06 17:28:04 +0000,,Mpeg-2 Transport Stream,487 bytes,1,/Users/pq/aikagan-web/.opencode/node_modules/pure-rand/lib/esm/RandomGenerator-DcXj09Ch.d.ts,esm,/Users/pq/aikagan-web/.opencode/node_modules/pure-rand/lib/esm
package.json,2026-09-06 17:28:04 +0000,2026-09-06 17:28:04 +0000,,Json,23 bytes,1,/Users/pq/aikagan-web/.opencode/node_modules/pure-rand/lib/esm/package.json,esm,/Users/pq/aikagan-web/.opencode/node_modules/pure-rand/lib/esm
distribution,2026-09-06 17:28:04 +0000,2026-09-06 17:28:04 +0000,,Folder,8 bytes,0,/Users/pq/aikagan-web/.opencode/node_modules/pure-rand/lib/esm/distribution,esm,/Users/pq/aikagan-web/.opencode/node_modules/pure-rand/lib/esm/distribution
uniformBigInt.d.ts,2026-09-06 17:28:04 +0000,2026-09-06 17:28:04 +0000,,Mpeg-2 Transport Stream,528 bytes,1,/Users/pq/aikagan-web/.opencode/node_modules/pure-rand/lib/esm/distribution/uniformBigInt.d.ts,distribution,/Users/pq/aikagan-web/.opencode/node_modules/pure-rand/lib/esm/distribution
uniformBigInt.js,2026-09-06 17:28:04 +0000,2026-09-06 17:28:04 +0000,,Javascript,1 KB,1,/Users/pq/aikagan-web/.opencode/node_modules/pure-rand/lib/esm/distribution/uniformBigInt.js,distribution,/Users/pq/aikagan-web/.opencode/node_modules/pure-rand/lib/esm/distribution
uniformFloat32.d.ts,2026-09-06 17:28:04 +0000,2026-09-06 17:28:04 +0000,,Mpeg-2 Transport Stream,498 bytes,1,/Users/pq/aikagan-web/.opencode/node_modules/pure-rand/lib/esm/distribution/uniformFloat32.d.ts,distribution,/Users/pq/aikagan-web/.opencode/node_modules/pure-rand/lib/esm/distribution
uniformFloat32.js,2026-09-06 17:28:04 +0000,2026-09-06 17:28:04 +0000,,Javascript,491 bytes,1,/Users/pq/aikagan-web/.opencode/node_modules/pure-rand/lib/esm/distribution/uniformFloat32.js,distribution,/Users/pq/aikagan-web/.opencode/node_modules/pure-rand/lib/esm/distribution
uniformFloat64.d.ts,2026-09-06 17:28:04 +0000,2026-09-06 17:28:04 +0000,,Mpeg-2 Transport Stream,498 bytes,1,/Users/pq/aikagan-web/.opencode/node_modules/pure-rand/lib/esm/distribution/uniformFloat64.d.ts,distribution,/Users/pq/aikagan-web/.opencode/node_modules/pure-rand/lib/esm/distribution
uniformFloat64.js,2026-09-06 17:28:04 +0000,2026-09-06 17:28:04 +0000,,Javascript,639 bytes,1,/Users/pq/aikagan-web/.opencode/node_modules/pure-rand/lib/esm/distribution/uniformFloat64.js,distribution,/Users/pq/aikagan-web/.opencode/node_modules/pure-rand/lib/esm/distribution
uniformInt.d.ts,2026-09-06 17:28:04 +0000,2026-09-06 17:28:04 +0000,,Mpeg-2 Transport Stream,520 bytes,1,/Users/pq/aikagan-web/.opencode/node_modules/pure-rand/lib/esm/distribution/uniformInt.d.ts,distribution,/Users/pq/aikagan-web/.opencode/node_modules/pure-rand/lib/esm/distribution
uniformInt.js,2026-09-06 17:28:04 +0000,2026-09-06 17:28:04 +0000,,Javascript,4 KB,1,/Users/pq/aikagan-web/.opencode/node_modules/pure-rand/lib/esm/distribution/uniformInt.js,distribution,/Users/pq/aikagan-web/.opencode/node_modules/pure-rand/lib/esm/distribution
generator,2026-09-06 17:28:04 +0000,2026-09-06 17:28:04 +0000,,Folder,8 bytes,0,/Users/pq/aikagan-web/.opencode/node_modules/pure-rand/lib/esm/generator,esm,/Users/pq/aikagan-web/.opencode/node_modules/pure-rand/lib/esm/generator
congruential32.d.ts,2026-09-06 17:28:04 +0000,2026-09-06 17:28:04 +0000,,Mpeg-2 Transport Stream,353 bytes,1,/Users/pq/aikagan-web/.opencode/node_modules/pure-rand/lib/esm/generator/congruential32.d.ts,generator,/Users/pq/aikagan-web/.opencode/node_modules/pure-rand/lib/esm/generator
congruential32.js,2026-09-06 17:28:04 +0000,2026-09-06 17:28:04 +0000,,Javascript,1 KB,1,/Users/pq/aikagan-web/.opencode/node_modules/pure-rand/lib/esm/generator/congruential32.js,generator,/Users/pq/aikagan-web/.opencode/node_modules/pure-rand/lib/esm/generator
mersenne.d.ts,2026-09-06 17:28:04 +0000,2026-09-06 17:28:04 +0000,,Mpeg-2 Transport Stream,323 bytes,1,/Users/pq/aikagan-web/.opencode/node_modules/pure-rand/lib/esm/generator/mersenne.d.ts,generator,/Users/pq/aikagan-web/.opencode/node_modules/pure-rand/lib/esm/generator
mersenne.js,2026-09-06 17:28:04 +0000,2026-09-06 17:28:04 +0000,,Javascript,6 KB,1,/Users/pq/aikagan-web/.opencode/node_modules/pure-rand/lib/esm/generator/mersenne.js,generator,/Users/pq/aikagan-web/.opencode/node_modules/pure-rand/lib/esm/generator
xoroshiro128plus.d.ts,2026-09-06 17:28:04 +0000,2026-09-06 17:28:04 +0000,,Mpeg-2 Transport Stream,363 bytes,1,/Users/pq/aikagan-web/.opencode/node_modules/pure-rand/lib/esm/generator/xoroshiro128plus.d.ts,generator,/Users/pq/aikagan-web/.opencode/node_modules/pure-rand/lib/esm/generator
xoroshiro128plus.js,2026-09-06 17:28:04 +0000,2026-09-06 17:28:04 +0000,,Javascript,2 KB,1,/Users/pq/aikagan-web/.opencode/node_modules/pure-rand/lib/esm/generator/xoroshiro128plus.js,generator,/Users/pq/aikagan-web/.opencode/node_modules/pure-rand/lib/esm/generator
xorshift128plus.d.ts,2026-09-06 17:28:04 +0000,2026-09-06 17:28:04 +0000,,Mpeg-2 Transport Stream,358 bytes,1,/Users/pq/aikagan-web/.opencode/node_modules/pure-rand/lib/esm/generator/xorshift128plus.d.ts,generator,/Users/pq/aikagan-web/.opencode/node_modules/pure-rand/lib/esm/generator
xorshift128plus.js,2026-09-06 17:28:04 +0000,2026-09-06 17:28:04 +0000,,Javascript,2 KB,1,/Users/pq/aikagan-web/.opencode/node_modules/pure-rand/lib/esm/generator/xorshift128plus.js,generator,/Users/pq/aikagan-web/.opencode/node_modules/pure-rand/lib/esm/generator
types,2026-09-06 17:28:04 +0000,2026-09-06 17:28:04 +0000,,Folder,4 bytes,0,/Users/pq/aikagan-web/.opencode/node_modules/pure-rand/lib/esm/types,esm,/Users/pq/aikagan-web/.opencode/node_modules/pure-rand/lib/esm/types
JumpableRandomGenerator.d.ts,2026-09-06 17:28:04 +0000,2026-09-06 17:28:04 +0000,,Mpeg-2 Transport Stream,583 bytes,1,/Users/pq/aikagan-web/.opencode/node_modules/pure-rand/lib/esm/types/JumpableRandomGenerator.d.ts,types,/Users/pq/aikagan-web/.opencode/node_modules/pure-rand/lib/esm/types
JumpableRandomGenerator.js,2026-09-06 17:28:04 +0000,2026-09-06 17:28:04 +0000,,Javascript,Zero KB,1,/Users/pq/aikagan-web/.opencode/node_modules/pure-rand/lib/esm/types/JumpableRandomGenerator.js,types,/Users/pq/aikagan-web/.opencode/node_modules/pure-rand/lib/esm/types
RandomGenerator.d.ts,2026-09-06 17:28:04 +0000,2026-09-06 17:28:04 +0000,,Mpeg-2 Transport Stream,98 bytes,1,/Users/pq/aikagan-web/.opencode/node_modules/pure-rand/lib/esm/types/RandomGenerator.d.ts,types,/Users/pq/aikagan-web/.opencode/node_modules/pure-rand/lib/esm/types
RandomGenerator.js,2026-09-06 17:28:04 +0000,2026-09-06 17:28:04 +0000,,Javascript,Zero KB,1,/Users/pq/aikagan-web/.opencode/node_modules/pure-rand/lib/esm/types/RandomGenerator.js,types,/Users/pq/aikagan-web/.opencode/node_modules/pure-rand/lib/esm/types
utils,2026-09-06 17:28:04 +0000,2026-09-06 17:28:04 +0000,,Folder,6 bytes,0,/Users/pq/aikagan-web/.opencode/node_modules/pure-rand/lib/esm/utils,esm,/Users/pq/aikagan-web/.opencode/node_modules/pure-rand/lib/esm/utils
generateN.d.ts,2026-09-06 17:28:04 +0000,2026-09-06 17:28:04 +0000,,Mpeg-2 Transport Stream,214 bytes,1,/Users/pq/aikagan-web/.opencode/node_modules/pure-rand/lib/esm/utils/generateN.d.ts,utils,/Users/pq/aikagan-web/.opencode/node_modules/pure-rand/lib/esm/utils
generateN.js,2026-09-06 17:28:04 +0000,2026-09-06 17:28:04 +0000,,Javascript,192 bytes,1,/Users/pq/aikagan-web/.opencode/node_modules/pure-rand/lib/esm/utils/generateN.js,utils,/Users/pq/aikagan-web/.opencode/node_modules/pure-rand/lib/esm/utils
purify.d.ts,2026-09-06 17:28:04 +0000,2026-09-06 17:28:04 +0000,,Mpeg-2 Transport Stream,748 bytes,1,/Users/pq/aikagan-web/.opencode/node_modules/pure-rand/lib/esm/utils/purify.d.ts,utils,/Users/pq/aikagan-web/.opencode/node_modules/pure-rand/lib/esm/utils
purify.js,2026-09-06 17:28:04 +0000,2026-09-06 17:28:04 +0000,,Javascript,205 bytes,1,/Users/pq/aikagan-web/.opencode/node_modules/pure-rand/lib/esm/utils/purify.js,utils,/Users/pq/aikagan-web/.opencode/node_modules/pure-rand/lib/esm/utils
skipN.d.ts,2026-09-06 17:28:04 +0000,2026-09-06 17:28:04 +0000,,Mpeg-2 Transport Stream,198 bytes,1,/Users/pq/aikagan-web/.opencode/node_modules/pure-rand/lib/esm/utils/skipN.d.ts,utils,/Users/pq/aikagan-web/.opencode/node_modules/pure-rand/lib/esm/utils
skipN.js,2026-09-06 17:28:04 +0000,2026-09-06 17:28:04 +0000,,Javascript,140 bytes,1,/Users/pq/aikagan-web/.opencode/node_modules/pure-rand/lib/esm/utils/skipN.js,utils,/Users/pq/aikagan-web/.opencode/node_modules/pure-rand/lib/esm/utils
generator,2026-09-06 17:28:04 +0000,2026-09-06 17:28:04 +0000,,Folder,8 bytes,0,/Users/pq/aikagan-web/.opencode/node_modules/pure-rand/lib/generator,lib,/Users/pq/aikagan-web/.opencode/node_modules/pure-rand/lib/generator
congruential32.d.ts,2026-09-06 17:28:04 +0000,2026-09-06 17:28:04 +0000,,Mpeg-2 Transport Stream,353 bytes,1,/Users/pq/aikagan-web/.opencode/node_modules/pure-rand/lib/generator/congruential32.d.ts,generator,/Users/pq/aikagan-web/.opencode/node_modules/pure-rand/lib/generator
congruential32.js,2026-09-06 17:28:04 +0000,2026-09-06 17:28:04 +0000,,Javascript,1 KB,1,/Users/pq/aikagan-web/.opencode/node_modules/pure-rand/lib/generator/congruential32.js,generator,/Users/pq/aikagan-web/.opencode/node_modules/pure-rand/lib/generator
mersenne.d.ts,2026-09-06 17:28:04 +0000,2026-09-06 17:28:04 +0000,,Mpeg-2 Transport Stream,323 bytes,1,/Users/pq/aikagan-web/.opencode/node_modules/pure-rand/lib/generator/mersenne.d.ts,generator,/Users/pq/aikagan-web/.opencode/node_modules/pure-rand/lib/generator
mersenne.js,2026-09-06 17:28:04 +0000,2026-09-06 17:28:04 +0000,,Javascript,6 KB,1,/Users/pq/aikagan-web/.opencode/node_modules/pure-rand/lib/generator/mersenne.js,generator,/Users/pq/aikagan-web/.opencode/node_modules/pure-rand/lib/generator
xoroshiro128plus.d.ts,2026-09-06 17:28:04 +0000,2026-09-06 17:28:04 +0000,,Mpeg-2 Transport Stream,363 bytes,1,/Users/pq/aikagan-web/.opencode/node_modules/pure-rand/lib/generator/xoroshiro128plus.d.ts,generator,/Users/pq/aikagan-web/.opencode/node_modules/pure-rand/lib/generator
xoroshiro128plus.js,2026-09-06 17:28:04 +0000,2026-09-06 17:28:04 +0000,,Javascript,2 KB,1,/Users/pq/aikagan-web/.opencode/node_modules/pure-rand/lib/generator/xoroshiro128plus.js,generator,/Users/pq/aikagan-web/.opencode/node_modules/pure-rand/lib/generator
xorshift128plus.d.ts,2026-09-06 17:28:04 +0000,2026-09-06 17:28:04 +0000,,Mpeg-2 Transport Stream,358 bytes,1,/Users/pq/aikagan-web/.opencode/node_modules/pure-rand/lib/generator/xorshift128plus.d.ts,generator,/Users/pq/aikagan-web/.opencode/node_modules/pure-rand/lib/generator
xorshift128plus.js,2026-09-06 17:28:04 +0000,2026-09-06 17:28:04 +0000,,Javascript,2 KB,1,/Users/pq/aikagan-web/.opencode/node_modules/pure-rand/lib/generator/xorshift128plus.js,generator,/Users/pq/aikagan-web/.opencode/node_modules/pure-rand/lib/generator
types,2026-09-06 17:28:04 +0000,2026-09-06 17:28:04 +0000,,Folder,4 bytes,0,/Users/pq/aikagan-web/.opencode/node_modules/pure-rand/lib/types,lib,/Users/pq/aikagan-web/.opencode/node_modules/pure-rand/lib/types
JumpableRandomGenerator.d.ts,2026-09-06 17:28:04 +0000,2026-09-06 17:28:04 +0000,,Mpeg-2 Transport Stream,583 bytes,1,/Users/pq/aikagan-web/.opencode/node_modules/pure-rand/lib/types/JumpableRandomGenerator.d.ts,types,/Users/pq/aikagan-web/.opencode/node_modules/pure-rand/lib/types
JumpableRandomGenerator.js,2026-09-06 17:28:04 +0000,2026-09-06 17:28:04 +0000,,Javascript,Zero KB,1,/Users/pq/aikagan-web/.opencode/node_modules/pure-rand/lib/types/JumpableRandomGenerator.js,types,/Users/pq/aikagan-web/.opencode/node_modules/pure-rand/lib/types
RandomGenerator.d.ts,2026-09-06 17:28:04 +0000,2026-09-06 17:28:04 +0000,,Mpeg-2 Transport Stream,98 bytes,1,/Users/pq/aikagan-web/.opencode/node_modules/pure-rand/lib/types/RandomGenerator.d.ts,types,/Users/pq/aikagan-web/.opencode/node_modules/pure-rand/lib/types
RandomGenerator.js,2026-09-06 17:28:04 +0000,2026-09-06 17:28:04 +0000,,Javascript,Zero KB,1,/Users/pq/aikagan-web/.opencode/node_modules/pure-rand/lib/types/RandomGenerator.js,types,/Users/pq/aikagan-web/.opencode/node_modules/pure-rand/lib/types
utils,2026-09-06 17:28:04 +0000,2026-09-06 17:28:04 +0000,,Folder,6 bytes,0,/Users/pq/aikagan-web/.opencode/node_modules/pure-rand/lib/utils,lib,/Users/pq/aikagan-web/.opencode/node_modules/pure-rand/lib/utils
generateN.d.ts,2026-09-06 17:28:04 +0000,2026-09-06 17:28:04 +0000,,Mpeg-2 Transport Stream,214 bytes,1,/Users/pq/aikagan-web/.opencode/node_modules/pure-rand/lib/utils/generateN.d.ts,utils,/Users/pq/aikagan-web/.opencode/node_modules/pure-rand/lib/utils
generateN.js,2026-09-06 17:28:04 +0000,2026-09-06 17:28:04 +0000,,Javascript,274 bytes,1,/Users/pq/aikagan-web/.opencode/node_modules/pure-rand/lib/utils/generateN.js,utils,/Users/pq/aikagan-web/.opencode/node_modules/pure-rand/lib/utils
purify.d.ts,2026-09-06 17:28:04 +0000,2026-09-06 17:28:04 +0000,,Mpeg-2 Transport Stream,748 bytes,1,/Users/pq/aikagan-web/.opencode/node_modules/pure-rand/lib/utils/purify.d.ts,utils,/Users/pq/aikagan-web/.opencode/node_modules/pure-rand/lib/utils
purify.js,2026-09-06 17:28:04 +0000,2026-09-06 17:28:04 +0000,,Javascript,284 bytes,1,/Users/pq/aikagan-web/.opencode/node_modules/pure-rand/lib/utils/purify.js,utils,/Users/pq/aikagan-web/.opencode/node_modules/pure-rand/lib/utils
skipN.d.ts,2026-09-06 17:28:04 +0000,2026-09-06 17:28:04 +0000,,Mpeg-2 Transport Stream,198 bytes,1,/Users/pq/aikagan-web/.opencode/node_modules/pure-rand/lib/utils/skipN.d.ts,utils,/Users/pq/aikagan-web/.opencode/node_modules/pure-rand/lib/utils
skipN.js,2026-09-06 17:28:04 +0000,2026-09-06 17:28:04 +0000,,Javascript,218 bytes,1,/Users/pq/aikagan-web/.opencode/node_modules/pure-rand/lib/utils/skipN.js,utils,/Users/pq/aikagan-web/.opencode/node_modules/pure-rand/lib/utils
shebang-command,2026-09-06 17:28:04 +0000,2026-09-06 17:28:03 +0000,,Folder,4 bytes,0,/Users/pq/aikagan-web/.opencode/node_modules/shebang-command,node_modules,/Users/pq/aikagan-web/.opencode/node_modules/shebang-command
index.js,2026-09-06 17:28:04 +0000,2026-09-06 17:28:04 +0000,,Javascript,387 bytes,1,/Users/pq/aikagan-web/.opencode/node_modules/shebang-command/index.js,shebang-command,/Users/pq/aikagan-web/.opencode/node_modules/shebang-command
license,2026-09-06 17:28:04 +0000,2026-09-06 17:28:03 +0000,,Data,1 KB,1,/Users/pq/aikagan-web/.opencode/node_modules/shebang-command/license,shebang-command,/Users/pq/aikagan-web/.opencode/node_modules/shebang-command
package.json,2026-09-06 17:28:04 +0000,2026-09-06 17:28:04 +0000,,Json,558 bytes,1,/Users/pq/aikagan-web/.opencode/node_modules/shebang-command/package.json,shebang-command,/Users/pq/aikagan-web/.opencode/node_modules/shebang-command
readme.md,2026-09-06 17:28:04 +0000,2026-09-06 17:28:04 +0000,,Markdown Text,495 bytes,1,/Users/pq/aikagan-web/.opencode/node_modules/shebang-command/readme.md,shebang-command,/Users/pq/aikagan-web/.opencode/node_modules/shebang-command
shebang-regex,2026-09-06 17:28:04 +0000,2026-09-06 17:28:03 +0000,,Folder,5 bytes,0,/Users/pq/aikagan-web/.opencode/node_modules/shebang-regex,node_modules,/Users/pq/aikagan-web/.opencode/node_modules/shebang-regex
index.d.ts,2026-09-06 17:28:04 +0000,2026-09-06 17:28:04 +0000,,Mpeg-2 Transport Stream,446 bytes,1,/Users/pq/aikagan-web/.opencode/node_modules/shebang-regex/index.d.ts,shebang-regex,/Users/pq/aikagan-web/.opencode/node_modules/shebang-regex
index.js,2026-09-06 17:28:04 +0000,2026-09-06 17:28:04 +0000,,Javascript,42 bytes,1,/Users/pq/aikagan-web/.opencode/node_modules/shebang-regex/index.js,shebang-regex,/Users/pq/aikagan-web/.opencode/node_modules/shebang-regex
license,2026-09-06 17:28:04 +0000,2026-09-06 17:28:04 +0000,,Data,1 KB,1,/Users/pq/aikagan-web/.opencode/node_modules/shebang-regex/license,shebang-regex,/Users/pq/aikagan-web/.opencode/node_modules/shebang-regex
package.json,2026-09-06 17:28:04 +0000,2026-09-06 17:28:04 +0000,,Json,582 bytes,1,/Users/pq/aikagan-web/.opencode/node_modules/shebang-regex/package.json,shebang-regex,/Users/pq/aikagan-web/.opencode/node_modules/shebang-regex
readme.md,2026-09-06 17:28:04 +0000,2026-09-06 17:28:04 +0000,,Markdown Text,649 bytes,1,/Users/pq/aikagan-web/.opencode/node_modules/shebang-regex/readme.md,shebang-regex,/Users/pq/aikagan-web/.opencode/node_modules/shebang-regex
toml,2026-09-06 17:28:04 +0000,2026-09-06 17:28:03 +0000,,Folder,6 bytes,0,/Users/pq/aikagan-web/.opencode/node_modules/toml,node_modules,/Users/pq/aikagan-web/.opencode/node_modules/toml
LICENSE,2026-09-06 17:28:04 +0000,2026-09-06 17:28:04 +0000,,Text,1 KB,1,/Users/pq/aikagan-web/.opencode/node_modules/toml/LICENSE,toml,/Users/pq/aikagan-web/.opencode/node_modules/toml
README.md,2026-09-06 17:28:04 +0000,2026-09-06 17:28:04 +0000,,Markdown Text,6 KB,1,/Users/pq/aikagan-web/.opencode/node_modules/toml/README.md,toml,/Users/pq/aikagan-web/.opencode/node_modules/toml
index.d.ts,2026-09-06 17:28:04 +0000,2026-09-06 17:28:04 +0000,,Mpeg-2 Transport Stream,2 KB,1,/Users/pq/aikagan-web/.opencode/node_modules/toml/index.d.ts,toml,/Users/pq/aikagan-web/.opencode/node_modules/toml
index.js,2026-09-06 17:28:04 +0000,2026-09-06 17:28:04 +0000,,Javascript,269 bytes,1,/Users/pq/aikagan-web/.opencode/node_modules/toml/index.js,toml,/Users/pq/aikagan-web/.opencode/node_modules/toml
package.json,2026-09-06 17:28:04 +0000,2026-09-06 17:28:04 +0000,,Json,969 bytes,1,/Users/pq/aikagan-web/.opencode/node_modules/toml/package.json,toml,/Users/pq/aikagan-web/.opencode/node_modules/toml
lib,2026-09-06 17:28:04 +0000,2026-09-06 17:28:04 +0000,,Folder,2 bytes,0,/Users/pq/aikagan-web/.opencode/node_modules/toml/lib,toml,/Users/pq/aikagan-web/.opencode/node_modules/toml/lib
compiler.js,2026-09-06 17:28:04 +0000,2026-09-06 17:28:04 +0000,,Javascript,9 KB,1,/Users/pq/aikagan-web/.opencode/node_modules/toml/lib/compiler.js,lib,/Users/pq/aikagan-web/.opencode/node_modules/toml/lib
parser.js,2026-09-06 17:28:04 +0000,2026-09-06 17:28:04 +0000,,Javascript,114 KB,1,/Users/pq/aikagan-web/.opencode/node_modules/toml/lib/parser.js,lib,/Users/pq/aikagan-web/.opencode/node_modules/toml/lib
uuid,2026-09-06 17:28:04 +0000,2026-09-06 17:28:03 +0000,,Folder,5 bytes,0,/Users/pq/aikagan-web/.opencode/node_modules/uuid,node_modules,/Users/pq/aikagan-web/.opencode/node_modules/uuid
LICENSE.md,2026-09-06 17:28:04 +0000,2026-09-06 17:28:04 +0000,,Markdown Text,1 KB,1,/Users/pq/aikagan-web/.opencode/node_modules/uuid/LICENSE.md,uuid,/Users/pq/aikagan-web/.opencode/node_modules/uuid
README.md,2026-09-06 17:28:04 +0000,2026-09-06 17:28:04 +0000,,Markdown Text,16 KB,1,/Users/pq/aikagan-web/.opencode/node_modules/uuid/README.md,uuid,/Users/pq/aikagan-web/.opencode/node_modules/uuid
package.json,2026-09-06 17:28:04 +0000,2026-09-06 17:28:04 +0000,,Json,4 KB,1,/Users/pq/aikagan-web/.opencode/node_modules/uuid/package.json,uuid,/Users/pq/aikagan-web/.opencode/node_modules/uuid
dist,2026-09-06 17:28:04 +0000,2026-09-06 17:28:04 +0000,,Folder,44 bytes,0,/Users/pq/aikagan-web/.opencode/node_modules/uuid/dist,uuid,/Users/pq/aikagan-web/.opencode/node_modules/uuid/dist
index.d.ts,2026-09-06 17:28:04 +0000,2026-09-06 17:28:04 +0000,,Mpeg-2 Transport Stream,669 bytes,1,/Users/pq/aikagan-web/.opencode/node_modules/uuid/dist/index.d.ts,dist,/Users/pq/aikagan-web/.opencode/node_modules/uuid/dist
index.js,2026-09-06 17:28:04 +0000,2026-09-06 17:28:04 +0000,,Javascript,636 bytes,1,/Users/pq/aikagan-web/.opencode/node_modules/uuid/dist/index.js,dist,/Users/pq/aikagan-web/.opencode/node_modules/uuid/dist
max.d.ts,2026-09-06 17:28:04 +0000,2026-09-06 17:28:04 +0000,,Mpeg-2 Transport Stream,89 bytes,1,/Users/pq/aikagan-web/.opencode/node_modules/uuid/dist/max.d.ts,dist,/Users/pq/aikagan-web/.opencode/node_modules/uuid/dist
max.js,2026-09-06 17:28:04 +0000,2026-09-06 17:28:04 +0000,,Javascript,55 bytes,1,/Users/pq/aikagan-web/.opencode/node_modules/uuid/dist/max.js,dist,/Users/pq/aikagan-web/.opencode/node_modules/uuid/dist
md5.d.ts,2026-09-06 17:28:04 +0000,2026-09-06 17:28:04 +0000,,Mpeg-2 Transport Stream,73 bytes,1,/Users/pq/aikagan-web/.opencode/node_modules/uuid/dist/md5.d.ts,dist,/Users/pq/aikagan-web/.opencode/node_modules/uuid/dist
md5.js,2026-09-06 17:28:04 +0000,2026-09-06 17:28:04 +0000,,Javascript,6 KB,1,/Users/pq/aikagan-web/.opencode/node_modules/uuid/dist/md5.js,dist,/Users/pq/aikagan-web/.opencode/node_modules/uuid/dist
nil.d.ts,2026-09-06 17:28:04 +0000,2026-09-06 17:28:04 +0000,,Mpeg-2 Transport Stream,89 bytes,1,/Users/pq/aikagan-web/.opencode/node_modules/uuid/dist/nil.d.ts,dist,/Users/pq/aikagan-web/.opencode/node_modules/uuid/dist
nil.js,2026-09-06 17:28:04 +0000,2026-09-06 17:28:04 +0000,,Javascript,55 bytes,1,/Users/pq/aikagan-web/.opencode/node_modules/uuid/dist/nil.js,dist,/Users/pq/aikagan-web/.opencode/node_modules/uuid/dist
parse.d.ts,2026-09-06 17:28:04 +0000,2026-09-06 17:28:04 +0000,,Mpeg-2 Transport Stream,138 bytes,1,/Users/pq/aikagan-web/.opencode/node_modules/uuid/dist/parse.d.ts,dist,/Users/pq/aikagan-web/.opencode/node_modules/uuid/dist
parse.js,2026-09-06 17:28:04 +0000,2026-09-06 17:28:04 +0000,,Javascript,612 bytes,1,/Users/pq/aikagan-web/.opencode/node_modules/uuid/dist/parse.js,dist,/Users/pq/aikagan-web/.opencode/node_modules/uuid/dist
regex.d.ts,2026-09-06 17:28:04 +0000,2026-09-06 17:28:04 +0000,,Mpeg-2 Transport Stream,57 bytes,1,/Users/pq/aikagan-web/.opencode/node_modules/uuid/dist/regex.d.ts,dist,/Users/pq/aikagan-web/.opencode/node_modules/uuid/dist
regex.js,2026-09-06 17:28:04 +0000,2026-09-06 17:28:04 +0000,,Javascript,171 bytes,1,/Users/pq/aikagan-web/.opencode/node_modules/uuid/dist/regex.js,dist,/Users/pq/aikagan-web/.opencode/node_modules/uuid/dist
rng.d.ts,2026-09-06 17:28:04 +0000,2026-09-06 17:28:04 +0000,,Mpeg-2 Transport Stream,43 bytes,1,/Users/pq/aikagan-web/.opencode/node_modules/uuid/dist/rng.d.ts,dist,/Users/pq/aikagan-web/.opencode/node_modules/uuid/dist
rng.js,2026-09-06 17:28:04 +0000,2026-09-06 17:28:04 +0000,,Javascript,110 bytes,1,/Users/pq/aikagan-web/.opencode/node_modules/uuid/dist/rng.js,dist,/Users/pq/aikagan-web/.opencode/node_modules/uuid/dist
sha1.d.ts,2026-09-06 17:28:04 +0000,2026-09-06 17:28:04 +0000,,Mpeg-2 Transport Stream,75 bytes,1,/Users/pq/aikagan-web/.opencode/node_modules/uuid/dist/sha1.d.ts,dist,/Users/pq/aikagan-web/.opencode/node_modules/uuid/dist
sha1.js,2026-09-06 17:28:04 +0000,2026-09-06 17:28:04 +0000,,Javascript,2 KB,1,/Users/pq/aikagan-web/.opencode/node_modules/uuid/dist/sha1.js,dist,/Users/pq/aikagan-web/.opencode/node_modules/uuid/dist
stringify.d.ts,2026-09-06 17:28:04 +0000,2026-09-06 17:28:04 +0000,,Mpeg-2 Transport Stream,179 bytes,1,/Users/pq/aikagan-web/.opencode/node_modules/uuid/dist/stringify.d.ts,dist,/Users/pq/aikagan-web/.opencode/node_modules/uuid/dist
stringify.js,2026-09-06 17:28:04 +0000,2026-09-06 17:28:04 +0000,,Javascript,1 KB,1,/Users/pq/aikagan-web/.opencode/node_modules/uuid/dist/stringify.js,dist,/Users/pq/aikagan-web/.opencode/node_modules/uuid/dist
types.d.ts,2026-09-06 17:28:04 +0000,2026-09-06 17:28:04 +0000,,Mpeg-2 Transport Stream,600 bytes,1,/Users/pq/aikagan-web/.opencode/node_modules/uuid/dist/types.d.ts,dist,/Users/pq/aikagan-web/.opencode/node_modules/uuid/dist
types.js,2026-09-06 17:28:04 +0000,2026-09-06 17:28:04 +0000,,Javascript,11 bytes,1,/Users/pq/aikagan-web/.opencode/node_modules/uuid/dist/types.js,dist,/Users/pq/aikagan-web/.opencode/node_modules/uuid/dist
uuid-bin.d.ts,2026-09-06 17:28:04 +0000,2026-09-06 17:28:04 +0000,,Mpeg-2 Transport Stream,11 bytes,1,/Users/pq/aikagan-web/.opencode/node_modules/uuid/dist/uuid-bin.d.ts,dist,/Users/pq/aikagan-web/.opencode/node_modules/uuid/dist
uuid-bin.js,2026-09-06 17:28:04 +0000,2026-09-06 17:28:04 +0000,,Javascript,2 KB,1,/Users/pq/aikagan-web/.opencode/node_modules/uuid/dist/uuid-bin.js,dist,/Users/pq/aikagan-web/.opencode/node_modules/uuid/dist
v1.d.ts,2026-09-06 17:28:04 +0000,2026-09-06 17:28:04 +0000,,Mpeg-2 Transport Stream,489 bytes,1,/Users/pq/aikagan-web/.opencode/node_modules/uuid/dist/v1.d.ts,dist,/Users/pq/aikagan-web/.opencode/node_modules/uuid/dist
v1.js,2026-09-06 17:28:04 +0000,2026-09-06 17:28:04 +0000,,Javascript,3 KB,1,/Users/pq/aikagan-web/.opencode/node_modules/uuid/dist/v1.js,dist,/Users/pq/aikagan-web/.opencode/node_modules/uuid/dist
v1ToV6.d.ts,2026-09-06 17:28:04 +0000,2026-09-06 17:28:04 +0000,,Mpeg-2 Transport Stream,182 bytes,1,/Users/pq/aikagan-web/.opencode/node_modules/uuid/dist/v1ToV6.d.ts,dist,/Users/pq/aikagan-web/.opencode/node_modules/uuid/dist
v1ToV6.js,2026-09-06 17:28:04 +0000,2026-09-06 17:28:04 +0000,,Javascript,842 bytes,1,/Users/pq/aikagan-web/.opencode/node_modules/uuid/dist/v1ToV6.js,dist,/Users/pq/aikagan-web/.opencode/node_modules/uuid/dist
v3.d.ts,2026-09-06 17:28:04 +0000,2026-09-06 17:28:04 +0000,,Mpeg-2 Transport Stream,424 bytes,1,/Users/pq/aikagan-web/.opencode/node_modules/uuid/dist/v3.d.ts,dist,/Users/pq/aikagan-web/.opencode/node_modules/uuid/dist
v3.js,2026-09-06 17:28:04 +0000,2026-09-06 17:28:04 +0000,,Javascript,259 bytes,1,/Users/pq/aikagan-web/.opencode/node_modules/uuid/dist/v3.js,dist,/Users/pq/aikagan-web/.opencode/node_modules/uuid/dist
v35.d.ts,2026-09-06 17:28:04 +0000,2026-09-06 17:28:04 +0000,,Mpeg-2 Transport Stream,514 bytes,1,/Users/pq/aikagan-web/.opencode/node_modules/uuid/dist/v35.d.ts,dist,/Users/pq/aikagan-web/.opencode/node_modules/uuid/dist
v35.js,2026-09-06 17:28:04 +0000,2026-09-06 17:28:04 +0000,,Javascript,2 KB,1,/Users/pq/aikagan-web/.opencode/node_modules/uuid/dist/v35.js,dist,/Users/pq/aikagan-web/.opencode/node_modules/uuid/dist
v4.d.ts,2026-09-06 17:28:04 +0000,2026-09-06 17:28:04 +0000,,Mpeg-2 Transport Stream,291 bytes,1,/Users/pq/aikagan-web/.opencode/node_modules/uuid/dist/v4.d.ts,dist,/Users/pq/aikagan-web/.opencode/node_modules/uuid/dist
v4.js,2026-09-06 17:28:04 +0000,2026-09-06 17:28:04 +0000,,Javascript,926 bytes,1,/Users/pq/aikagan-web/.opencode/node_modules/uuid/dist/v4.js,dist,/Users/pq/aikagan-web/.opencode/node_modules/uuid/dist
v5.d.ts,2026-09-06 17:28:04 +0000,2026-09-06 17:28:04 +0000,,Mpeg-2 Transport Stream,424 bytes,1,/Users/pq/aikagan-web/.opencode/node_modules/uuid/dist/v5.d.ts,dist,/Users/pq/aikagan-web/.opencode/node_modules/uuid/dist
v5.js,2026-09-06 17:28:04 +0000,2026-09-06 17:28:04 +0000,,Javascript,262 bytes,1,/Users/pq/aikagan-web/.opencode/node_modules/uuid/dist/v5.js,dist,/Users/pq/aikagan-web/.opencode/node_modules/uuid/dist
v6.d.ts,2026-09-06 17:28:04 +0000,2026-09-06 17:28:04 +0000,,Mpeg-2 Transport Stream,291 bytes,1,/Users/pq/aikagan-web/.opencode/node_modules/uuid/dist/v6.d.ts,dist,/Users/pq/aikagan-web/.opencode/node_modules/uuid/dist
v6.js,2026-09-06 17:28:04 +0000,2026-09-06 17:28:04 +0000,,Javascript,630 bytes,1,/Users/pq/aikagan-web/.opencode/node_modules/uuid/dist/v6.js,dist,/Users/pq/aikagan-web/.opencode/node_modules/uuid/dist
v6ToV1.d.ts,2026-09-06 17:28:04 +0000,2026-09-06 17:28:04 +0000,,Mpeg-2 Transport Stream,116 bytes,1,/Users/pq/aikagan-web/.opencode/node_modules/uuid/dist/v6ToV1.d.ts,dist,/Users/pq/aikagan-web/.opencode/node_modules/uuid/dist
v6ToV1.js,2026-09-06 17:28:04 +0000,2026-09-06 17:28:04 +0000,,Javascript,842 bytes,1,/Users/pq/aikagan-web/.opencode/node_modules/uuid/dist/v6ToV1.js,dist,/Users/pq/aikagan-web/.opencode/node_modules/uuid/dist
v7.d.ts,2026-09-06 17:28:04 +0000,2026-09-06 17:28:04 +0000,,Mpeg-2 Transport Stream,444 bytes,1,/Users/pq/aikagan-web/.opencode/node_modules/uuid/dist/v7.d.ts,dist,/Users/pq/aikagan-web/.opencode/node_modules/uuid/dist
v7.js,2026-09-06 17:28:04 +0000,2026-09-06 17:28:04 +0000,,Javascript,2 KB,1,/Users/pq/aikagan-web/.opencode/node_modules/uuid/dist/v7.js,dist,/Users/pq/aikagan-web/.opencode/node_modules/uuid/dist
validate.d.ts,2026-09-06 17:28:04 +0000,2026-09-06 17:28:04 +0000,,Mpeg-2 Transport Stream,76 bytes,1,/Users/pq/aikagan-web/.opencode/node_modules/uuid/dist/validate.d.ts,dist,/Users/pq/aikagan-web/.opencode/node_modules/uuid/dist
validate.js,2026-09-06 17:28:04 +0000,2026-09-06 17:28:04 +0000,,Javascript,142 bytes,1,/Users/pq/aikagan-web/.opencode/node_modules/uuid/dist/validate.js,dist,/Users/pq/aikagan-web/.opencode/node_modules/uuid/dist
version.d.ts,2026-09-06 17:28:04 +0000,2026-09-06 17:28:04 +0000,,Mpeg-2 Transport Stream,72 bytes,1,/Users/pq/aikagan-web/.opencode/node_modules/uuid/dist/version.d.ts,dist,/Users/pq/aikagan-web/.opencode/node_modules/uuid/dist
version.js,2026-09-06 17:28:04 +0000,2026-09-06 17:28:04 +0000,,Javascript,208 bytes,1,/Users/pq/aikagan-web/.opencode/node_modules/uuid/dist/version.js,dist,/Users/pq/aikagan-web/.opencode/node_modules/uuid/dist
dist-node,2026-09-06 17:28:04 +0000,2026-09-06 17:28:04 +0000,,Folder,23 bytes,0,/Users/pq/aikagan-web/.opencode/node_modules/uuid/dist-node,uuid,/Users/pq/aikagan-web/.opencode/node_modules/uuid/dist-node
index.js,2026-09-06 17:28:04 +0000,2026-09-06 17:28:04 +0000,,Javascript,636 bytes,1,/Users/pq/aikagan-web/.opencode/node_modules/uuid/dist-node/index.js,dist-node,/Users/pq/aikagan-web/.opencode/node_modules/uuid/dist-node
max.js,2026-09-06 17:28:04 +0000,2026-09-06 17:28:04 +0000,,Javascript,55 bytes,1,/Users/pq/aikagan-web/.opencode/node_modules/uuid/dist-node/max.js,dist-node,/Users/pq/aikagan-web/.opencode/node_modules/uuid/dist-node
md5.js,2026-09-06 17:28:04 +0000,2026-09-06 17:28:04 +0000,,Javascript,305 bytes,1,/Users/pq/aikagan-web/.opencode/node_modules/uuid/dist-node/md5.js,dist-node,/Users/pq/aikagan-web/.opencode/node_modules/uuid/dist-node
nil.js,2026-09-06 17:28:04 +0000,2026-09-06 17:28:04 +0000,,Javascript,55 bytes,1,/Users/pq/aikagan-web/.opencode/node_modules/uuid/dist-node/nil.js,dist-node,/Users/pq/aikagan-web/.opencode/node_modules/uuid/dist-node
parse.js,2026-09-06 17:28:04 +0000,2026-09-06 17:28:04 +0000,,Javascript,612 bytes,1,/Users/pq/aikagan-web/.opencode/node_modules/uuid/dist-node/parse.js,dist-node,/Users/pq/aikagan-web/.opencode/node_modules/uuid/dist-node
regex.js,2026-09-06 17:28:04 +0000,2026-09-06 17:28:04 +0000,,Javascript,171 bytes,1,/Users/pq/aikagan-web/.opencode/node_modules/uuid/dist-node/regex.js,dist-node,/Users/pq/aikagan-web/.opencode/node_modules/uuid/dist-node
rng.js,2026-09-06 17:28:04 +0000,2026-09-06 17:28:04 +0000,,Javascript,110 bytes,1,/Users/pq/aikagan-web/.opencode/node_modules/uuid/dist-node/rng.js,dist-node,/Users/pq/aikagan-web/.opencode/node_modules/uuid/dist-node
sha1.js,2026-09-06 17:28:04 +0000,2026-09-06 17:28:04 +0000,,Javascript,308 bytes,1,/Users/pq/aikagan-web/.opencode/node_modules/uuid/dist-node/sha1.js,dist-node,/Users/pq/aikagan-web/.opencode/node_modules/uuid/dist-node
stringify.js,2026-09-06 17:28:04 +0000,2026-09-06 17:28:04 +0000,,Javascript,1 KB,1,/Users/pq/aikagan-web/.opencode/node_modules/uuid/dist-node/stringify.js,dist-node,/Users/pq/aikagan-web/.opencode/node_modules/uuid/dist-node
types.js,2026-09-06 17:28:04 +0000,2026-09-06 17:28:04 +0000,,Javascript,11 bytes,1,/Users/pq/aikagan-web/.opencode/node_modules/uuid/dist-node/types.js,dist-node,/Users/pq/aikagan-web/.opencode/node_modules/uuid/dist-node
uuid-bin.js,2026-09-06 17:28:04 +0000,2026-09-06 17:28:04 +0000,,Javascript,2 KB,1,/Users/pq/aikagan-web/.opencode/node_modules/uuid/dist-node/uuid-bin.js,dist-node,/Users/pq/aikagan-web/.opencode/node_modules/uuid/dist-node
v1.js,2026-09-06 17:28:04 +0000,2026-09-06 17:28:04 +0000,,Javascript,3 KB,1,/Users/pq/aikagan-web/.opencode/node_modules/uuid/dist-node/v1.js,dist-node,/Users/pq/aikagan-web/.opencode/node_modules/uuid/dist-node
v1ToV6.js,2026-09-06 17:28:04 +0000,2026-09-06 17:28:04 +0000,,Javascript,842 bytes,1,/Users/pq/aikagan-web/.opencode/node_modules/uuid/dist-node/v1ToV6.js,dist-node,/Users/pq/aikagan-web/.opencode/node_modules/uuid/dist-node
v3.js,2026-09-06 17:28:04 +0000,2026-09-06 17:28:04 +0000,,Javascript,259 bytes,1,/Users/pq/aikagan-web/.opencode/node_modules/uuid/dist-node/v3.js,dist-node,/Users/pq/aikagan-web/.opencode/node_modules/uuid/dist-node
v35.js,2026-09-06 17:28:04 +0000,2026-09-06 17:28:04 +0000,,Javascript,2 KB,1,/Users/pq/aikagan-web/.opencode/node_modules/uuid/dist-node/v35.js,dist-node,/Users/pq/aikagan-web/.opencode/node_modules/uuid/dist-node
v4.js,2026-09-06 17:28:04 +0000,2026-09-06 17:28:04 +0000,,Javascript,926 bytes,1,/Users/pq/aikagan-web/.opencode/node_modules/uuid/dist-node/v4.js,dist-node,/Users/pq/aikagan-web/.opencode/node_modules/uuid/dist-node
v5.js,2026-09-06 17:28:04 +0000,2026-09-06 17:28:04 +0000,,Javascript,262 bytes,1,/Users/pq/aikagan-web/.opencode/node_modules/uuid/dist-node/v5.js,dist-node,/Users/pq/aikagan-web/.opencode/node_modules/uuid/dist-node
v6.js,2026-09-06 17:28:04 +0000,2026-09-06 17:28:04 +0000,,Javascript,630 bytes,1,/Users/pq/aikagan-web/.opencode/node_modules/uuid/dist-node/v6.js,dist-node,/Users/pq/aikagan-web/.opencode/node_modules/uuid/dist-node
v6ToV1.js,2026-09-06 17:28:04 +0000,2026-09-06 17:28:04 +0000,,Javascript,842 bytes,1,/Users/pq/aikagan-web/.opencode/node_modules/uuid/dist-node/v6ToV1.js,dist-node,/Users/pq/aikagan-web/.opencode/node_modules/uuid/dist-node
v7.js,2026-09-06 17:28:04 +0000,2026-09-06 17:28:04 +0000,,Javascript,2 KB,1,/Users/pq/aikagan-web/.opencode/node_modules/uuid/dist-node/v7.js,dist-node,/Users/pq/aikagan-web/.opencode/node_modules/uuid/dist-node
validate.js,2026-09-06 17:28:04 +0000,2026-09-06 17:28:04 +0000,,Javascript,142 bytes,1,/Users/pq/aikagan-web/.opencode/node_modules/uuid/dist-node/validate.js,dist-node,/Users/pq/aikagan-web/.opencode/node_modules/uuid/dist-node
version.js,2026-09-06 17:28:04 +0000,2026-09-06 17:28:04 +0000,,Javascript,208 bytes,1,/Users/pq/aikagan-web/.opencode/node_modules/uuid/dist-node/version.js,dist-node,/Users/pq/aikagan-web/.opencode/node_modules/uuid/dist-node
bin,2026-09-06 17:28:04 +0000,2026-09-06 17:28:04 +0000,,Folder,1 byte,0,/Users/pq/aikagan-web/.opencode/node_modules/uuid/dist-node/bin,dist-node,/Users/pq/aikagan-web/.opencode/node_modules/uuid/dist-node/bin
uuid,2026-09-06 17:28:04 +0000,2026-09-06 17:28:04 +0000,,Unix Executable,45 bytes,1,/Users/pq/aikagan-web/.opencode/node_modules/uuid/dist-node/bin/uuid,bin,/Users/pq/aikagan-web/.opencode/node_modules/uuid/dist-node/bin
which,2026-09-06 17:28:04 +0000,2026-09-06 17:28:03 +0000,,Folder,6 bytes,0,/Users/pq/aikagan-web/.opencode/node_modules/which,node_modules,/Users/pq/aikagan-web/.opencode/node_modules/which
CHANGELOG.md,2026-09-06 17:28:04 +0000,2026-09-06 17:28:04 +0000,,Markdown Text,3 KB,1,/Users/pq/aikagan-web/.opencode/node_modules/which/CHANGELOG.md,which,/Users/pq/aikagan-web/.opencode/node_modules/which
LICENSE,2026-09-06 17:28:04 +0000,2026-09-06 17:28:04 +0000,,Text,765 bytes,1,/Users/pq/aikagan-web/.opencode/node_modules/which/LICENSE,which,/Users/pq/aikagan-web/.opencode/node_modules/which
README.md,2026-09-06 17:28:04 +0000,2026-09-06 17:28:04 +0000,,Markdown Text,1 KB,1,/Users/pq/aikagan-web/.opencode/node_modules/which/README.md,which,/Users/pq/aikagan-web/.opencode/node_modules/which
package.json,2026-09-06 17:28:04 +0000,2026-09-06 17:28:04 +0000,,Json,1 KB,1,/Users/pq/aikagan-web/.opencode/node_modules/which/package.json,which,/Users/pq/aikagan-web/.opencode/node_modules/which
which.js,2026-09-06 17:28:04 +0000,2026-09-06 17:28:04 +0000,,Javascript,3 KB,1,/Users/pq/aikagan-web/.opencode/node_modules/which/which.js,which,/Users/pq/aikagan-web/.opencode/node_modules/which
bin,2026-09-06 17:28:04 +0000,2026-09-06 17:28:04 +0000,,Folder,1 byte,0,/Users/pq/aikagan-web/.opencode/node_modules/which/bin,which,/Users/pq/aikagan-web/.opencode/node_modules/which/bin
node-which,2026-09-06 17:28:04 +0000,2026-09-06 17:28:04 +0000,,Unix Executable,985 bytes,1,/Users/pq/aikagan-web/.opencode/node_modules/which/bin/node-which,bin,/Users/pq/aikagan-web/.opencode/node_modules/which/bin
yaml,2026-09-06 17:28:04 +0000,2026-09-06 17:28:03 +0000,,Folder,7 bytes,0,/Users/pq/aikagan-web/.opencode/node_modules/yaml,node_modules,/Users/pq/aikagan-web/.opencode/node_modules/yaml
LICENSE,2026-09-06 17:28:04 +0000,2026-09-06 17:28:04 +0000,,Text,738 bytes,1,/Users/pq/aikagan-web/.opencode/node_modules/yaml/LICENSE,yaml,/Users/pq/aikagan-web/.opencode/node_modules/yaml
README.md,2026-09-06 17:28:04 +0000,2026-09-06 17:28:04 +0000,,Markdown Text,6 KB,1,/Users/pq/aikagan-web/.opencode/node_modules/yaml/README.md,yaml,/Users/pq/aikagan-web/.opencode/node_modules/yaml
bin.mjs,2026-09-06 17:28:04 +0000,2026-09-06 17:28:04 +0000,,Javascript,310 bytes,1,/Users/pq/aikagan-web/.opencode/node_modules/yaml/bin.mjs,yaml,/Users/pq/aikagan-web/.opencode/node_modules/yaml
package.json,2026-09-06 17:28:04 +0000,2026-09-06 17:28:04 +0000,,Json,3 KB,1,/Users/pq/aikagan-web/.opencode/node_modules/yaml/package.json,yaml,/Users/pq/aikagan-web/.opencode/node_modules/yaml
util.js,2026-09-06 17:28:04 +0000,2026-09-06 17:28:04 +0000,,Javascript,80 bytes,1,/Users/pq/aikagan-web/.opencode/node_modules/yaml/util.js,yaml,/Users/pq/aikagan-web/.opencode/node_modules/yaml
browser,2026-09-06 17:28:04 +0000,2026-09-06 17:28:04 +0000,,Folder,3 bytes,0,/Users/pq/aikagan-web/.opencode/node_modules/yaml/browser,yaml,/Users/pq/aikagan-web/.opencode/node_modules/yaml/browser
index.js,2026-09-06 17:28:04 +0000,2026-09-06 17:28:04 +0000,,Javascript,191 bytes,1,/Users/pq/aikagan-web/.opencode/node_modules/yaml/browser/index.js,browser,/Users/pq/aikagan-web/.opencode/node_modules/yaml/browser
package.json,2026-09-06 17:28:04 +0000,2026-09-06 17:28:04 +0000,,Json,23 bytes,1,/Users/pq/aikagan-web/.opencode/node_modules/yaml/browser/package.json,browser,/Users/pq/aikagan-web/.opencode/node_modules/yaml/browser
dist,2026-09-06 17:28:04 +0000,2026-09-06 17:28:04 +0000,,Folder,12 bytes,0,/Users/pq/aikagan-web/.opencode/node_modules/yaml/browser/dist,browser,/Users/pq/aikagan-web/.opencode/node_modules/yaml/browser/dist
errors.js,2026-09-06 17:28:04 +0000,2026-09-06 17:28:04 +0000,,Javascript,2 KB,1,/Users/pq/aikagan-web/.opencode/node_modules/yaml/browser/dist/errors.js,dist,/Users/pq/aikagan-web/.opencode/node_modules/yaml/browser/dist
index.js,2026-09-06 17:28:04 +0000,2026-09-06 17:28:04 +0000,,Javascript,879 bytes,1,/Users/pq/aikagan-web/.opencode/node_modules/yaml/browser/dist/index.js,dist,/Users/pq/aikagan-web/.opencode/node_modules/yaml/browser/dist
log.js,2026-09-06 17:28:04 +0000,2026-09-06 17:28:04 +0000,,Javascript,260 bytes,1,/Users/pq/aikagan-web/.opencode/node_modules/yaml/browser/dist/log.js,dist,/Users/pq/aikagan-web/.opencode/node_modules/yaml/browser/dist
public-api.js,2026-09-06 17:28:04 +0000,2026-09-06 17:28:04 +0000,,Javascript,4 KB,1,/Users/pq/aikagan-web/.opencode/node_modules/yaml/browser/dist/public-api.js,dist,/Users/pq/aikagan-web/.opencode/node_modules/yaml/browser/dist
util.js,2026-09-06 17:28:04 +0000,2026-09-06 17:28:04 +0000,,Javascript,594 bytes,1,/Users/pq/aikagan-web/.opencode/node_modules/yaml/browser/dist/util.js,dist,/Users/pq/aikagan-web/.opencode/node_modules/yaml/browser/dist
visit.js,2026-09-06 17:28:04 +0000,2026-09-06 17:28:04 +0000,,Javascript,9 KB,1,/Users/pq/aikagan-web/.opencode/node_modules/yaml/browser/dist/visit.js,dist,/Users/pq/aikagan-web/.opencode/node_modules/yaml/browser/dist
compose,2026-09-06 17:28:04 +0000,2026-09-06 17:28:04 +0000,,Folder,16 bytes,0,/Users/pq/aikagan-web/.opencode/node_modules/yaml/browser/dist/compose,dist,/Users/pq/aikagan-web/.opencode/node_modules/yaml/browser/dist/compose
compose-collection.js,2026-09-06 17:28:04 +0000,2026-09-06 17:28:04 +0000,,Javascript,4 KB,1,/Users/pq/aikagan-web/.opencode/node_modules/yaml/browser/dist/compose/compose-collection.js,compose,/Users/pq/aikagan-web/.opencode/node_modules/yaml/browser/dist/compose
compose-doc.js,2026-09-06 17:28:04 +0000,2026-09-06 17:28:04 +0000,,Javascript,2 KB,1,/Users/pq/aikagan-web/.opencode/node_modules/yaml/browser/dist/compose/compose-doc.js,compose,/Users/pq/aikagan-web/.opencode/node_modules/yaml/browser/dist/compose
compose-node.js,2026-09-06 17:28:04 +0000,2026-09-06 17:28:04 +0000,,Javascript,4 KB,1,/Users/pq/aikagan-web/.opencode/node_modules/yaml/browser/dist/compose/compose-node.js,compose,/Users/pq/aikagan-web/.opencode/node_modules/yaml/browser/dist/compose
compose-scalar.js,2026-09-06 17:28:04 +0000,2026-09-06 17:28:04 +0000,,Javascript,3 KB,1,/Users/pq/aikagan-web/.opencode/node_modules/yaml/browser/dist/compose/compose-scalar.js,compose,/Users/pq/aikagan-web/.opencode/node_modules/yaml/browser/dist/compose
composer.js,2026-09-06 17:28:04 +0000,2026-09-06 17:28:04 +0000,,Javascript,8 KB,1,/Users/pq/aikagan-web/.opencode/node_modules/yaml/browser/dist/compose/composer.js,compose,/Users/pq/aikagan-web/.opencode/node_modules/yaml/browser/dist/compose
resolve-block-map.js,2026-09-06 17:28:04 +0000,2026-09-06 17:28:04 +0000,,Javascript,5 KB,1,/Users/pq/aikagan-web/.opencode/node_modules/yaml/browser/dist/compose/resolve-block-map.js,compose,/Users/pq/aikagan-web/.opencode/node_modules/yaml/browser/dist/compose
resolve-block-scalar.js,2026-09-06 17:28:04 +0000,2026-09-06 17:28:04 +0000,,Javascript,7 KB,1,/Users/pq/aikagan-web/.opencode/node_modules/yaml/browser/dist/compose/resolve-block-scalar.js,compose,/Users/pq/aikagan-web/.opencode/node_modules/yaml/browser/dist/compose
resolve-block-seq.js,2026-09-06 17:28:04 +0000,2026-09-06 17:28:04 +0000,,Javascript,2 KB,1,/Users/pq/aikagan-web/.opencode/node_modules/yaml/browser/dist/compose/resolve-block-seq.js,compose,/Users/pq/aikagan-web/.opencode/node_modules/yaml/browser/dist/compose
resolve-end.js,2026-09-06 17:28:04 +0000,2026-09-06 17:28:04 +0000,,Javascript,1 KB,1,/Users/pq/aikagan-web/.opencode/node_modules/yaml/browser/dist/compose/resolve-end.js,compose,/Users/pq/aikagan-web/.opencode/node_modules/yaml/browser/dist/compose
resolve-flow-collection.js,2026-09-06 17:28:04 +0000,2026-09-06 17:28:04 +0000,,Javascript,9 KB,1,/Users/pq/aikagan-web/.opencode/node_modules/yaml/browser/dist/compose/resolve-flow-collection.js,compose,/Users/pq/aikagan-web/.opencode/node_modules/yaml/browser/dist/compose
resolve-flow-scalar.js,2026-09-06 17:28:04 +0000,2026-09-06 17:28:04 +0000,,Javascript,7 KB,1,/Users/pq/aikagan-web/.opencode/node_modules/yaml/browser/dist/compose/resolve-flow-scalar.js,compose,/Users/pq/aikagan-web/.opencode/node_modules/yaml/browser/dist/compose
resolve-props.js,2026-09-06 17:28:04 +0000,2026-09-06 17:28:04 +0000,,Javascript,6 KB,1,/Users/pq/aikagan-web/.opencode/node_modules/yaml/browser/dist/compose/resolve-props.js,compose,/Users/pq/aikagan-web/.opencode/node_modules/yaml/browser/dist/compose
util-contains-newline.js,2026-09-06 17:28:04 +0000,2026-09-06 17:28:04 +0000,,Javascript,1 KB,1,/Users/pq/aikagan-web/.opencode/node_modules/yaml/browser/dist/compose/util-contains-newline.js,compose,/Users/pq/aikagan-web/.opencode/node_modules/yaml/browser/dist/compose
util-empty-scalar-position.js,2026-09-06 17:28:04 +0000,2026-09-06 17:28:04 +0000,,Javascript,816 bytes,1,/Users/pq/aikagan-web/.opencode/node_modules/yaml/browser/dist/compose/util-empty-scalar-position.js,compose,/Users/pq/aikagan-web/.opencode/node_modules/yaml/browser/dist/compose
util-flow-indent-check.js,2026-09-06 17:28:04 +0000,2026-09-06 17:28:04 +0000,,Javascript,494 bytes,1,/Users/pq/aikagan-web/.opencode/node_modules/yaml/browser/dist/compose/util-flow-indent-check.js,compose,/Users/pq/aikagan-web/.opencode/node_modules/yaml/browser/dist/compose
util-map-includes.js,2026-09-06 17:28:04 +0000,2026-09-06 17:28:04 +0000,,Javascript,428 bytes,1,/Users/pq/aikagan-web/.opencode/node_modules/yaml/browser/dist/compose/util-map-includes.js,compose,/Users/pq/aikagan-web/.opencode/node_modules/yaml/browser/dist/compose
doc,2026-09-06 17:28:04 +0000,2026-09-06 17:28:04 +0000,,Folder,5 bytes,0,/Users/pq/aikagan-web/.opencode/node_modules/yaml/browser/dist/doc,dist,/Users/pq/aikagan-web/.opencode/node_modules/yaml/browser/dist/doc
Document.js,2026-09-06 17:28:04 +0000,2026-09-06 17:28:04 +0000,,Javascript,13 KB,1,/Users/pq/aikagan-web/.opencode/node_modules/yaml/browser/dist/doc/Document.js,doc,/Users/pq/aikagan-web/.opencode/node_modules/yaml/browser/dist/doc
anchors.js,2026-09-06 17:28:04 +0000,2026-09-06 17:28:04 +0000,,Javascript,2 KB,1,/Users/pq/aikagan-web/.opencode/node_modules/yaml/browser/dist/doc/anchors.js,doc,/Users/pq/aikagan-web/.opencode/node_modules/yaml/browser/dist/doc
applyReviver.js,2026-09-06 17:28:04 +0000,2026-09-06 17:28:04 +0000,,Javascript,2 KB,1,/Users/pq/aikagan-web/.opencode/node_modules/yaml/browser/dist/doc/applyReviver.js,doc,/Users/pq/aikagan-web/.opencode/node_modules/yaml/browser/dist/doc
createNode.js,2026-09-06 17:28:04 +0000,2026-09-06 17:28:04 +0000,,Javascript,3 KB,1,/Users/pq/aikagan-web/.opencode/node_modules/yaml/browser/dist/doc/createNode.js,doc,/Users/pq/aikagan-web/.opencode/node_modules/yaml/browser/dist/doc
directives.js,2026-09-06 17:28:04 +0000,2026-09-06 17:28:04 +0000,,Javascript,6 KB,1,/Users/pq/aikagan-web/.opencode/node_modules/yaml/browser/dist/doc/directives.js,doc,/Users/pq/aikagan-web/.opencode/node_modules/yaml/browser/dist/doc
nodes,2026-09-06 17:28:04 +0000,2026-09-06 17:28:04 +0000,,Folder,10 bytes,0,/Users/pq/aikagan-web/.opencode/node_modules/yaml/browser/dist/nodes,dist,/Users/pq/aikagan-web/.opencode/node_modules/yaml/browser/dist/nodes
Alias.js,2026-09-06 17:28:04 +0000,2026-09-06 17:28:04 +0000,,Javascript,4 KB,1,/Users/pq/aikagan-web/.opencode/node_modules/yaml/browser/dist/nodes/Alias.js,nodes,/Users/pq/aikagan-web/.opencode/node_modules/yaml/browser/dist/nodes
Collection.js,2026-09-06 17:28:04 +0000,2026-09-06 17:28:04 +0000,,Javascript,5 KB,1,/Users/pq/aikagan-web/.opencode/node_modules/yaml/browser/dist/nodes/Collection.js,nodes,/Users/pq/aikagan-web/.opencode/node_modules/yaml/browser/dist/nodes
Node.js,2026-09-06 17:28:04 +0000,2026-09-06 17:28:04 +0000,,Javascript,1 KB,1,/Users/pq/aikagan-web/.opencode/node_modules/yaml/browser/dist/nodes/Node.js,nodes,/Users/pq/aikagan-web/.opencode/node_modules/yaml/browser/dist/nodes
Pair.js,2026-09-06 17:28:04 +0000,2026-09-06 17:28:04 +0000,,Javascript,1 KB,1,/Users/pq/aikagan-web/.opencode/node_modules/yaml/browser/dist/nodes/Pair.js,nodes,/Users/pq/aikagan-web/.opencode/node_modules/yaml/browser/dist/nodes
Scalar.js,2026-09-06 17:28:04 +0000,2026-09-06 17:28:04 +0000,,Javascript,700 bytes,1,/Users/pq/aikagan-web/.opencode/node_modules/yaml/browser/dist/nodes/Scalar.js,nodes,/Users/pq/aikagan-web/.opencode/node_modules/yaml/browser/dist/nodes
YAMLMap.js,2026-09-06 17:28:04 +0000,2026-09-06 17:28:04 +0000,,Javascript,5 KB,1,/Users/pq/aikagan-web/.opencode/node_modules/yaml/browser/dist/nodes/YAMLMap.js,nodes,/Users/pq/aikagan-web/.opencode/node_modules/yaml/browser/dist/nodes
YAMLSeq.js,2026-09-06 17:28:04 +0000,2026-09-06 17:28:04 +0000,,Javascript,4 KB,1,/Users/pq/aikagan-web/.opencode/node_modules/yaml/browser/dist/nodes/YAMLSeq.js,nodes,/Users/pq/aikagan-web/.opencode/node_modules/yaml/browser/dist/nodes
addPairToJSMap.js,2026-09-06 17:28:04 +0000,2026-09-06 17:28:04 +0000,,Javascript,2 KB,1,/Users/pq/aikagan-web/.opencode/node_modules/yaml/browser/dist/nodes/addPairToJSMap.js,nodes,/Users/pq/aikagan-web/.opencode/node_modules/yaml/browser/dist/nodes
identity.js,2026-09-06 17:28:04 +0000,2026-09-06 17:28:04 +0000,,Javascript,2 KB,1,/Users/pq/aikagan-web/.opencode/node_modules/yaml/browser/dist/nodes/identity.js,nodes,/Users/pq/aikagan-web/.opencode/node_modules/yaml/browser/dist/nodes
toJS.js,2026-09-06 17:28:04 +0000,2026-09-06 17:28:04 +0000,,Javascript,1 KB,1,/Users/pq/aikagan-web/.opencode/node_modules/yaml/browser/dist/nodes/toJS.js,nodes,/Users/pq/aikagan-web/.opencode/node_modules/yaml/browser/dist/nodes
parse,2026-09-06 17:28:04 +0000,2026-09-06 17:28:04 +0000,,Folder,7 bytes,0,/Users/pq/aikagan-web/.opencode/node_modules/yaml/browser/dist/parse,dist,/Users/pq/aikagan-web/.opencode/node_modules/yaml/browser/dist/parse
cst-scalar.js,2026-09-06 17:28:04 +0000,2026-09-06 17:28:04 +0000,,Javascript,9 KB,1,/Users/pq/aikagan-web/.opencode/node_modules/yaml/browser/dist/parse/cst-scalar.js,parse,/Users/pq/aikagan-web/.opencode/node_modules/yaml/browser/dist/parse
cst-stringify.js,2026-09-06 17:28:04 +0000,2026-09-06 17:28:04 +0000,,Javascript,2 KB,1,/Users/pq/aikagan-web/.opencode/node_modules/yaml/browser/dist/parse/cst-stringify.js,parse,/Users/pq/aikagan-web/.opencode/node_modules/yaml/browser/dist/parse
cst-visit.js,2026-09-06 17:28:04 +0000,2026-09-06 17:28:04 +0000,,Javascript,4 KB,1,/Users/pq/aikagan-web/.opencode/node_modules/yaml/browser/dist/parse/cst-visit.js,parse,/Users/pq/aikagan-web/.opencode/node_modules/yaml/browser/dist/parse
cst.js,2026-09-06 17:28:04 +0000,2026-09-06 17:28:04 +0000,,Javascript,3 KB,1,/Users/pq/aikagan-web/.opencode/node_modules/yaml/browser/dist/parse/cst.js,parse,/Users/pq/aikagan-web/.opencode/node_modules/yaml/browser/dist/parse
lexer.js,2026-09-06 17:28:04 +0000,2026-09-06 17:28:04 +0000,,Javascript,24 KB,1,/Users/pq/aikagan-web/.opencode/node_modules/yaml/browser/dist/parse/lexer.js,parse,/Users/pq/aikagan-web/.opencode/node_modules/yaml/browser/dist/parse
line-counter.js,2026-09-06 17:28:04 +0000,2026-09-06 17:28:04 +0000,,Javascript,1 KB,1,/Users/pq/aikagan-web/.opencode/node_modules/yaml/browser/dist/parse/line-counter.js,parse,/Users/pq/aikagan-web/.opencode/node_modules/yaml/browser/dist/parse
parser.js,2026-09-06 17:28:04 +0000,2026-09-06 17:28:04 +0000,,Javascript,35 KB,1,/Users/pq/aikagan-web/.opencode/node_modules/yaml/browser/dist/parse/parser.js,parse,/Users/pq/aikagan-web/.opencode/node_modules/yaml/browser/dist/parse
schema,2026-09-06 17:28:04 +0000,2026-09-06 17:28:04 +0000,,Folder,6 bytes,0,/Users/pq/aikagan-web/.opencode/node_modules/yaml/browser/dist/schema,dist,/Users/pq/aikagan-web/.opencode/node_modules/yaml/browser/dist/schema
Schema.js,2026-09-06 17:28:04 +0000,2026-09-06 17:28:04 +0000,,Javascript,1 KB,1,/Users/pq/aikagan-web/.opencode/node_modules/yaml/browser/dist/schema/Schema.js,schema,/Users/pq/aikagan-web/.opencode/node_modules/yaml/browser/dist/schema
tags.js,2026-09-06 17:28:04 +0000,2026-09-06 17:28:04 +0000,,Javascript,3 KB,1,/Users/pq/aikagan-web/.opencode/node_modules/yaml/browser/dist/schema/tags.js,schema,/Users/pq/aikagan-web/.opencode/node_modules/yaml/browser/dist/schema
common,2026-09-06 17:28:04 +0000,2026-09-06 17:28:04 +0000,,Folder,4 bytes,0,/Users/pq/aikagan-web/.opencode/node_modules/yaml/browser/dist/schema/common,schema,/Users/pq/aikagan-web/.opencode/node_modules/yaml/browser/dist/schema/common
map.js,2026-09-06 17:28:04 +0000,2026-09-06 17:28:04 +0000,,Javascript,439 bytes,1,/Users/pq/aikagan-web/.opencode/node_modules/yaml/browser/dist/schema/common/map.js,common,/Users/pq/aikagan-web/.opencode/node_modules/yaml/browser/dist/schema/common
null.js,2026-09-06 17:28:04 +0000,2026-09-06 17:28:04 +0000,,Javascript,434 bytes,1,/Users/pq/aikagan-web/.opencode/node_modules/yaml/browser/dist/schema/common/null.js,common,/Users/pq/aikagan-web/.opencode/node_modules/yaml/browser/dist/schema/common
seq.js,2026-09-06 17:28:04 +0000,2026-09-06 17:28:04 +0000,,Javascript,440 bytes,1,/Users/pq/aikagan-web/.opencode/node_modules/yaml/browser/dist/schema/common/seq.js,common,/Users/pq/aikagan-web/.opencode/node_modules/yaml/browser/dist/schema/common
string.js,2026-09-06 17:28:04 +0000,2026-09-06 17:28:04 +0000,,Javascript,421 bytes,1,/Users/pq/aikagan-web/.opencode/node_modules/yaml/browser/dist/schema/common/string.js,common,/Users/pq/aikagan-web/.opencode/node_modules/yaml/browser/dist/schema/common
core,2026-09-06 17:28:04 +0000,2026-09-06 17:28:04 +0000,,Folder,4 bytes,0,/Users/pq/aikagan-web/.opencode/node_modules/yaml/browser/dist/schema/core,schema,/Users/pq/aikagan-web/.opencode/node_modules/yaml/browser/dist/schema/core
bool.js,2026-09-06 17:28:04 +0000,2026-09-06 17:28:04 +0000,,Javascript,607 bytes,1,/Users/pq/aikagan-web/.opencode/node_modules/yaml/browser/dist/schema/core/bool.js,core,/Users/pq/aikagan-web/.opencode/node_modules/yaml/browser/dist/schema/core
float.js,2026-09-06 17:28:04 +0000,2026-09-06 17:28:04 +0000,,Javascript,1 KB,1,/Users/pq/aikagan-web/.opencode/node_modules/yaml/browser/dist/schema/core/float.js,core,/Users/pq/aikagan-web/.opencode/node_modules/yaml/browser/dist/schema/core
int.js,2026-09-06 17:28:04 +0000,2026-09-06 17:28:04 +0000,,Javascript,1 KB,1,/Users/pq/aikagan-web/.opencode/node_modules/yaml/browser/dist/schema/core/int.js,core,/Users/pq/aikagan-web/.opencode/node_modules/yaml/browser/dist/schema/core
schema.js,2026-09-06 17:28:04 +0000,2026-09-06 17:28:04 +0000,,Javascript,480 bytes,1,/Users/pq/aikagan-web/.opencode/node_modules/yaml/browser/dist/schema/core/schema.js,core,/Users/pq/aikagan-web/.opencode/node_modules/yaml/browser/dist/schema/core
json,2026-09-06 17:28:04 +0000,2026-09-06 17:28:04 +0000,,Folder,1 byte,0,/Users/pq/aikagan-web/.opencode/node_modules/yaml/browser/dist/schema/json,schema,/Users/pq/aikagan-web/.opencode/node_modules/yaml/browser/dist/schema/json
schema.js,2026-09-06 17:28:04 +0000,2026-09-06 17:28:04 +0000,,Javascript,2 KB,1,/Users/pq/aikagan-web/.opencode/node_modules/yaml/browser/dist/schema/json/schema.js,json,/Users/pq/aikagan-web/.opencode/node_modules/yaml/browser/dist/schema/json
yaml-1.1,2026-09-06 17:28:04 +0000,2026-09-06 17:28:04 +0000,,Folder,10 bytes,0,/Users/pq/aikagan-web/.opencode/node_modules/yaml/browser/dist/schema/yaml-1.1,schema,/Users/pq/aikagan-web/.opencode/node_modules/yaml/browser/dist/schema/yaml-1.1
binary.js,2026-09-06 17:28:04 +0000,2026-09-06 17:28:04 +0000,,Javascript,2 KB,1,/Users/pq/aikagan-web/.opencode/node_modules/yaml/browser/dist/schema/yaml-1.1/binary.js,yaml-1.1,/Users/pq/aikagan-web/.opencode/node_modules/yaml/browser/dist/schema/yaml-1.1
bool.js,2026-09-06 17:28:04 +0000,2026-09-06 17:28:04 +0000,,Javascript,787 bytes,1,/Users/pq/aikagan-web/.opencode/node_modules/yaml/browser/dist/schema/yaml-1.1/bool.js,yaml-1.1,/Users/pq/aikagan-web/.opencode/node_modules/yaml/browser/dist/schema/yaml-1.1
float.js,2026-09-06 17:28:04 +0000,2026-09-06 17:28:04 +0000,,Javascript,2 KB,1,/Users/pq/aikagan-web/.opencode/node_modules/yaml/browser/dist/schema/yaml-1.1/float.js,yaml-1.1,/Users/pq/aikagan-web/.opencode/node_modules/yaml/browser/dist/schema/yaml-1.1
int.js,2026-09-06 17:28:04 +0000,2026-09-06 17:28:04 +0000,,Javascript,2 KB,1,/Users/pq/aikagan-web/.opencode/node_modules/yaml/browser/dist/schema/yaml-1.1/int.js,yaml-1.1,/Users/pq/aikagan-web/.opencode/node_modules/yaml/browser/dist/schema/yaml-1.1
merge.js,2026-09-06 17:28:04 +0000,2026-09-06 17:28:04 +0000,,Javascript,3 KB,1,/Users/pq/aikagan-web/.opencode/node_modules/yaml/browser/dist/schema/yaml-1.1/merge.js,yaml-1.1,/Users/pq/aikagan-web/.opencode/node_modules/yaml/browser/dist/schema/yaml-1.1
omap.js,2026-09-06 17:28:04 +0000,2026-09-06 17:28:04 +0000,,Javascript,2 KB,1,/Users/pq/aikagan-web/.opencode/node_modules/yaml/browser/dist/schema/yaml-1.1/omap.js,yaml-1.1,/Users/pq/aikagan-web/.opencode/node_modules/yaml/browser/dist/schema/yaml-1.1
pairs.js,2026-09-06 17:28:04 +0000,2026-09-06 17:28:04 +0000,,Javascript,3 KB,1,/Users/pq/aikagan-web/.opencode/node_modules/yaml/browser/dist/schema/yaml-1.1/pairs.js,yaml-1.1,/Users/pq/aikagan-web/.opencode/node_modules/yaml/browser/dist/schema/yaml-1.1
schema.js,2026-09-06 17:28:04 +0000,2026-09-06 17:28:04 +0000,,Javascript,860 bytes,1,/Users/pq/aikagan-web/.opencode/node_modules/yaml/browser/dist/schema/yaml-1.1/schema.js,yaml-1.1,/Users/pq/aikagan-web/.opencode/node_modules/yaml/browser/dist/schema/yaml-1.1
set.js,2026-09-06 17:28:04 +0000,2026-09-06 17:28:04 +0000,,Javascript,3 KB,1,/Users/pq/aikagan-web/.opencode/node_modules/yaml/browser/dist/schema/yaml-1.1/set.js,yaml-1.1,/Users/pq/aikagan-web/.opencode/node_modules/yaml/browser/dist/schema/yaml-1.1
timestamp.js,2026-09-06 17:28:04 +0000,2026-09-06 17:28:04 +0000,,Javascript,4 KB,1,/Users/pq/aikagan-web/.opencode/node_modules/yaml/browser/dist/schema/yaml-1.1/timestamp.js,yaml-1.1,/Users/pq/aikagan-web/.opencode/node_modules/yaml/browser/dist/schema/yaml-1.1
stringify,2026-09-06 17:28:04 +0000,2026-09-06 17:28:04 +0000,,Folder,8 bytes,0,/Users/pq/aikagan-web/.opencode/node_modules/yaml/browser/dist/stringify,dist,/Users/pq/aikagan-web/.opencode/node_modules/yaml/browser/dist/stringify
foldFlowLines.js,2026-09-06 17:28:04 +0000,2026-09-06 17:28:04 +0000,,Javascript,5 KB,1,/Users/pq/aikagan-web/.opencode/node_modules/yaml/browser/dist/stringify/foldFlowLines.js,stringify,/Users/pq/aikagan-web/.opencode/node_modules/yaml/browser/dist/stringify
stringify.js,2026-09-06 17:28:04 +0000,2026-09-06 17:28:04 +0000,,Javascript,4 KB,1,/Users/pq/aikagan-web/.opencode/node_modules/yaml/browser/dist/stringify/stringify.js,stringify,/Users/pq/aikagan-web/.opencode/node_modules/yaml/browser/dist/stringify
stringifyCollection.js,2026-09-06 17:28:04 +0000,2026-09-06 17:28:04 +0000,,Javascript,6 KB,1,/Users/pq/aikagan-web/.opencode/node_modules/yaml/browser/dist/stringify/stringifyCollection.js,stringify,/Users/pq/aikagan-web/.opencode/node_modules/yaml/browser/dist/stringify
stringifyComment.js,2026-09-06 17:28:04 +0000,2026-09-06 17:28:04 +0000,,Javascript,724 bytes,1,/Users/pq/aikagan-web/.opencode/node_modules/yaml/browser/dist/stringify/stringifyComment.js,stringify,/Users/pq/aikagan-web/.opencode/node_modules/yaml/browser/dist/stringify
stringifyDocument.js,2026-09-06 17:28:04 +0000,2026-09-06 17:28:04 +0000,,Javascript,3 KB,1,/Users/pq/aikagan-web/.opencode/node_modules/yaml/browser/dist/stringify/stringifyDocument.js,stringify,/Users/pq/aikagan-web/.opencode/node_modules/yaml/browser/dist/stringify
stringifyNumber.js,2026-09-06 17:28:04 +0000,2026-09-06 17:28:04 +0000,,Javascript,778 bytes,1,/Users/pq/aikagan-web/.opencode/node_modules/yaml/browser/dist/stringify/stringifyNumber.js,stringify,/Users/pq/aikagan-web/.opencode/node_modules/yaml/browser/dist/stringify
stringifyPair.js,2026-09-06 17:28:04 +0000,2026-09-06 17:28:04 +0000,,Javascript,5 KB,1,/Users/pq/aikagan-web/.opencode/node_modules/yaml/browser/dist/stringify/stringifyPair.js,stringify,/Users/pq/aikagan-web/.opencode/node_modules/yaml/browser/dist/stringify
stringifyString.js,2026-09-06 17:28:04 +0000,2026-09-06 17:28:04 +0000,,Javascript,13 KB,1,/Users/pq/aikagan-web/.opencode/node_modules/yaml/browser/dist/stringify/stringifyString.js,stringify,/Users/pq/aikagan-web/.opencode/node_modules/yaml/browser/dist/stringify
dist,2026-09-06 17:28:04 +0000,2026-09-06 17:28:04 +0000,,Folder,23 bytes,0,/Users/pq/aikagan-web/.opencode/node_modules/yaml/dist,yaml,/Users/pq/aikagan-web/.opencode/node_modules/yaml/dist
cli.d.ts,2026-09-06 17:28:04 +0000,2026-09-06 17:28:04 +0000,,Mpeg-2 Transport Stream,1 KB,1,/Users/pq/aikagan-web/.opencode/node_modules/yaml/dist/cli.d.ts,dist,/Users/pq/aikagan-web/.opencode/node_modules/yaml/dist
cli.mjs,2026-09-06 17:28:04 +0000,2026-09-06 17:28:04 +0000,,Javascript,7 KB,1,/Users/pq/aikagan-web/.opencode/node_modules/yaml/dist/cli.mjs,dist,/Users/pq/aikagan-web/.opencode/node_modules/yaml/dist
errors.d.ts,2026-09-06 17:28:04 +0000,2026-09-06 17:28:04 +0000,,Mpeg-2 Transport Stream,1 KB,1,/Users/pq/aikagan-web/.opencode/node_modules/yaml/dist/errors.d.ts,dist,/Users/pq/aikagan-web/.opencode/node_modules/yaml/dist
errors.js,2026-09-06 17:28:04 +0000,2026-09-06 17:28:04 +0000,,Javascript,2 KB,1,/Users/pq/aikagan-web/.opencode/node_modules/yaml/dist/errors.js,dist,/Users/pq/aikagan-web/.opencode/node_modules/yaml/dist
index.d.ts,2026-09-06 17:28:04 +0000,2026-09-06 17:28:04 +0000,,Mpeg-2 Transport Stream,1 KB,1,/Users/pq/aikagan-web/.opencode/node_modules/yaml/dist/index.d.ts,dist,/Users/pq/aikagan-web/.opencode/node_modules/yaml/dist
index.js,2026-09-06 17:28:04 +0000,2026-09-06 17:28:04 +0000,,Javascript,2 KB,1,/Users/pq/aikagan-web/.opencode/node_modules/yaml/dist/index.js,dist,/Users/pq/aikagan-web/.opencode/node_modules/yaml/dist
log.d.ts,2026-09-06 17:28:04 +0000,2026-09-06 17:28:04 +0000,,Mpeg-2 Transport Stream,226 bytes,1,/Users/pq/aikagan-web/.opencode/node_modules/yaml/dist/log.d.ts,dist,/Users/pq/aikagan-web/.opencode/node_modules/yaml/dist
log.js,2026-09-06 17:28:04 +0000,2026-09-06 17:28:04 +0000,,Javascript,459 bytes,1,/Users/pq/aikagan-web/.opencode/node_modules/yaml/dist/log.js,dist,/Users/pq/aikagan-web/.opencode/node_modules/yaml/dist
options.d.ts,2026-09-06 17:28:04 +0000,2026-09-06 17:28:04 +0000,,Mpeg-2 Transport Stream,11 KB,1,/Users/pq/aikagan-web/.opencode/node_modules/yaml/dist/options.d.ts,dist,/Users/pq/aikagan-web/.opencode/node_modules/yaml/dist
public-api.d.ts,2026-09-06 17:28:04 +0000,2026-09-06 17:28:04 +0000,,Mpeg-2 Transport Stream,3 KB,1,/Users/pq/aikagan-web/.opencode/node_modules/yaml/dist/public-api.d.ts,dist,/Users/pq/aikagan-web/.opencode/node_modules/yaml/dist
public-api.js,2026-09-06 17:28:04 +0000,2026-09-06 17:28:04 +0000,,Javascript,4 KB,1,/Users/pq/aikagan-web/.opencode/node_modules/yaml/dist/public-api.js,dist,/Users/pq/aikagan-web/.opencode/node_modules/yaml/dist
test-events.d.ts,2026-09-06 17:28:04 +0000,2026-09-06 17:28:04 +0000,,Mpeg-2 Transport Stream,96 bytes,1,/Users/pq/aikagan-web/.opencode/node_modules/yaml/dist/test-events.d.ts,dist,/Users/pq/aikagan-web/.opencode/node_modules/yaml/dist
test-events.js,2026-09-06 17:28:04 +0000,2026-09-06 17:28:04 +0000,,Javascript,4 KB,1,/Users/pq/aikagan-web/.opencode/node_modules/yaml/dist/test-events.js,dist,/Users/pq/aikagan-web/.opencode/node_modules/yaml/dist
util.d.ts,2026-09-06 17:28:04 +0000,2026-09-06 17:28:04 +0000,,Mpeg-2 Transport Stream,835 bytes,1,/Users/pq/aikagan-web/.opencode/node_modules/yaml/dist/util.d.ts,dist,/Users/pq/aikagan-web/.opencode/node_modules/yaml/dist
util.js,2026-09-06 17:28:04 +0000,2026-09-06 17:28:04 +0000,,Javascript,1 KB,1,/Users/pq/aikagan-web/.opencode/node_modules/yaml/dist/util.js,dist,/Users/pq/aikagan-web/.opencode/node_modules/yaml/dist
visit.d.ts,2026-09-06 17:28:04 +0000,2026-09-06 17:28:04 +0000,,Mpeg-2 Transport Stream,5 KB,1,/Users/pq/aikagan-web/.opencode/node_modules/yaml/dist/visit.d.ts,dist,/Users/pq/aikagan-web/.opencode/node_modules/yaml/dist
visit.js,2026-09-06 17:28:04 +0000,2026-09-06 17:28:04 +0000,,Javascript,9 KB,1,/Users/pq/aikagan-web/.opencode/node_modules/yaml/dist/visit.js,dist,/Users/pq/aikagan-web/.opencode/node_modules/yaml/dist
compose,2026-09-06 17:28:04 +0000,2026-09-06 17:28:04 +0000,,Folder,32 bytes,0,/Users/pq/aikagan-web/.opencode/node_modules/yaml/dist/compose,dist,/Users/pq/aikagan-web/.opencode/node_modules/yaml/dist/compose
compose-collection.d.ts,2026-09-06 17:28:04 +0000,2026-09-06 17:28:04 +0000,,Mpeg-2 Transport Stream,582 bytes,1,/Users/pq/aikagan-web/.opencode/node_modules/yaml/dist/compose/compose-collection.d.ts,compose,/Users/pq/aikagan-web/.opencode/node_modules/yaml/dist/compose
compose-collection.js,2026-09-06 17:28:04 +0000,2026-09-06 17:28:04 +0000,,Javascript,4 KB,1,/Users/pq/aikagan-web/.opencode/node_modules/yaml/dist/compose/compose-collection.js,compose,/Users/pq/aikagan-web/.opencode/node_modules/yaml/dist/compose
compose-doc.d.ts,2026-09-06 17:28:04 +0000,2026-09-06 17:28:04 +0000,,Mpeg-2 Transport Stream,623 bytes,1,/Users/pq/aikagan-web/.opencode/node_modules/yaml/dist/compose/compose-doc.d.ts,compose,/Users/pq/aikagan-web/.opencode/node_modules/yaml/dist/compose
compose-doc.js,2026-09-06 17:28:04 +0000,2026-09-06 17:28:04 +0000,,Javascript,2 KB,1,/Users/pq/aikagan-web/.opencode/node_modules/yaml/dist/compose/compose-doc.js,compose,/Users/pq/aikagan-web/.opencode/node_modules/yaml/dist/compose
compose-node.d.ts,2026-09-06 17:28:04 +0000,2026-09-06 17:28:04 +0000,,Mpeg-2 Transport Stream,1 KB,1,/Users/pq/aikagan-web/.opencode/node_modules/yaml/dist/compose/compose-node.d.ts,compose,/Users/pq/aikagan-web/.opencode/node_modules/yaml/dist/compose
compose-node.js,2026-09-06 17:28:04 +0000,2026-09-06 17:28:04 +0000,,Javascript,4 KB,1,/Users/pq/aikagan-web/.opencode/node_modules/yaml/dist/compose/compose-node.js,compose,/Users/pq/aikagan-web/.opencode/node_modules/yaml/dist/compose
compose-scalar.d.ts,2026-09-06 17:28:04 +0000,2026-09-06 17:28:04 +0000,,Mpeg-2 Transport Stream,393 bytes,1,/Users/pq/aikagan-web/.opencode/node_modules/yaml/dist/compose/compose-scalar.d.ts,compose,/Users/pq/aikagan-web/.opencode/node_modules/yaml/dist/compose
compose-scalar.js,2026-09-06 17:28:04 +0000,2026-09-06 17:28:04 +0000,,Javascript,3 KB,1,/Users/pq/aikagan-web/.opencode/node_modules/yaml/dist/compose/compose-scalar.js,compose,/Users/pq/aikagan-web/.opencode/node_modules/yaml/dist/compose
composer.d.ts,2026-09-06 17:28:04 +0000,2026-09-06 17:28:04 +0000,,Mpeg-2 Transport Stream,3 KB,1,/Users/pq/aikagan-web/.opencode/node_modules/yaml/dist/compose/composer.d.ts,compose,/Users/pq/aikagan-web/.opencode/node_modules/yaml/dist/compose
composer.js,2026-09-06 17:28:04 +0000,2026-09-06 17:28:04 +0000,,Javascript,9 KB,1,/Users/pq/aikagan-web/.opencode/node_modules/yaml/dist/compose/composer.js,compose,/Users/pq/aikagan-web/.opencode/node_modules/yaml/dist/compose
resolve-block-map.d.ts,2026-09-06 17:28:04 +0000,2026-09-06 17:28:04 +0000,,Mpeg-2 Transport Stream,457 bytes,1,/Users/pq/aikagan-web/.opencode/node_modules/yaml/dist/compose/resolve-block-map.d.ts,compose,/Users/pq/aikagan-web/.opencode/node_modules/yaml/dist/compose
resolve-block-map.js,2026-09-06 17:28:04 +0000,2026-09-06 17:28:04 +0000,,Javascript,5 KB,1,/Users/pq/aikagan-web/.opencode/node_modules/yaml/dist/compose/resolve-block-map.js,compose,/Users/pq/aikagan-web/.opencode/node_modules/yaml/dist/compose
resolve-block-scalar.d.ts,2026-09-06 17:28:04 +0000,2026-09-06 17:28:04 +0000,,Mpeg-2 Transport Stream,484 bytes,1,/Users/pq/aikagan-web/.opencode/node_modules/yaml/dist/compose/resolve-block-scalar.d.ts,compose,/Users/pq/aikagan-web/.opencode/node_modules/yaml/dist/compose
resolve-block-scalar.js,2026-09-06 17:28:04 +0000,2026-09-06 17:28:04 +0000,,Javascript,8 KB,1,/Users/pq/aikagan-web/.opencode/node_modules/yaml/dist/compose/resolve-block-scalar.js,compose,/Users/pq/aikagan-web/.opencode/node_modules/yaml/dist/compose
resolve-block-seq.d.ts,2026-09-06 17:28:04 +0000,2026-09-06 17:28:04 +0000,,Mpeg-2 Transport Stream,467 bytes,1,/Users/pq/aikagan-web/.opencode/node_modules/yaml/dist/compose/resolve-block-seq.d.ts,compose,/Users/pq/aikagan-web/.opencode/node_modules/yaml/dist/compose
resolve-block-seq.js,2026-09-06 17:28:04 +0000,2026-09-06 17:28:04 +0000,,Javascript,2 KB,1,/Users/pq/aikagan-web/.opencode/node_modules/yaml/dist/compose/resolve-block-seq.js,compose,/Users/pq/aikagan-web/.opencode/node_modules/yaml/dist/compose
resolve-end.d.ts,2026-09-06 17:28:04 +0000,2026-09-06 17:28:04 +0000,,Mpeg-2 Transport Stream,283 bytes,1,/Users/pq/aikagan-web/.opencode/node_modules/yaml/dist/compose/resolve-end.d.ts,compose,/Users/pq/aikagan-web/.opencode/node_modules/yaml/dist/compose
resolve-end.js,2026-09-06 17:28:04 +0000,2026-09-06 17:28:04 +0000,,Javascript,1 KB,1,/Users/pq/aikagan-web/.opencode/node_modules/yaml/dist/compose/resolve-end.js,compose,/Users/pq/aikagan-web/.opencode/node_modules/yaml/dist/compose
resolve-flow-collection.d.ts,2026-09-06 17:28:04 +0000,2026-09-06 17:28:04 +0000,,Mpeg-2 Transport Stream,636 bytes,1,/Users/pq/aikagan-web/.opencode/node_modules/yaml/dist/compose/resolve-flow-collection.d.ts,compose,/Users/pq/aikagan-web/.opencode/node_modules/yaml/dist/compose
resolve-flow-collection.js,2026-09-06 17:28:04 +0000,2026-09-06 17:28:04 +0000,,Javascript,9 KB,1,/Users/pq/aikagan-web/.opencode/node_modules/yaml/dist/compose/resolve-flow-collection.js,compose,/Users/pq/aikagan-web/.opencode/node_modules/yaml/dist/compose
resolve-flow-scalar.d.ts,2026-09-06 17:28:04 +0000,2026-09-06 17:28:04 +0000,,Mpeg-2 Transport Stream,437 bytes,1,/Users/pq/aikagan-web/.opencode/node_modules/yaml/dist/compose/resolve-flow-scalar.d.ts,compose,/Users/pq/aikagan-web/.opencode/node_modules/yaml/dist/compose
resolve-flow-scalar.js,2026-09-06 17:28:04 +0000,2026-09-06 17:28:04 +0000,,Javascript,7 KB,1,/Users/pq/aikagan-web/.opencode/node_modules/yaml/dist/compose/resolve-flow-scalar.js,compose,/Users/pq/aikagan-web/.opencode/node_modules/yaml/dist/compose
resolve-props.d.ts,2026-09-06 17:28:04 +0000,2026-09-06 17:28:04 +0000,,Mpeg-2 Transport Stream,848 bytes,1,/Users/pq/aikagan-web/.opencode/node_modules/yaml/dist/compose/resolve-props.d.ts,compose,/Users/pq/aikagan-web/.opencode/node_modules/yaml/dist/compose
resolve-props.js,2026-09-06 17:28:04 +0000,2026-09-06 17:28:04 +0000,,Javascript,6 KB,1,/Users/pq/aikagan-web/.opencode/node_modules/yaml/dist/compose/resolve-props.js,compose,/Users/pq/aikagan-web/.opencode/node_modules/yaml/dist/compose
util-contains-newline.d.ts,2026-09-06 17:28:04 +0000,2026-09-06 17:28:04 +0000,,Mpeg-2 Transport Stream,131 bytes,1,/Users/pq/aikagan-web/.opencode/node_modules/yaml/dist/compose/util-contains-newline.d.ts,compose,/Users/pq/aikagan-web/.opencode/node_modules/yaml/dist/compose
util-contains-newline.js,2026-09-06 17:28:04 +0000,2026-09-06 17:28:04 +0000,,Javascript,1 KB,1,/Users/pq/aikagan-web/.opencode/node_modules/yaml/dist/compose/util-contains-newline.js,compose,/Users/pq/aikagan-web/.opencode/node_modules/yaml/dist/compose
util-empty-scalar-position.d.ts,2026-09-06 17:28:04 +0000,2026-09-06 17:28:04 +0000,,Mpeg-2 Transport Stream,161 bytes,1,/Users/pq/aikagan-web/.opencode/node_modules/yaml/dist/compose/util-empty-scalar-position.d.ts,compose,/Users/pq/aikagan-web/.opencode/node_modules/yaml/dist/compose
util-empty-scalar-position.js,2026-09-06 17:28:04 +0000,2026-09-06 17:28:04 +0000,,Javascript,850 bytes,1,/Users/pq/aikagan-web/.opencode/node_modules/yaml/dist/compose/util-empty-scalar-position.js,compose,/Users/pq/aikagan-web/.opencode/node_modules/yaml/dist/compose
util-flow-indent-check.d.ts,2026-09-06 17:28:04 +0000,2026-09-06 17:28:04 +0000,,Mpeg-2 Transport Stream,221 bytes,1,/Users/pq/aikagan-web/.opencode/node_modules/yaml/dist/compose/util-flow-indent-check.d.ts,compose,/Users/pq/aikagan-web/.opencode/node_modules/yaml/dist/compose
util-flow-indent-check.js,2026-09-06 17:28:04 +0000,2026-09-06 17:28:04 +0000,,Javascript,547 bytes,1,/Users/pq/aikagan-web/.opencode/node_modules/yaml/dist/compose/util-flow-indent-check.js,compose,/Users/pq/aikagan-web/.opencode/node_modules/yaml/dist/compose
util-map-includes.d.ts,2026-09-06 17:28:04 +0000,2026-09-06 17:28:04 +0000,,Mpeg-2 Transport Stream,260 bytes,1,/Users/pq/aikagan-web/.opencode/node_modules/yaml/dist/compose/util-map-includes.d.ts,compose,/Users/pq/aikagan-web/.opencode/node_modules/yaml/dist/compose
util-map-includes.js,2026-09-06 17:28:04 +0000,2026-09-06 17:28:04 +0000,,Javascript,471 bytes,1,/Users/pq/aikagan-web/.opencode/node_modules/yaml/dist/compose/util-map-includes.js,compose,/Users/pq/aikagan-web/.opencode/node_modules/yaml/dist/compose
doc,2026-09-06 17:28:04 +0000,2026-09-06 17:28:04 +0000,,Folder,10 bytes,0,/Users/pq/aikagan-web/.opencode/node_modules/yaml/dist/doc,dist,/Users/pq/aikagan-web/.opencode/node_modules/yaml/dist/doc
Document.d.ts,2026-09-06 17:28:04 +0000,2026-09-06 17:28:04 +0000,,Mpeg-2 Transport Stream,7 KB,1,/Users/pq/aikagan-web/.opencode/node_modules/yaml/dist/doc/Document.d.ts,doc,/Users/pq/aikagan-web/.opencode/node_modules/yaml/dist/doc
Document.js,2026-09-06 17:28:04 +0000,2026-09-06 17:28:04 +0000,,Javascript,13 KB,1,/Users/pq/aikagan-web/.opencode/node_modules/yaml/dist/doc/Document.js,doc,/Users/pq/aikagan-web/.opencode/node_modules/yaml/dist/doc
anchors.d.ts,2026-09-06 17:28:04 +0000,2026-09-06 17:28:04 +0000,,Mpeg-2 Transport Stream,958 bytes,1,/Users/pq/aikagan-web/.opencode/node_modules/yaml/dist/doc/anchors.d.ts,doc,/Users/pq/aikagan-web/.opencode/node_modules/yaml/dist/doc
anchors.js,2026-09-06 17:28:04 +0000,2026-09-06 17:28:04 +0000,,Javascript,2 KB,1,/Users/pq/aikagan-web/.opencode/node_modules/yaml/dist/doc/anchors.js,doc,/Users/pq/aikagan-web/.opencode/node_modules/yaml/dist/doc
applyReviver.d.ts,2026-09-06 17:28:04 +0000,2026-09-06 17:28:04 +0000,,Mpeg-2 Transport Stream,445 bytes,1,/Users/pq/aikagan-web/.opencode/node_modules/yaml/dist/doc/applyReviver.d.ts,doc,/Users/pq/aikagan-web/.opencode/node_modules/yaml/dist/doc
applyReviver.js,2026-09-06 17:28:04 +0000,2026-09-06 17:28:04 +0000,,Javascript,2 KB,1,/Users/pq/aikagan-web/.opencode/node_modules/yaml/dist/doc/applyReviver.js,doc,/Users/pq/aikagan-web/.opencode/node_modules/yaml/dist/doc
createNode.d.ts,2026-09-06 17:28:04 +0000,2026-09-06 17:28:04 +0000,,Mpeg-2 Transport Stream,662 bytes,1,/Users/pq/aikagan-web/.opencode/node_modules/yaml/dist/doc/createNode.d.ts,doc,/Users/pq/aikagan-web/.opencode/node_modules/yaml/dist/doc
createNode.js,2026-09-06 17:28:04 +0000,2026-09-06 17:28:04 +0000,,Javascript,3 KB,1,/Users/pq/aikagan-web/.opencode/node_modules/yaml/dist/doc/createNode.js,doc,/Users/pq/aikagan-web/.opencode/node_modules/yaml/dist/doc
directives.d.ts,2026-09-06 17:28:04 +0000,2026-09-06 17:28:04 +0000,,Mpeg-2 Transport Stream,2 KB,1,/Users/pq/aikagan-web/.opencode/node_modules/yaml/dist/doc/directives.d.ts,doc,/Users/pq/aikagan-web/.opencode/node_modules/yaml/dist/doc
directives.js,2026-09-06 17:28:04 +0000,2026-09-06 17:28:04 +0000,,Javascript,6 KB,1,/Users/pq/aikagan-web/.opencode/node_modules/yaml/dist/doc/directives.js,doc,/Users/pq/aikagan-web/.opencode/node_modules/yaml/dist/doc
nodes,2026-09-06 17:28:04 +0000,2026-09-06 17:28:04 +0000,,Folder,20 bytes,0,/Users/pq/aikagan-web/.opencode/node_modules/yaml/dist/nodes,dist,/Users/pq/aikagan-web/.opencode/node_modules/yaml/dist/nodes
Alias.d.ts,2026-09-06 17:28:04 +0000,2026-09-06 17:28:04 +0000,,Mpeg-2 Transport Stream,1 KB,1,/Users/pq/aikagan-web/.opencode/node_modules/yaml/dist/nodes/Alias.d.ts,nodes,/Users/pq/aikagan-web/.opencode/node_modules/yaml/dist/nodes
Alias.js,2026-09-06 17:28:04 +0000,2026-09-06 17:28:04 +0000,,Javascript,4 KB,1,/Users/pq/aikagan-web/.opencode/node_modules/yaml/dist/nodes/Alias.js,nodes,/Users/pq/aikagan-web/.opencode/node_modules/yaml/dist/nodes
Collection.d.ts,2026-09-06 17:28:04 +0000,2026-09-06 17:28:04 +0000,,Mpeg-2 Transport Stream,3 KB,1,/Users/pq/aikagan-web/.opencode/node_modules/yaml/dist/nodes/Collection.d.ts,nodes,/Users/pq/aikagan-web/.opencode/node_modules/yaml/dist/nodes
Collection.js,2026-09-06 17:28:04 +0000,2026-09-06 17:28:04 +0000,,Javascript,5 KB,1,/Users/pq/aikagan-web/.opencode/node_modules/yaml/dist/nodes/Collection.js,nodes,/Users/pq/aikagan-web/.opencode/node_modules/yaml/dist/nodes
Node.d.ts,2026-09-06 17:28:04 +0000,2026-09-06 17:28:04 +0000,,Mpeg-2 Transport Stream,3 KB,1,/Users/pq/aikagan-web/.opencode/node_modules/yaml/dist/nodes/Node.d.ts,nodes,/Users/pq/aikagan-web/.opencode/node_modules/yaml/dist/nodes
Node.js,2026-09-06 17:28:04 +0000,2026-09-06 17:28:04 +0000,,Javascript,1 KB,1,/Users/pq/aikagan-web/.opencode/node_modules/yaml/dist/nodes/Node.js,nodes,/Users/pq/aikagan-web/.opencode/node_modules/yaml/dist/nodes
Pair.d.ts,2026-09-06 17:28:04 +0000,2026-09-06 17:28:04 +0000,,Mpeg-2 Transport Stream,1 KB,1,/Users/pq/aikagan-web/.opencode/node_modules/yaml/dist/nodes/Pair.d.ts,nodes,/Users/pq/aikagan-web/.opencode/node_modules/yaml/dist/nodes
Pair.js,2026-09-06 17:28:04 +0000,2026-09-06 17:28:04 +0000,,Javascript,1 KB,1,/Users/pq/aikagan-web/.opencode/node_modules/yaml/dist/nodes/Pair.js,nodes,/Users/pq/aikagan-web/.opencode/node_modules/yaml/dist/nodes
Scalar.d.ts,2026-09-06 17:28:04 +0000,2026-09-06 17:28:04 +0000,,Mpeg-2 Transport Stream,2 KB,1,/Users/pq/aikagan-web/.opencode/node_modules/yaml/dist/nodes/Scalar.d.ts,nodes,/Users/pq/aikagan-web/.opencode/node_modules/yaml/dist/nodes
Scalar.js,2026-09-06 17:28:04 +0000,2026-09-06 17:28:04 +0000,,Javascript,759 bytes,1,/Users/pq/aikagan-web/.opencode/node_modules/yaml/dist/nodes/Scalar.js,nodes,/Users/pq/aikagan-web/.opencode/node_modules/yaml/dist/nodes
YAMLMap.d.ts,2026-09-06 17:28:04 +0000,2026-09-06 17:28:04 +0000,,Mpeg-2 Transport Stream,2 KB,1,/Users/pq/aikagan-web/.opencode/node_modules/yaml/dist/nodes/YAMLMap.d.ts,nodes,/Users/pq/aikagan-web/.opencode/node_modules/yaml/dist/nodes
YAMLMap.js,2026-09-06 17:28:04 +0000,2026-09-06 17:28:04 +0000,,Javascript,5 KB,1,/Users/pq/aikagan-web/.opencode/node_modules/yaml/dist/nodes/YAMLMap.js,nodes,/Users/pq/aikagan-web/.opencode/node_modules/yaml/dist/nodes
YAMLSeq.d.ts,2026-09-06 17:28:04 +0000,2026-09-06 17:28:04 +0000,,Mpeg-2 Transport Stream,3 KB,1,/Users/pq/aikagan-web/.opencode/node_modules/yaml/dist/nodes/YAMLSeq.d.ts,nodes,/Users/pq/aikagan-web/.opencode/node_modules/yaml/dist/nodes
YAMLSeq.js,2026-09-06 17:28:04 +0000,2026-09-06 17:28:04 +0000,,Javascript,4 KB,1,/Users/pq/aikagan-web/.opencode/node_modules/yaml/dist/nodes/YAMLSeq.js,nodes,/Users/pq/aikagan-web/.opencode/node_modules/yaml/dist/nodes
addPairToJSMap.d.ts,2026-09-06 17:28:04 +0000,2026-09-06 17:28:04 +0000,,Mpeg-2 Transport Stream,236 bytes,1,/Users/pq/aikagan-web/.opencode/node_modules/yaml/dist/nodes/addPairToJSMap.d.ts,nodes,/Users/pq/aikagan-web/.opencode/node_modules/yaml/dist/nodes
addPairToJSMap.js,2026-09-06 17:28:04 +0000,2026-09-06 17:28:04 +0000,,Javascript,2 KB,1,/Users/pq/aikagan-web/.opencode/node_modules/yaml/dist/nodes/addPairToJSMap.js,nodes,/Users/pq/aikagan-web/.opencode/node_modules/yaml/dist/nodes
identity.d.ts,2026-09-06 17:28:04 +0000,2026-09-06 17:28:04 +0000,,Mpeg-2 Transport Stream,1 KB,1,/Users/pq/aikagan-web/.opencode/node_modules/yaml/dist/nodes/identity.d.ts,nodes,/Users/pq/aikagan-web/.opencode/node_modules/yaml/dist/nodes
identity.js,2026-09-06 17:28:04 +0000,2026-09-06 17:28:04 +0000,,Javascript,2 KB,1,/Users/pq/aikagan-web/.opencode/node_modules/yaml/dist/nodes/identity.js,nodes,/Users/pq/aikagan-web/.opencode/node_modules/yaml/dist/nodes
toJS.d.ts,2026-09-06 17:28:04 +0000,2026-09-06 17:28:04 +0000,,Mpeg-2 Transport Stream,986 bytes,1,/Users/pq/aikagan-web/.opencode/node_modules/yaml/dist/nodes/toJS.d.ts,nodes,/Users/pq/aikagan-web/.opencode/node_modules/yaml/dist/nodes
toJS.js,2026-09-06 17:28:04 +0000,2026-09-06 17:28:04 +0000,,Javascript,1 KB,1,/Users/pq/aikagan-web/.opencode/node_modules/yaml/dist/nodes/toJS.js,nodes,/Users/pq/aikagan-web/.opencode/node_modules/yaml/dist/nodes
parse,2026-09-06 17:28:04 +0000,2026-09-06 17:28:04 +0000,,Folder,14 bytes,0,/Users/pq/aikagan-web/.opencode/node_modules/yaml/dist/parse,dist,/Users/pq/aikagan-web/.opencode/node_modules/yaml/dist/parse
cst-scalar.d.ts,2026-09-06 17:28:04 +0000,2026-09-06 17:28:04 +0000,,Mpeg-2 Transport Stream,4 KB,1,/Users/pq/aikagan-web/.opencode/node_modules/yaml/dist/parse/cst-scalar.d.ts,parse,/Users/pq/aikagan-web/.opencode/node_modules/yaml/dist/parse
cst-scalar.js,2026-09-06 17:28:04 +0000,2026-09-06 17:28:04 +0000,,Javascript,9 KB,1,/Users/pq/aikagan-web/.opencode/node_modules/yaml/dist/parse/cst-scalar.js,parse,/Users/pq/aikagan-web/.opencode/node_modules/yaml/dist/parse
cst-stringify.d.ts,2026-09-06 17:28:04 +0000,2026-09-06 17:28:04 +0000,,Mpeg-2 Transport Stream,310 bytes,1,/Users/pq/aikagan-web/.opencode/node_modules/yaml/dist/parse/cst-stringify.d.ts,parse,/Users/pq/aikagan-web/.opencode/node_modules/yaml/dist/parse
cst-stringify.js,2026-09-06 17:28:04 +0000,2026-09-06 17:28:04 +0000,,Javascript,2 KB,1,/Users/pq/aikagan-web/.opencode/node_modules/yaml/dist/parse/cst-stringify.js,parse,/Users/pq/aikagan-web/.opencode/node_modules/yaml/dist/parse
cst-visit.d.ts,2026-09-06 17:28:04 +0000,2026-09-06 17:28:04 +0000,,Mpeg-2 Transport Stream,2 KB,1,/Users/pq/aikagan-web/.opencode/node_modules/yaml/dist/parse/cst-visit.d.ts,parse,/Users/pq/aikagan-web/.opencode/node_modules/yaml/dist/parse
cst-visit.js,2026-09-06 17:28:04 +0000,2026-09-06 17:28:04 +0000,,Javascript,4 KB,1,/Users/pq/aikagan-web/.opencode/node_modules/yaml/dist/parse/cst-visit.js,parse,/Users/pq/aikagan-web/.opencode/node_modules/yaml/dist/parse
cst.d.ts,2026-09-06 17:28:04 +0000,2026-09-06 17:28:04 +0000,,Mpeg-2 Transport Stream,4 KB,1,/Users/pq/aikagan-web/.opencode/node_modules/yaml/dist/parse/cst.d.ts,parse,/Users/pq/aikagan-web/.opencode/node_modules/yaml/dist/parse
cst.js,2026-09-06 17:28:04 +0000,2026-09-06 17:28:04 +0000,,Javascript,3 KB,1,/Users/pq/aikagan-web/.opencode/node_modules/yaml/dist/parse/cst.js,parse,/Users/pq/aikagan-web/.opencode/node_modules/yaml/dist/parse
lexer.d.ts,2026-09-06 17:28:04 +0000,2026-09-06 17:28:04 +0000,,Mpeg-2 Transport Stream,3 KB,1,/Users/pq/aikagan-web/.opencode/node_modules/yaml/dist/parse/lexer.d.ts,parse,/Users/pq/aikagan-web/.opencode/node_modules/yaml/dist/parse
lexer.js,2026-09-06 17:28:04 +0000,2026-09-06 17:28:04 +0000,,Javascript,24 KB,1,/Users/pq/aikagan-web/.opencode/node_modules/yaml/dist/parse/lexer.js,parse,/Users/pq/aikagan-web/.opencode/node_modules/yaml/dist/parse
line-counter.d.ts,2026-09-06 17:28:04 +0000,2026-09-06 17:28:04 +0000,,Mpeg-2 Transport Stream,733 bytes,1,/Users/pq/aikagan-web/.opencode/node_modules/yaml/dist/parse/line-counter.d.ts,parse,/Users/pq/aikagan-web/.opencode/node_modules/yaml/dist/parse
line-counter.js,2026-09-06 17:28:04 +0000,2026-09-06 17:28:04 +0000,,Javascript,1 KB,1,/Users/pq/aikagan-web/.opencode/node_modules/yaml/dist/parse/line-counter.js,parse,/Users/pq/aikagan-web/.opencode/node_modules/yaml/dist/parse
parser.d.ts,2026-09-06 17:28:04 +0000,2026-09-06 17:28:04 +0000,,Mpeg-2 Transport Stream,3 KB,1,/Users/pq/aikagan-web/.opencode/node_modules/yaml/dist/parse/parser.d.ts,parse,/Users/pq/aikagan-web/.opencode/node_modules/yaml/dist/parse
parser.js,2026-09-06 17:28:04 +0000,2026-09-06 17:28:04 +0000,,Javascript,36 KB,1,/Users/pq/aikagan-web/.opencode/node_modules/yaml/dist/parse/parser.js,parse,/Users/pq/aikagan-web/.opencode/node_modules/yaml/dist/parse
schema,2026-09-06 17:28:04 +0000,2026-09-06 17:28:04 +0000,,Folder,10 bytes,0,/Users/pq/aikagan-web/.opencode/node_modules/yaml/dist/schema,dist,/Users/pq/aikagan-web/.opencode/node_modules/yaml/dist/schema
Schema.d.ts,2026-09-06 17:28:04 +0000,2026-09-06 17:28:04 +0000,,Mpeg-2 Transport Stream,787 bytes,1,/Users/pq/aikagan-web/.opencode/node_modules/yaml/dist/schema/Schema.d.ts,schema,/Users/pq/aikagan-web/.opencode/node_modules/yaml/dist/schema
Schema.js,2026-09-06 17:28:04 +0000,2026-09-06 17:28:04 +0000,,Javascript,2 KB,1,/Users/pq/aikagan-web/.opencode/node_modules/yaml/dist/schema/Schema.js,schema,/Users/pq/aikagan-web/.opencode/node_modules/yaml/dist/schema
json-schema.d.ts,2026-09-06 17:28:04 +0000,2026-09-06 17:28:04 +0000,,Mpeg-2 Transport Stream,2 KB,1,/Users/pq/aikagan-web/.opencode/node_modules/yaml/dist/schema/json-schema.d.ts,schema,/Users/pq/aikagan-web/.opencode/node_modules/yaml/dist/schema
tags.d.ts,2026-09-06 17:28:04 +0000,2026-09-06 17:28:04 +0000,,Mpeg-2 Transport Stream,1 KB,1,/Users/pq/aikagan-web/.opencode/node_modules/yaml/dist/schema/tags.d.ts,schema,/Users/pq/aikagan-web/.opencode/node_modules/yaml/dist/schema
tags.js,2026-09-06 17:28:04 +0000,2026-09-06 17:28:04 +0000,,Javascript,3 KB,1,/Users/pq/aikagan-web/.opencode/node_modules/yaml/dist/schema/tags.js,schema,/Users/pq/aikagan-web/.opencode/node_modules/yaml/dist/schema
types.d.ts,2026-09-06 17:28:04 +0000,2026-09-06 17:28:04 +0000,,Mpeg-2 Transport Stream,4 KB,1,/Users/pq/aikagan-web/.opencode/node_modules/yaml/dist/schema/types.d.ts,schema,/Users/pq/aikagan-web/.opencode/node_modules/yaml/dist/schema
common,2026-09-06 17:28:04 +0000,2026-09-06 17:28:04 +0000,,Folder,8 bytes,0,/Users/pq/aikagan-web/.opencode/node_modules/yaml/dist/schema/common,schema,/Users/pq/aikagan-web/.opencode/node_modules/yaml/dist/schema/common
map.d.ts,2026-09-06 17:28:04 +0000,2026-09-06 17:28:04 +0000,,Mpeg-2 Transport Stream,88 bytes,1,/Users/pq/aikagan-web/.opencode/node_modules/yaml/dist/schema/common/map.d.ts,common,/Users/pq/aikagan-web/.opencode/node_modules/yaml/dist/schema/common
map.js,2026-09-06 17:28:04 +0000,2026-09-06 17:28:04 +0000,,Javascript,483 bytes,1,/Users/pq/aikagan-web/.opencode/node_modules/yaml/dist/schema/common/map.js,common,/Users/pq/aikagan-web/.opencode/node_modules/yaml/dist/schema/common
null.d.ts,2026-09-06 17:28:04 +0000,2026-09-06 17:28:04 +0000,,Mpeg-2 Transport Stream,108 bytes,1,/Users/pq/aikagan-web/.opencode/node_modules/yaml/dist/schema/common/null.d.ts,common,/Users/pq/aikagan-web/.opencode/node_modules/yaml/dist/schema/common
null.js,2026-09-06 17:28:04 +0000,2026-09-06 17:28:04 +0000,,Javascript,469 bytes,1,/Users/pq/aikagan-web/.opencode/node_modules/yaml/dist/schema/common/null.js,common,/Users/pq/aikagan-web/.opencode/node_modules/yaml/dist/schema/common
seq.d.ts,2026-09-06 17:28:04 +0000,2026-09-06 17:28:04 +0000,,Mpeg-2 Transport Stream,88 bytes,1,/Users/pq/aikagan-web/.opencode/node_modules/yaml/dist/schema/common/seq.d.ts,common,/Users/pq/aikagan-web/.opencode/node_modules/yaml/dist/schema/common
seq.js,2026-09-06 17:28:04 +0000,2026-09-06 17:28:04 +0000,,Javascript,484 bytes,1,/Users/pq/aikagan-web/.opencode/node_modules/yaml/dist/schema/common/seq.js,common,/Users/pq/aikagan-web/.opencode/node_modules/yaml/dist/schema/common
string.d.ts,2026-09-06 17:28:04 +0000,2026-09-06 17:28:04 +0000,,Mpeg-2 Transport Stream,83 bytes,1,/Users/pq/aikagan-web/.opencode/node_modules/yaml/dist/schema/common/string.d.ts,common,/Users/pq/aikagan-web/.opencode/node_modules/yaml/dist/schema/common
string.js,2026-09-06 17:28:04 +0000,2026-09-06 17:28:04 +0000,,Javascript,457 bytes,1,/Users/pq/aikagan-web/.opencode/node_modules/yaml/dist/schema/common/string.js,common,/Users/pq/aikagan-web/.opencode/node_modules/yaml/dist/schema/common
core,2026-09-06 17:28:04 +0000,2026-09-06 17:28:04 +0000,,Folder,8 bytes,0,/Users/pq/aikagan-web/.opencode/node_modules/yaml/dist/schema/core,schema,/Users/pq/aikagan-web/.opencode/node_modules/yaml/dist/schema/core
bool.d.ts,2026-09-06 17:28:04 +0000,2026-09-06 17:28:04 +0000,,Mpeg-2 Transport Stream,108 bytes,1,/Users/pq/aikagan-web/.opencode/node_modules/yaml/dist/schema/core/bool.d.ts,core,/Users/pq/aikagan-web/.opencode/node_modules/yaml/dist/schema/core
bool.js,2026-09-06 17:28:04 +0000,2026-09-06 17:28:04 +0000,,Javascript,635 bytes,1,/Users/pq/aikagan-web/.opencode/node_modules/yaml/dist/schema/core/bool.js,core,/Users/pq/aikagan-web/.opencode/node_modules/yaml/dist/schema/core
float.d.ts,2026-09-06 17:28:04 +0000,2026-09-06 17:28:04 +0000,,Mpeg-2 Transport Stream,166 bytes,1,/Users/pq/aikagan-web/.opencode/node_modules/yaml/dist/schema/core/float.d.ts,core,/Users/pq/aikagan-web/.opencode/node_modules/yaml/dist/schema/core
float.js,2026-09-06 17:28:04 +0000,2026-09-06 17:28:04 +0000,,Javascript,2 KB,1,/Users/pq/aikagan-web/.opencode/node_modules/yaml/dist/schema/core/float.js,core,/Users/pq/aikagan-web/.opencode/node_modules/yaml/dist/schema/core
int.d.ts,2026-09-06 17:28:04 +0000,2026-09-06 17:28:04 +0000,,Mpeg-2 Transport Stream,160 bytes,1,/Users/pq/aikagan-web/.opencode/node_modules/yaml/dist/schema/core/int.d.ts,core,/Users/pq/aikagan-web/.opencode/node_modules/yaml/dist/schema/core
int.js,2026-09-06 17:28:04 +0000,2026-09-06 17:28:04 +0000,,Javascript,1 KB,1,/Users/pq/aikagan-web/.opencode/node_modules/yaml/dist/schema/core/int.js,core,/Users/pq/aikagan-web/.opencode/node_modules/yaml/dist/schema/core
schema.d.ts,2026-09-06 17:28:04 +0000,2026-09-06 17:28:04 +0000,,Mpeg-2 Transport Stream,98 bytes,1,/Users/pq/aikagan-web/.opencode/node_modules/yaml/dist/schema/core/schema.d.ts,core,/Users/pq/aikagan-web/.opencode/node_modules/yaml/dist/schema/core
schema.js,2026-09-06 17:28:04 +0000,2026-09-06 17:28:04 +0000,,Javascript,509 bytes,1,/Users/pq/aikagan-web/.opencode/node_modules/yaml/dist/schema/core/schema.js,core,/Users/pq/aikagan-web/.opencode/node_modules/yaml/dist/schema/core
json,2026-09-06 17:28:04 +0000,2026-09-06 17:28:04 +0000,,Folder,2 bytes,0,/Users/pq/aikagan-web/.opencode/node_modules/yaml/dist/schema/json,schema,/Users/pq/aikagan-web/.opencode/node_modules/yaml/dist/schema/json
schema.d.ts,2026-09-06 17:28:04 +0000,2026-09-06 17:28:04 +0000,,Mpeg-2 Transport Stream,118 bytes,1,/Users/pq/aikagan-web/.opencode/node_modules/yaml/dist/schema/json/schema.d.ts,json,/Users/pq/aikagan-web/.opencode/node_modules/yaml/dist/schema/json
schema.js,2026-09-06 17:28:04 +0000,2026-09-06 17:28:04 +0000,,Javascript,2 KB,1,/Users/pq/aikagan-web/.opencode/node_modules/yaml/dist/schema/json/schema.js,json,/Users/pq/aikagan-web/.opencode/node_modules/yaml/dist/schema/json
yaml-1.1,2026-09-06 17:28:04 +0000,2026-09-06 17:28:04 +0000,,Folder,20 bytes,0,/Users/pq/aikagan-web/.opencode/node_modules/yaml/dist/schema/yaml-1.1,schema,/Users/pq/aikagan-web/.opencode/node_modules/yaml/dist/schema/yaml-1.1
binary.d.ts,2026-09-06 17:28:04 +0000,2026-09-06 17:28:04 +0000,,Mpeg-2 Transport Stream,83 bytes,1,/Users/pq/aikagan-web/.opencode/node_modules/yaml/dist/schema/yaml-1.1/binary.d.ts,yaml-1.1,/Users/pq/aikagan-web/.opencode/node_modules/yaml/dist/schema/yaml-1.1
binary.js,2026-09-06 17:28:04 +0000,2026-09-06 17:28:04 +0000,,Javascript,3 KB,1,/Users/pq/aikagan-web/.opencode/node_modules/yaml/dist/schema/yaml-1.1/binary.js,yaml-1.1,/Users/pq/aikagan-web/.opencode/node_modules/yaml/dist/schema/yaml-1.1
bool.d.ts,2026-09-06 17:28:04 +0000,2026-09-06 17:28:04 +0000,,Mpeg-2 Transport Stream,174 bytes,1,/Users/pq/aikagan-web/.opencode/node_modules/yaml/dist/schema/yaml-1.1/bool.d.ts,yaml-1.1,/Users/pq/aikagan-web/.opencode/node_modules/yaml/dist/schema/yaml-1.1
bool.js,2026-09-06 17:28:04 +0000,2026-09-06 17:28:04 +0000,,Javascript,841 bytes,1,/Users/pq/aikagan-web/.opencode/node_modules/yaml/dist/schema/yaml-1.1/bool.js,yaml-1.1,/Users/pq/aikagan-web/.opencode/node_modules/yaml/dist/schema/yaml-1.1
float.d.ts,2026-09-06 17:28:04 +0000,2026-09-06 17:28:04 +0000,,Mpeg-2 Transport Stream,166 bytes,1,/Users/pq/aikagan-web/.opencode/node_modules/yaml/dist/schema/yaml-1.1/float.d.ts,yaml-1.1,/Users/pq/aikagan-web/.opencode/node_modules/yaml/dist/schema/yaml-1.1
float.js,2026-09-06 17:28:04 +0000,2026-09-06 17:28:04 +0000,,Javascript,2 KB,1,/Users/pq/aikagan-web/.opencode/node_modules/yaml/dist/schema/yaml-1.1/float.js,yaml-1.1,/Users/pq/aikagan-web/.opencode/node_modules/yaml/dist/schema/yaml-1.1
int.d.ts,2026-09-06 17:28:04 +0000,2026-09-06 17:28:04 +0000,,Mpeg-2 Transport Stream,200 bytes,1,/Users/pq/aikagan-web/.opencode/node_modules/yaml/dist/schema/yaml-1.1/int.d.ts,yaml-1.1,/Users/pq/aikagan-web/.opencode/node_modules/yaml/dist/schema/yaml-1.1
int.js,2026-09-06 17:28:04 +0000,2026-09-06 17:28:04 +0000,,Javascript,2 KB,1,/Users/pq/aikagan-web/.opencode/node_modules/yaml/dist/schema/yaml-1.1/int.js,yaml-1.1,/Users/pq/aikagan-web/.opencode/node_modules/yaml/dist/schema/yaml-1.1
merge.d.ts,2026-09-06 17:28:04 +0000,2026-09-06 17:28:04 +0000,,Mpeg-2 Transport Stream,459 bytes,1,/Users/pq/aikagan-web/.opencode/node_modules/yaml/dist/schema/yaml-1.1/merge.d.ts,yaml-1.1,/Users/pq/aikagan-web/.opencode/node_modules/yaml/dist/schema/yaml-1.1
merge.js,2026-09-06 17:28:04 +0000,2026-09-06 17:28:04 +0000,,Javascript,3 KB,1,/Users/pq/aikagan-web/.opencode/node_modules/yaml/dist/schema/yaml-1.1/merge.js,yaml-1.1,/Users/pq/aikagan-web/.opencode/node_modules/yaml/dist/schema/yaml-1.1
omap.d.ts,2026-09-06 17:28:04 +0000,2026-09-06 17:28:04 +0000,,Mpeg-2 Transport Stream,936 bytes,1,/Users/pq/aikagan-web/.opencode/node_modules/yaml/dist/schema/yaml-1.1/omap.d.ts,yaml-1.1,/Users/pq/aikagan-web/.opencode/node_modules/yaml/dist/schema/yaml-1.1
omap.js,2026-09-06 17:28:04 +0000,2026-09-06 17:28:04 +0000,,Javascript,3 KB,1,/Users/pq/aikagan-web/.opencode/node_modules/yaml/dist/schema/yaml-1.1/omap.js,yaml-1.1,/Users/pq/aikagan-web/.opencode/node_modules/yaml/dist/schema/yaml-1.1
pairs.d.ts,2026-09-06 17:28:04 +0000,2026-09-06 17:28:04 +0000,,Mpeg-2 Transport Stream,725 bytes,1,/Users/pq/aikagan-web/.opencode/node_modules/yaml/dist/schema/yaml-1.1/pairs.d.ts,yaml-1.1,/Users/pq/aikagan-web/.opencode/node_modules/yaml/dist/schema/yaml-1.1
pairs.js,2026-09-06 17:28:04 +0000,2026-09-06 17:28:04 +0000,,Javascript,3 KB,1,/Users/pq/aikagan-web/.opencode/node_modules/yaml/dist/schema/yaml-1.1/pairs.js,yaml-1.1,/Users/pq/aikagan-web/.opencode/node_modules/yaml/dist/schema/yaml-1.1
schema.d.ts,2026-09-06 17:28:04 +0000,2026-09-06 17:28:04 +0000,,Mpeg-2 Transport Stream,98 bytes,1,/Users/pq/aikagan-web/.opencode/node_modules/yaml/dist/schema/yaml-1.1/schema.d.ts,yaml-1.1,/Users/pq/aikagan-web/.opencode/node_modules/yaml/dist/schema/yaml-1.1
schema.js,2026-09-06 17:28:04 +0000,2026-09-06 17:28:04 +0000,,Javascript,912 bytes,1,/Users/pq/aikagan-web/.opencode/node_modules/yaml/dist/schema/yaml-1.1/schema.js,yaml-1.1,/Users/pq/aikagan-web/.opencode/node_modules/yaml/dist/schema/yaml-1.1
set.d.ts,2026-09-06 17:28:04 +0000,2026-09-06 17:28:04 +0000,,Mpeg-2 Transport Stream,1 KB,1,/Users/pq/aikagan-web/.opencode/node_modules/yaml/dist/schema/yaml-1.1/set.d.ts,yaml-1.1,/Users/pq/aikagan-web/.opencode/node_modules/yaml/dist/schema/yaml-1.1
set.js,2026-09-06 17:28:04 +0000,2026-09-06 17:28:04 +0000,,Javascript,3 KB,1,/Users/pq/aikagan-web/.opencode/node_modules/yaml/dist/schema/yaml-1.1/set.js,yaml-1.1,/Users/pq/aikagan-web/.opencode/node_modules/yaml/dist/schema/yaml-1.1
timestamp.d.ts,2026-09-06 17:28:04 +0000,2026-09-06 17:28:04 +0000,,Mpeg-2 Transport Stream,194 bytes,1,/Users/pq/aikagan-web/.opencode/node_modules/yaml/dist/schema/yaml-1.1/timestamp.d.ts,yaml-1.1,/Users/pq/aikagan-web/.opencode/node_modules/yaml/dist/schema/yaml-1.1
timestamp.js,2026-09-06 17:28:04 +0000,2026-09-06 17:28:04 +0000,,Javascript,4 KB,1,/Users/pq/aikagan-web/.opencode/node_modules/yaml/dist/schema/yaml-1.1/timestamp.js,yaml-1.1,/Users/pq/aikagan-web/.opencode/node_modules/yaml/dist/schema/yaml-1.1
stringify,2026-09-06 17:28:04 +0000,2026-09-06 17:28:04 +0000,,Folder,16 bytes,0,/Users/pq/aikagan-web/.opencode/node_modules/yaml/dist/stringify,dist,/Users/pq/aikagan-web/.opencode/node_modules/yaml/dist/stringify
foldFlowLines.d.ts,2026-09-06 17:28:04 +0000,2026-09-06 17:28:04 +0000,,Mpeg-2 Transport Stream,1 KB,1,/Users/pq/aikagan-web/.opencode/node_modules/yaml/dist/stringify/foldFlowLines.d.ts,stringify,/Users/pq/aikagan-web/.opencode/node_modules/yaml/dist/stringify
foldFlowLines.js,2026-09-06 17:28:04 +0000,2026-09-06 17:28:04 +0000,,Javascript,5 KB,1,/Users/pq/aikagan-web/.opencode/node_modules/yaml/dist/stringify/foldFlowLines.js,stringify,/Users/pq/aikagan-web/.opencode/node_modules/yaml/dist/stringify
stringify.d.ts,2026-09-06 17:28:04 +0000,2026-09-06 17:28:04 +0000,,Mpeg-2 Transport Stream,865 bytes,1,/Users/pq/aikagan-web/.opencode/node_modules/yaml/dist/stringify/stringify.d.ts,stringify,/Users/pq/aikagan-web/.opencode/node_modules/yaml/dist/stringify
stringify.js,2026-09-06 17:28:04 +0000,2026-09-06 17:28:04 +0000,,Javascript,5 KB,1,/Users/pq/aikagan-web/.opencode/node_modules/yaml/dist/stringify/stringify.js,stringify,/Users/pq/aikagan-web/.opencode/node_modules/yaml/dist/stringify
stringifyCollection.d.ts,2026-09-06 17:28:04 +0000,2026-09-06 17:28:04 +0000,,Mpeg-2 Transport Stream,528 bytes,1,/Users/pq/aikagan-web/.opencode/node_modules/yaml/dist/stringify/stringifyCollection.d.ts,stringify,/Users/pq/aikagan-web/.opencode/node_modules/yaml/dist/stringify
stringifyCollection.js,2026-09-06 17:28:04 +0000,2026-09-06 17:28:04 +0000,,Javascript,6 KB,1,/Users/pq/aikagan-web/.opencode/node_modules/yaml/dist/stringify/stringifyCollection.js,stringify,/Users/pq/aikagan-web/.opencode/node_modules/yaml/dist/stringify
stringifyComment.d.ts,2026-09-06 17:28:04 +0000,2026-09-06 17:28:04 +0000,,Mpeg-2 Transport Stream,419 bytes,1,/Users/pq/aikagan-web/.opencode/node_modules/yaml/dist/stringify/stringifyComment.d.ts,stringify,/Users/pq/aikagan-web/.opencode/node_modules/yaml/dist/stringify
stringifyComment.js,2026-09-06 17:28:04 +0000,2026-09-06 17:28:04 +0000,,Javascript,801 bytes,1,/Users/pq/aikagan-web/.opencode/node_modules/yaml/dist/stringify/stringifyComment.js,stringify,/Users/pq/aikagan-web/.opencode/node_modules/yaml/dist/stringify
stringifyDocument.d.ts,2026-09-06 17:28:04 +0000,2026-09-06 17:28:04 +0000,,Mpeg-2 Transport Stream,260 bytes,1,/Users/pq/aikagan-web/.opencode/node_modules/yaml/dist/stringify/stringifyDocument.d.ts,stringify,/Users/pq/aikagan-web/.opencode/node_modules/yaml/dist/stringify
stringifyDocument.js,2026-09-06 17:28:04 +0000,2026-09-06 17:28:04 +0000,,Javascript,3 KB,1,/Users/pq/aikagan-web/.opencode/node_modules/yaml/dist/stringify/stringifyDocument.js,stringify,/Users/pq/aikagan-web/.opencode/node_modules/yaml/dist/stringify
stringifyNumber.d.ts,2026-09-06 17:28:04 +0000,2026-09-06 17:28:04 +0000,,Mpeg-2 Transport Stream,147 bytes,1,/Users/pq/aikagan-web/.opencode/node_modules/yaml/dist/stringify/stringifyNumber.d.ts,stringify,/Users/pq/aikagan-web/.opencode/node_modules/yaml/dist/stringify
stringifyNumber.js,2026-09-06 17:28:04 +0000,2026-09-06 17:28:04 +0000,,Javascript,808 bytes,1,/Users/pq/aikagan-web/.opencode/node_modules/yaml/dist/stringify/stringifyNumber.js,stringify,/Users/pq/aikagan-web/.opencode/node_modules/yaml/dist/stringify
stringifyPair.d.ts,2026-09-06 17:28:04 +0000,2026-09-06 17:28:04 +0000,,Mpeg-2 Transport Stream,248 bytes,1,/Users/pq/aikagan-web/.opencode/node_modules/yaml/dist/stringify/stringifyPair.d.ts,stringify,/Users/pq/aikagan-web/.opencode/node_modules/yaml/dist/stringify
stringifyPair.js,2026-09-06 17:28:04 +0000,2026-09-06 17:28:04 +0000,,Javascript,5 KB,1,/Users/pq/aikagan-web/.opencode/node_modules/yaml/dist/stringify/stringifyPair.js,stringify,/Users/pq/aikagan-web/.opencode/node_modules/yaml/dist/stringify
stringifyString.d.ts,2026-09-06 17:28:04 +0000,2026-09-06 17:28:04 +0000,,Mpeg-2 Transport Stream,357 bytes,1,/Users/pq/aikagan-web/.opencode/node_modules/yaml/dist/stringify/stringifyString.d.ts,stringify,/Users/pq/aikagan-web/.opencode/node_modules/yaml/dist/stringify
stringifyString.js,2026-09-06 17:28:04 +0000,2026-09-06 17:28:04 +0000,,Javascript,13 KB,1,/Users/pq/aikagan-web/.opencode/node_modules/yaml/dist/stringify/stringifyString.js,stringify,/Users/pq/aikagan-web/.opencode/node_modules/yaml/dist/stringify
zod,2026-09-06 17:28:05 +0000,2026-09-06 17:28:03 +0000,,Folder,13 bytes,0,/Users/pq/aikagan-web/.opencode/node_modules/zod,node_modules,/Users/pq/aikagan-web/.opencode/node_modules/zod
LICENSE,2026-09-06 17:28:04 +0000,2026-09-06 17:28:04 +0000,,Text,1 KB,1,/Users/pq/aikagan-web/.opencode/node_modules/zod/LICENSE,zod,/Users/pq/aikagan-web/.opencode/node_modules/zod
README.md,2026-09-06 17:28:04 +0000,2026-09-06 17:28:04 +0000,,Markdown Text,6 KB,1,/Users/pq/aikagan-web/.opencode/node_modules/zod/README.md,zod,/Users/pq/aikagan-web/.opencode/node_modules/zod
index.cjs,2026-09-06 17:28:04 +0000,2026-09-06 17:28:04 +0000,,Source Code Document,1 KB,1,/Users/pq/aikagan-web/.opencode/node_modules/zod/index.cjs,zod,/Users/pq/aikagan-web/.opencode/node_modules/zod
index.d.cts,2026-09-06 17:28:04 +0000,2026-09-06 17:28:04 +0000,,,123 bytes,1,/Users/pq/aikagan-web/.opencode/node_modules/zod/index.d.cts,zod,/Users/pq/aikagan-web/.opencode/node_modules/zod
index.d.ts,2026-09-06 17:28:05 +0000,2026-09-06 17:28:05 +0000,,Mpeg-2 Transport Stream,121 bytes,1,/Users/pq/aikagan-web/.opencode/node_modules/zod/index.d.ts,zod,/Users/pq/aikagan-web/.opencode/node_modules/zod
index.js,2026-09-06 17:28:04 +0000,2026-09-06 17:28:04 +0000,,Javascript,121 bytes,1,/Users/pq/aikagan-web/.opencode/node_modules/zod/index.js,zod,/Users/pq/aikagan-web/.opencode/node_modules/zod
package.json,2026-09-06 17:28:04 +0000,2026-09-06 17:28:04 +0000,,Json,4 KB,1,/Users/pq/aikagan-web/.opencode/node_modules/zod/package.json,zod,/Users/pq/aikagan-web/.opencode/node_modules/zod
locales,2026-09-06 17:28:05 +0000,2026-09-06 17:28:04 +0000,,Folder,5 bytes,0,/Users/pq/aikagan-web/.opencode/node_modules/zod/locales,zod,/Users/pq/aikagan-web/.opencode/node_modules/zod/locales
index.cjs,2026-09-06 17:28:04 +0000,2026-09-06 17:28:04 +0000,,Source Code Document,816 bytes,1,/Users/pq/aikagan-web/.opencode/node_modules/zod/locales/index.cjs,locales,/Users/pq/aikagan-web/.opencode/node_modules/zod/locales
index.d.cts,2026-09-06 17:28:04 +0000,2026-09-06 17:28:04 +0000,,,41 bytes,1,/Users/pq/aikagan-web/.opencode/node_modules/zod/locales/index.d.cts,locales,/Users/pq/aikagan-web/.opencode/node_modules/zod/locales
index.d.ts,2026-09-06 17:28:05 +0000,2026-09-06 17:28:05 +0000,,Mpeg-2 Transport Stream,40 bytes,1,/Users/pq/aikagan-web/.opencode/node_modules/zod/locales/index.d.ts,locales,/Users/pq/aikagan-web/.opencode/node_modules/zod/locales
index.js,2026-09-06 17:28:04 +0000,2026-09-06 17:28:04 +0000,,Javascript,40 bytes,1,/Users/pq/aikagan-web/.opencode/node_modules/zod/locales/index.js,locales,/Users/pq/aikagan-web/.opencode/node_modules/zod/locales
package.json,2026-09-06 17:28:04 +0000,2026-09-06 17:28:04 +0000,,Json,104 bytes,1,/Users/pq/aikagan-web/.opencode/node_modules/zod/locales/package.json,locales,/Users/pq/aikagan-web/.opencode/node_modules/zod/locales
mini,2026-09-06 17:28:05 +0000,2026-09-06 17:28:04 +0000,,Folder,5 bytes,0,/Users/pq/aikagan-web/.opencode/node_modules/zod/mini,zod,/Users/pq/aikagan-web/.opencode/node_modules/zod/mini
index.cjs,2026-09-06 17:28:04 +0000,2026-09-06 17:28:04 +0000,,Source Code Document,813 bytes,1,/Users/pq/aikagan-web/.opencode/node_modules/zod/mini/index.cjs,mini,/Users/pq/aikagan-web/.opencode/node_modules/zod/mini
index.d.cts,2026-09-06 17:28:04 +0000,2026-09-06 17:28:04 +0000,,,38 bytes,1,/Users/pq/aikagan-web/.opencode/node_modules/zod/mini/index.d.cts,mini,/Users/pq/aikagan-web/.opencode/node_modules/zod/mini
index.d.ts,2026-09-06 17:28:05 +0000,2026-09-06 17:28:05 +0000,,Mpeg-2 Transport Stream,37 bytes,1,/Users/pq/aikagan-web/.opencode/node_modules/zod/mini/index.d.ts,mini,/Users/pq/aikagan-web/.opencode/node_modules/zod/mini
index.js,2026-09-06 17:28:04 +0000,2026-09-06 17:28:04 +0000,,Javascript,37 bytes,1,/Users/pq/aikagan-web/.opencode/node_modules/zod/mini/index.js,mini,/Users/pq/aikagan-web/.opencode/node_modules/zod/mini
package.json,2026-09-06 17:28:04 +0000,2026-09-06 17:28:04 +0000,,Json,104 bytes,1,/Users/pq/aikagan-web/.opencode/node_modules/zod/mini/package.json,mini,/Users/pq/aikagan-web/.opencode/node_modules/zod/mini
src,2026-09-06 17:28:05 +0000,2026-09-06 17:28:04 +0000,,Folder,6 bytes,0,/Users/pq/aikagan-web/.opencode/node_modules/zod/src,zod,/Users/pq/aikagan-web/.opencode/node_modules/zod/src
index.ts,2026-09-06 17:28:05 +0000,2026-09-06 17:28:05 +0000,,Mpeg-2 Transport Stream,121 bytes,1,/Users/pq/aikagan-web/.opencode/node_modules/zod/src/index.ts,src,/Users/pq/aikagan-web/.opencode/node_modules/zod/src
locales,2026-09-06 17:28:05 +0000,2026-09-06 17:28:05 +0000,,Folder,1 byte,0,/Users/pq/aikagan-web/.opencode/node_modules/zod/src/locales,src,/Users/pq/aikagan-web/.opencode/node_modules/zod/src/locales
index.ts,2026-09-06 17:28:05 +0000,2026-09-06 17:28:05 +0000,,Mpeg-2 Transport Stream,40 bytes,1,/Users/pq/aikagan-web/.opencode/node_modules/zod/src/locales/index.ts,locales,/Users/pq/aikagan-web/.opencode/node_modules/zod/src/locales
mini,2026-09-06 17:28:05 +0000,2026-09-06 17:28:05 +0000,,Folder,1 byte,0,/Users/pq/aikagan-web/.opencode/node_modules/zod/src/mini,src,/Users/pq/aikagan-web/.opencode/node_modules/zod/src/mini
index.ts,2026-09-06 17:28:05 +0000,2026-09-06 17:28:05 +0000,,Mpeg-2 Transport Stream,37 bytes,1,/Users/pq/aikagan-web/.opencode/node_modules/zod/src/mini/index.ts,mini,/Users/pq/aikagan-web/.opencode/node_modules/zod/src/mini
v3,2026-09-06 17:28:05 +0000,2026-09-06 17:28:04 +0000,,Folder,10 bytes,0,/Users/pq/aikagan-web/.opencode/node_modules/zod/src/v3,src,/Users/pq/aikagan-web/.opencode/node_modules/zod/src/v3
ZodError.ts,2026-09-06 17:28:05 +0000,2026-09-06 17:28:05 +0000,,Mpeg-2 Transport Stream,9 KB,1,/Users/pq/aikagan-web/.opencode/node_modules/zod/src/v3/ZodError.ts,v3,/Users/pq/aikagan-web/.opencode/node_modules/zod/src/v3
errors.ts,2026-09-06 17:28:04 +0000,2026-09-06 17:28:04 +0000,,Mpeg-2 Transport Stream,305 bytes,1,/Users/pq/aikagan-web/.opencode/node_modules/zod/src/v3/errors.ts,v3,/Users/pq/aikagan-web/.opencode/node_modules/zod/src/v3
external.ts,2026-09-06 17:28:04 +0000,2026-09-06 17:28:04 +0000,,Mpeg-2 Transport Stream,205 bytes,1,/Users/pq/aikagan-web/.opencode/node_modules/zod/src/v3/external.ts,v3,/Users/pq/aikagan-web/.opencode/node_modules/zod/src/v3
index.ts,2026-09-06 17:28:05 +0000,2026-09-06 17:28:05 +0000,,Mpeg-2 Transport Stream,99 bytes,1,/Users/pq/aikagan-web/.opencode/node_modules/zod/src/v3/index.ts,v3,/Users/pq/aikagan-web/.opencode/node_modules/zod/src/v3
standard-schema.ts,2026-09-06 17:28:05 +0000,2026-09-06 17:28:05 +0000,,Mpeg-2 Transport Stream,3 KB,1,/Users/pq/aikagan-web/.opencode/node_modules/zod/src/v3/standard-schema.ts,v3,/Users/pq/aikagan-web/.opencode/node_modules/zod/src/v3
types.ts,2026-09-06 17:28:05 +0000,2026-09-06 17:28:05 +0000,,Mpeg-2 Transport Stream,160 KB,1,/Users/pq/aikagan-web/.opencode/node_modules/zod/src/v3/types.ts,v3,/Users/pq/aikagan-web/.opencode/node_modules/zod/src/v3
benchmarks,2026-09-06 17:28:05 +0000,2026-09-06 17:28:04 +0000,,Folder,9 bytes,0,/Users/pq/aikagan-web/.opencode/node_modules/zod/src/v3/benchmarks,v3,/Users/pq/aikagan-web/.opencode/node_modules/zod/src/v3/benchmarks
datetime.ts,2026-09-06 17:28:04 +0000,2026-09-06 17:28:04 +0000,,Mpeg-2 Transport Stream,2 KB,1,/Users/pq/aikagan-web/.opencode/node_modules/zod/src/v3/benchmarks/datetime.ts,benchmarks,/Users/pq/aikagan-web/.opencode/node_modules/zod/src/v3/benchmarks
discriminatedUnion.ts,2026-09-06 17:28:04 +0000,2026-09-06 17:28:04 +0000,,Mpeg-2 Transport Stream,2 KB,1,/Users/pq/aikagan-web/.opencode/node_modules/zod/src/v3/benchmarks/discriminatedUnion.ts,benchmarks,/Users/pq/aikagan-web/.opencode/node_modules/zod/src/v3/benchmarks
index.ts,2026-09-06 17:28:05 +0000,2026-09-06 17:28:05 +0000,,Mpeg-2 Transport Stream,2 KB,1,/Users/pq/aikagan-web/.opencode/node_modules/zod/src/v3/benchmarks/index.ts,benchmarks,/Users/pq/aikagan-web/.opencode/node_modules/zod/src/v3/benchmarks
ipv4.ts,2026-09-06 17:28:05 +0000,2026-09-06 17:28:05 +0000,,Mpeg-2 Transport Stream,2 KB,1,/Users/pq/aikagan-web/.opencode/node_modules/zod/src/v3/benchmarks/ipv4.ts,benchmarks,/Users/pq/aikagan-web/.opencode/node_modules/zod/src/v3/benchmarks
object.ts,2026-09-06 17:28:05 +0000,2026-09-06 17:28:05 +0000,,Mpeg-2 Transport Stream,2 KB,1,/Users/pq/aikagan-web/.opencode/node_modules/zod/src/v3/benchmarks/object.ts,benchmarks,/Users/pq/aikagan-web/.opencode/node_modules/zod/src/v3/benchmarks
primitives.ts,2026-09-06 17:28:05 +0000,2026-09-06 17:28:05 +0000,,Mpeg-2 Transport Stream,3 KB,1,/Users/pq/aikagan-web/.opencode/node_modules/zod/src/v3/benchmarks/primitives.ts,benchmarks,/Users/pq/aikagan-web/.opencode/node_modules/zod/src/v3/benchmarks
realworld.ts,2026-09-06 17:28:05 +0000,2026-09-06 17:28:05 +0000,,Mpeg-2 Transport Stream,1 KB,1,/Users/pq/aikagan-web/.opencode/node_modules/zod/src/v3/benchmarks/realworld.ts,benchmarks,/Users/pq/aikagan-web/.opencode/node_modules/zod/src/v3/benchmarks
string.ts,2026-09-06 17:28:05 +0000,2026-09-06 17:28:05 +0000,,Mpeg-2 Transport Stream,1 KB,1,/Users/pq/aikagan-web/.opencode/node_modules/zod/src/v3/benchmarks/string.ts,benchmarks,/Users/pq/aikagan-web/.opencode/node_modules/zod/src/v3/benchmarks
union.ts,2026-09-06 17:28:05 +0000,2026-09-06 17:28:05 +0000,,Mpeg-2 Transport Stream,2 KB,1,/Users/pq/aikagan-web/.opencode/node_modules/zod/src/v3/benchmarks/union.ts,benchmarks,/Users/pq/aikagan-web/.opencode/node_modules/zod/src/v3/benchmarks
helpers,2026-09-06 17:28:05 +0000,2026-09-06 17:28:04 +0000,,Folder,6 bytes,0,/Users/pq/aikagan-web/.opencode/node_modules/zod/src/v3/helpers,v3,/Users/pq/aikagan-web/.opencode/node_modules/zod/src/v3/helpers
enumUtil.ts,2026-09-06 17:28:04 +0000,2026-09-06 17:28:04 +0000,,Mpeg-2 Transport Stream,604 bytes,1,/Users/pq/aikagan-web/.opencode/node_modules/zod/src/v3/helpers/enumUtil.ts,helpers,/Users/pq/aikagan-web/.opencode/node_modules/zod/src/v3/helpers
errorUtil.ts,2026-09-06 17:28:04 +0000,2026-09-06 17:28:04 +0000,,Mpeg-2 Transport Stream,408 bytes,1,/Users/pq/aikagan-web/.opencode/node_modules/zod/src/v3/helpers/errorUtil.ts,helpers,/Users/pq/aikagan-web/.opencode/node_modules/zod/src/v3/helpers
parseUtil.ts,2026-09-06 17:28:05 +0000,2026-09-06 17:28:05 +0000,,Mpeg-2 Transport Stream,5 KB,1,/Users/pq/aikagan-web/.opencode/node_modules/zod/src/v3/helpers/parseUtil.ts,helpers,/Users/pq/aikagan-web/.opencode/node_modules/zod/src/v3/helpers
partialUtil.ts,2026-09-06 17:28:05 +0000,2026-09-06 17:28:05 +0000,,Mpeg-2 Transport Stream,1 KB,1,/Users/pq/aikagan-web/.opencode/node_modules/zod/src/v3/helpers/partialUtil.ts,helpers,/Users/pq/aikagan-web/.opencode/node_modules/zod/src/v3/helpers
typeAliases.ts,2026-09-06 17:28:05 +0000,2026-09-06 17:28:05 +0000,,Mpeg-2 Transport Stream,135 bytes,1,/Users/pq/aikagan-web/.opencode/node_modules/zod/src/v3/helpers/typeAliases.ts,helpers,/Users/pq/aikagan-web/.opencode/node_modules/zod/src/v3/helpers
util.ts,2026-09-06 17:28:05 +0000,2026-09-06 17:28:05 +0000,,Mpeg-2 Transport Stream,6 KB,1,/Users/pq/aikagan-web/.opencode/node_modules/zod/src/v3/helpers/util.ts,helpers,/Users/pq/aikagan-web/.opencode/node_modules/zod/src/v3/helpers
locales,2026-09-06 17:28:04 +0000,2026-09-06 17:28:04 +0000,,Folder,1 byte,0,/Users/pq/aikagan-web/.opencode/node_modules/zod/src/v3/locales,v3,/Users/pq/aikagan-web/.opencode/node_modules/zod/src/v3/locales
en.ts,2026-09-06 17:28:04 +0000,2026-09-06 17:28:04 +0000,,Mpeg-2 Transport Stream,5 KB,1,/Users/pq/aikagan-web/.opencode/node_modules/zod/src/v3/locales/en.ts,locales,/Users/pq/aikagan-web/.opencode/node_modules/zod/src/v3/locales
tests,2026-09-06 17:28:05 +0000,2026-09-06 17:28:04 +0000,,Folder,61 bytes,0,/Users/pq/aikagan-web/.opencode/node_modules/zod/src/v3/tests,v3,/Users/pq/aikagan-web/.opencode/node_modules/zod/src/v3/tests
Mocker.ts,2026-09-06 17:28:05 +0000,2026-09-06 17:28:05 +0000,,Mpeg-2 Transport Stream,1 KB,1,/Users/pq/aikagan-web/.opencode/node_modules/zod/src/v3/tests/Mocker.ts,tests,/Users/pq/aikagan-web/.opencode/node_modules/zod/src/v3/tests
all-errors.test.ts,2026-09-06 17:28:04 +0000,2026-09-06 17:28:04 +0000,,Mpeg-2 Transport Stream,5 KB,1,/Users/pq/aikagan-web/.opencode/node_modules/zod/src/v3/tests/all-errors.test.ts,tests,/Users/pq/aikagan-web/.opencode/node_modules/zod/src/v3/tests
anyunknown.test.ts,2026-09-06 17:28:04 +0000,2026-09-06 17:28:04 +0000,,Mpeg-2 Transport Stream,673 bytes,1,/Users/pq/aikagan-web/.opencode/node_modules/zod/src/v3/tests/anyunknown.test.ts,tests,/Users/pq/aikagan-web/.opencode/node_modules/zod/src/v3/tests
array.test.ts,2026-09-06 17:28:04 +0000,2026-09-06 17:28:04 +0000,,Mpeg-2 Transport Stream,2 KB,1,/Users/pq/aikagan-web/.opencode/node_modules/zod/src/v3/tests/array.test.ts,tests,/Users/pq/aikagan-web/.opencode/node_modules/zod/src/v3/tests
async-parsing.test.ts,2026-09-06 17:28:04 +0000,2026-09-06 17:28:04 +0000,,Mpeg-2 Transport Stream,13 KB,1,/Users/pq/aikagan-web/.opencode/node_modules/zod/src/v3/tests/async-parsing.test.ts,tests,/Users/pq/aikagan-web/.opencode/node_modules/zod/src/v3/tests
async-refinements.test.ts,2026-09-06 17:28:04 +0000,2026-09-06 17:28:04 +0000,,Mpeg-2 Transport Stream,2 KB,1,/Users/pq/aikagan-web/.opencode/node_modules/zod/src/v3/tests/async-refinements.test.ts,tests,/Users/pq/aikagan-web/.opencode/node_modules/zod/src/v3/tests
base.test.ts,2026-09-06 17:28:04 +0000,2026-09-06 17:28:04 +0000,,Mpeg-2 Transport Stream,782 bytes,1,/Users/pq/aikagan-web/.opencode/node_modules/zod/src/v3/tests/base.test.ts,tests,/Users/pq/aikagan-web/.opencode/node_modules/zod/src/v3/tests
bigint.test.ts,2026-09-06 17:28:04 +0000,2026-09-06 17:28:04 +0000,,Mpeg-2 Transport Stream,2 KB,1,/Users/pq/aikagan-web/.opencode/node_modules/zod/src/v3/tests/bigint.test.ts,tests,/Users/pq/aikagan-web/.opencode/node_modules/zod/src/v3/tests
branded.test.ts,2026-09-06 17:28:04 +0000,2026-09-06 17:28:04 +0000,,Mpeg-2 Transport Stream,2 KB,1,/Users/pq/aikagan-web/.opencode/node_modules/zod/src/v3/tests/branded.test.ts,tests,/Users/pq/aikagan-web/.opencode/node_modules/zod/src/v3/tests
catch.test.ts,2026-09-06 17:28:04 +0000,2026-09-06 17:28:04 +0000,,Mpeg-2 Transport Stream,7 KB,1,/Users/pq/aikagan-web/.opencode/node_modules/zod/src/v3/tests/catch.test.ts,tests,/Users/pq/aikagan-web/.opencode/node_modules/zod/src/v3/tests
coerce.test.ts,2026-09-06 17:28:04 +0000,2026-09-06 17:28:04 +0000,,Mpeg-2 Transport Stream,7 KB,1,/Users/pq/aikagan-web/.opencode/node_modules/zod/src/v3/tests/coerce.test.ts,tests,/Users/pq/aikagan-web/.opencode/node_modules/zod/src/v3/tests
complex.test.ts,2026-09-06 17:28:04 +0000,2026-09-06 17:28:04 +0000,,Mpeg-2 Transport Stream,2 KB,1,/Users/pq/aikagan-web/.opencode/node_modules/zod/src/v3/tests/complex.test.ts,tests,/Users/pq/aikagan-web/.opencode/node_modules/zod/src/v3/tests
custom.test.ts,2026-09-06 17:28:04 +0000,2026-09-06 17:28:04 +0000,,Mpeg-2 Transport Stream,950 bytes,1,/Users/pq/aikagan-web/.opencode/node_modules/zod/src/v3/tests/custom.test.ts,tests,/Users/pq/aikagan-web/.opencode/node_modules/zod/src/v3/tests
date.test.ts,2026-09-06 17:28:04 +0000,2026-09-06 17:28:04 +0000,,Mpeg-2 Transport Stream,983 bytes,1,/Users/pq/aikagan-web/.opencode/node_modules/zod/src/v3/tests/date.test.ts,tests,/Users/pq/aikagan-web/.opencode/node_modules/zod/src/v3/tests
deepmasking.test.ts,2026-09-06 17:28:04 +0000,2026-09-06 17:28:04 +0000,,Mpeg-2 Transport Stream,5 KB,1,/Users/pq/aikagan-web/.opencode/node_modules/zod/src/v3/tests/deepmasking.test.ts,tests,/Users/pq/aikagan-web/.opencode/node_modules/zod/src/v3/tests
default.test.ts,2026-09-06 17:28:04 +0000,2026-09-06 17:28:04 +0000,,Mpeg-2 Transport Stream,4 KB,1,/Users/pq/aikagan-web/.opencode/node_modules/zod/src/v3/tests/default.test.ts,tests,/Users/pq/aikagan-web/.opencode/node_modules/zod/src/v3/tests
description.test.ts,2026-09-06 17:28:04 +0000,2026-09-06 17:28:04 +0000,,Mpeg-2 Transport Stream,1 KB,1,/Users/pq/aikagan-web/.opencode/node_modules/zod/src/v3/tests/description.test.ts,tests,/Users/pq/aikagan-web/.opencode/node_modules/zod/src/v3/tests
discriminated-unions.test.ts,2026-09-06 17:28:04 +0000,2026-09-06 17:28:04 +0000,,Mpeg-2 Transport Stream,9 KB,1,/Users/pq/aikagan-web/.opencode/node_modules/zod/src/v3/tests/discriminated-unions.test.ts,tests,/Users/pq/aikagan-web/.opencode/node_modules/zod/src/v3/tests
enum.test.ts,2026-09-06 17:28:04 +0000,2026-09-06 17:28:04 +0000,,Mpeg-2 Transport Stream,3 KB,1,/Users/pq/aikagan-web/.opencode/node_modules/zod/src/v3/tests/enum.test.ts,tests,/Users/pq/aikagan-web/.opencode/node_modules/zod/src/v3/tests
error.test.ts,2026-09-06 17:28:04 +0000,2026-09-06 17:28:04 +0000,,Mpeg-2 Transport Stream,17 KB,1,/Users/pq/aikagan-web/.opencode/node_modules/zod/src/v3/tests/error.test.ts,tests,/Users/pq/aikagan-web/.opencode/node_modules/zod/src/v3/tests
firstparty.test.ts,2026-09-06 17:28:04 +0000,2026-09-06 17:28:04 +0000,,Mpeg-2 Transport Stream,2 KB,1,/Users/pq/aikagan-web/.opencode/node_modules/zod/src/v3/tests/firstparty.test.ts,tests,/Users/pq/aikagan-web/.opencode/node_modules/zod/src/v3/tests
firstpartyschematypes.test.ts,2026-09-06 17:28:04 +0000,2026-09-06 17:28:04 +0000,,Mpeg-2 Transport Stream,788 bytes,1,/Users/pq/aikagan-web/.opencode/node_modules/zod/src/v3/tests/firstpartyschematypes.test.ts,tests,/Users/pq/aikagan-web/.opencode/node_modules/zod/src/v3/tests
function.test.ts,2026-09-06 17:28:04 +0000,2026-09-06 17:28:04 +0000,,Mpeg-2 Transport Stream,7 KB,1,/Users/pq/aikagan-web/.opencode/node_modules/zod/src/v3/tests/function.test.ts,tests,/Users/pq/aikagan-web/.opencode/node_modules/zod/src/v3/tests
generics.test.ts,2026-09-06 17:28:04 +0000,2026-09-06 17:28:04 +0000,,Mpeg-2 Transport Stream,2 KB,1,/Users/pq/aikagan-web/.opencode/node_modules/zod/src/v3/tests/generics.test.ts,tests,/Users/pq/aikagan-web/.opencode/node_modules/zod/src/v3/tests
instanceof.test.ts,2026-09-06 17:28:05 +0000,2026-09-06 17:28:05 +0000,,Mpeg-2 Transport Stream,1 KB,1,/Users/pq/aikagan-web/.opencode/node_modules/zod/src/v3/tests/instanceof.test.ts,tests,/Users/pq/aikagan-web/.opencode/node_modules/zod/src/v3/tests
intersection.test.ts,2026-09-06 17:28:05 +0000,2026-09-06 17:28:05 +0000,,Mpeg-2 Transport Stream,3 KB,1,/Users/pq/aikagan-web/.opencode/node_modules/zod/src/v3/tests/intersection.test.ts,tests,/Users/pq/aikagan-web/.opencode/node_modules/zod/src/v3/tests
language-server.source.ts,2026-09-06 17:28:05 +0000,2026-09-06 17:28:05 +0000,,Mpeg-2 Transport Stream,1 KB,1,/Users/pq/aikagan-web/.opencode/node_modules/zod/src/v3/tests/language-server.source.ts,tests,/Users/pq/aikagan-web/.opencode/node_modules/zod/src/v3/tests
language-server.test.ts,2026-09-06 17:28:05 +0000,2026-09-06 17:28:05 +0000,,Mpeg-2 Transport Stream,8 KB,1,/Users/pq/aikagan-web/.opencode/node_modules/zod/src/v3/tests/language-server.test.ts,tests,/Users/pq/aikagan-web/.opencode/node_modules/zod/src/v3/tests
literal.test.ts,2026-09-06 17:28:05 +0000,2026-09-06 17:28:05 +0000,,Mpeg-2 Transport Stream,1 KB,1,/Users/pq/aikagan-web/.opencode/node_modules/zod/src/v3/tests/literal.test.ts,tests,/Users/pq/aikagan-web/.opencode/node_modules/zod/src/v3/tests
map.test.ts,2026-09-06 17:28:05 +0000,2026-09-06 17:28:05 +0000,,Mpeg-2 Transport Stream,4 KB,1,/Users/pq/aikagan-web/.opencode/node_modules/zod/src/v3/tests/map.test.ts,tests,/Users/pq/aikagan-web/.opencode/node_modules/zod/src/v3/tests
masking.test.ts,2026-09-06 17:28:05 +0000,2026-09-06 17:28:05 +0000,,Mpeg-2 Transport Stream,85 bytes,1,/Users/pq/aikagan-web/.opencode/node_modules/zod/src/v3/tests/masking.test.ts,tests,/Users/pq/aikagan-web/.opencode/node_modules/zod/src/v3/tests
mocker.test.ts,2026-09-06 17:28:05 +0000,2026-09-06 17:28:05 +0000,,Mpeg-2 Transport Stream,389 bytes,1,/Users/pq/aikagan-web/.opencode/node_modules/zod/src/v3/tests/mocker.test.ts,tests,/Users/pq/aikagan-web/.opencode/node_modules/zod/src/v3/tests
nan.test.ts,2026-09-06 17:28:05 +0000,2026-09-06 17:28:05 +0000,,Mpeg-2 Transport Stream,587 bytes,1,/Users/pq/aikagan-web/.opencode/node_modules/zod/src/v3/tests/nan.test.ts,tests,/Users/pq/aikagan-web/.opencode/node_modules/zod/src/v3/tests
nativeEnum.test.ts,2026-09-06 17:28:05 +0000,2026-09-06 17:28:05 +0000,,Mpeg-2 Transport Stream,2 KB,1,/Users/pq/aikagan-web/.opencode/node_modules/zod/src/v3/tests/nativeEnum.test.ts,tests,/Users/pq/aikagan-web/.opencode/node_modules/zod/src/v3/tests
nullable.test.ts,2026-09-06 17:28:05 +0000,2026-09-06 17:28:05 +0000,,Mpeg-2 Transport Stream,1 KB,1,/Users/pq/aikagan-web/.opencode/node_modules/zod/src/v3/tests/nullable.test.ts,tests,/Users/pq/aikagan-web/.opencode/node_modules/zod/src/v3/tests
number.test.ts,2026-09-06 17:28:05 +0000,2026-09-06 17:28:05 +0000,,Mpeg-2 Transport Stream,6 KB,1,/Users/pq/aikagan-web/.opencode/node_modules/zod/src/v3/tests/number.test.ts,tests,/Users/pq/aikagan-web/.opencode/node_modules/zod/src/v3/tests
object-augmentation.test.ts,2026-09-06 17:28:05 +0000,2026-09-06 17:28:05 +0000,,Mpeg-2 Transport Stream,569 bytes,1,/Users/pq/aikagan-web/.opencode/node_modules/zod/src/v3/tests/object-augmentation.test.ts,tests,/Users/pq/aikagan-web/.opencode/node_modules/zod/src/v3/tests
object-in-es5-env.test.ts,2026-09-06 17:28:05 +0000,2026-09-06 17:28:05 +0000,,Mpeg-2 Transport Stream,778 bytes,1,/Users/pq/aikagan-web/.opencode/node_modules/zod/src/v3/tests/object-in-es5-env.test.ts,tests,/Users/pq/aikagan-web/.opencode/node_modules/zod/src/v3/tests
object.test.ts,2026-09-06 17:28:05 +0000,2026-09-06 17:28:05 +0000,,Mpeg-2 Transport Stream,12 KB,1,/Users/pq/aikagan-web/.opencode/node_modules/zod/src/v3/tests/object.test.ts,tests,/Users/pq/aikagan-web/.opencode/node_modules/zod/src/v3/tests
optional.test.ts,2026-09-06 17:28:05 +0000,2026-09-06 17:28:05 +0000,,Mpeg-2 Transport Stream,1 KB,1,/Users/pq/aikagan-web/.opencode/node_modules/zod/src/v3/tests/optional.test.ts,tests,/Users/pq/aikagan-web/.opencode/node_modules/zod/src/v3/tests
parseUtil.test.ts,2026-09-06 17:28:05 +0000,2026-09-06 17:28:05 +0000,,Mpeg-2 Transport Stream,869 bytes,1,/Users/pq/aikagan-web/.opencode/node_modules/zod/src/v3/tests/parseUtil.test.ts,tests,/Users/pq/aikagan-web/.opencode/node_modules/zod/src/v3/tests
parser.test.ts,2026-09-06 17:28:05 +0000,2026-09-06 17:28:05 +0000,,Mpeg-2 Transport Stream,1 KB,1,/Users/pq/aikagan-web/.opencode/node_modules/zod/src/v3/tests/parser.test.ts,tests,/Users/pq/aikagan-web/.opencode/node_modules/zod/src/v3/tests
partials.test.ts,2026-09-06 17:28:05 +0000,2026-09-06 17:28:05 +0000,,Mpeg-2 Transport Stream,7 KB,1,/Users/pq/aikagan-web/.opencode/node_modules/zod/src/v3/tests/partials.test.ts,tests,/Users/pq/aikagan-web/.opencode/node_modules/zod/src/v3/tests
pickomit.test.ts,2026-09-06 17:28:05 +0000,2026-09-06 17:28:05 +0000,,Mpeg-2 Transport Stream,4 KB,1,/Users/pq/aikagan-web/.opencode/node_modules/zod/src/v3/tests/pickomit.test.ts,tests,/Users/pq/aikagan-web/.opencode/node_modules/zod/src/v3/tests
pipeline.test.ts,2026-09-06 17:28:05 +0000,2026-09-06 17:28:05 +0000,,Mpeg-2 Transport Stream,823 bytes,1,/Users/pq/aikagan-web/.opencode/node_modules/zod/src/v3/tests/pipeline.test.ts,tests,/Users/pq/aikagan-web/.opencode/node_modules/zod/src/v3/tests
preprocess.test.ts,2026-09-06 17:28:05 +0000,2026-09-06 17:28:05 +0000,,Mpeg-2 Transport Stream,5 KB,1,/Users/pq/aikagan-web/.opencode/node_modules/zod/src/v3/tests/preprocess.test.ts,tests,/Users/pq/aikagan-web/.opencode/node_modules/zod/src/v3/tests
primitive.test.ts,2026-09-06 17:28:05 +0000,2026-09-06 17:28:05 +0000,,Mpeg-2 Transport Stream,12 KB,1,/Users/pq/aikagan-web/.opencode/node_modules/zod/src/v3/tests/primitive.test.ts,tests,/Users/pq/aikagan-web/.opencode/node_modules/zod/src/v3/tests
promise.test.ts,2026-09-06 17:28:05 +0000,2026-09-06 17:28:05 +0000,,Mpeg-2 Transport Stream,2 KB,1,/Users/pq/aikagan-web/.opencode/node_modules/zod/src/v3/tests/promise.test.ts,tests,/Users/pq/aikagan-web/.opencode/node_modules/zod/src/v3/tests
readonly.test.ts,2026-09-06 17:28:05 +0000,2026-09-06 17:28:05 +0000,,Mpeg-2 Transport Stream,7 KB,1,/Users/pq/aikagan-web/.opencode/node_modules/zod/src/v3/tests/readonly.test.ts,tests,/Users/pq/aikagan-web/.opencode/node_modules/zod/src/v3/tests
record.test.ts,2026-09-06 17:28:05 +0000,2026-09-06 17:28:05 +0000,,Mpeg-2 Transport Stream,4 KB,1,/Users/pq/aikagan-web/.opencode/node_modules/zod/src/v3/tests/record.test.ts,tests,/Users/pq/aikagan-web/.opencode/node_modules/zod/src/v3/tests
recursive.test.ts,2026-09-06 17:28:05 +0000,2026-09-06 17:28:05 +0000,,Mpeg-2 Transport Stream,4 KB,1,/Users/pq/aikagan-web/.opencode/node_modules/zod/src/v3/tests/recursive.test.ts,tests,/Users/pq/aikagan-web/.opencode/node_modules/zod/src/v3/tests
refine.test.ts,2026-09-06 17:28:05 +0000,2026-09-06 17:28:05 +0000,,Mpeg-2 Transport Stream,8 KB,1,/Users/pq/aikagan-web/.opencode/node_modules/zod/src/v3/tests/refine.test.ts,tests,/Users/pq/aikagan-web/.opencode/node_modules/zod/src/v3/tests
safeparse.test.ts,2026-09-06 17:28:05 +0000,2026-09-06 17:28:05 +0000,,Mpeg-2 Transport Stream,628 bytes,1,/Users/pq/aikagan-web/.opencode/node_modules/zod/src/v3/tests/safeparse.test.ts,tests,/Users/pq/aikagan-web/.opencode/node_modules/zod/src/v3/tests
set.test.ts,2026-09-06 17:28:05 +0000,2026-09-06 17:28:05 +0000,,Mpeg-2 Transport Stream,5 KB,1,/Users/pq/aikagan-web/.opencode/node_modules/zod/src/v3/tests/set.test.ts,tests,/Users/pq/aikagan-web/.opencode/node_modules/zod/src/v3/tests
standard-schema.test.ts,2026-09-06 17:28:05 +0000,2026-09-06 17:28:05 +0000,,Mpeg-2 Transport Stream,3 KB,1,/Users/pq/aikagan-web/.opencode/node_modules/zod/src/v3/tests/standard-schema.test.ts,tests,/Users/pq/aikagan-web/.opencode/node_modules/zod/src/v3/tests
string.test.ts,2026-09-06 17:28:05 +0000,2026-09-06 17:28:05 +0000,,Mpeg-2 Transport Stream,66 KB,1,/Users/pq/aikagan-web/.opencode/node_modules/zod/src/v3/tests/string.test.ts,tests,/Users/pq/aikagan-web/.opencode/node_modules/zod/src/v3/tests
transformer.test.ts,2026-09-06 17:28:05 +0000,2026-09-06 17:28:05 +0000,,Mpeg-2 Transport Stream,6 KB,1,/Users/pq/aikagan-web/.opencode/node_modules/zod/src/v3/tests/transformer.test.ts,tests,/Users/pq/aikagan-web/.opencode/node_modules/zod/src/v3/tests
tuple.test.ts,2026-09-06 17:28:05 +0000,2026-09-06 17:28:05 +0000,,Mpeg-2 Transport Stream,3 KB,1,/Users/pq/aikagan-web/.opencode/node_modules/zod/src/v3/tests/tuple.test.ts,tests,/Users/pq/aikagan-web/.opencode/node_modules/zod/src/v3/tests
unions.test.ts,2026-09-06 17:28:05 +0000,2026-09-06 17:28:05 +0000,,Mpeg-2 Transport Stream,2 KB,1,/Users/pq/aikagan-web/.opencode/node_modules/zod/src/v3/tests/unions.test.ts,tests,/Users/pq/aikagan-web/.opencode/node_modules/zod/src/v3/tests
validations.test.ts,2026-09-06 17:28:05 +0000,2026-09-06 17:28:05 +0000,,Mpeg-2 Transport Stream,4 KB,1,/Users/pq/aikagan-web/.opencode/node_modules/zod/src/v3/tests/validations.test.ts,tests,/Users/pq/aikagan-web/.opencode/node_modules/zod/src/v3/tests
void.test.ts,2026-09-06 17:28:05 +0000,2026-09-06 17:28:05 +0000,,Mpeg-2 Transport Stream,349 bytes,1,/Users/pq/aikagan-web/.opencode/node_modules/zod/src/v3/tests/void.test.ts,tests,/Users/pq/aikagan-web/.opencode/node_modules/zod/src/v3/tests
v4,2026-09-06 17:28:05 +0000,2026-09-06 17:28:04 +0000,,Folder,5 bytes,0,/Users/pq/aikagan-web/.opencode/node_modules/zod/src/v4,src,/Users/pq/aikagan-web/.opencode/node_modules/zod/src/v4
index.ts,2026-09-06 17:28:05 +0000,2026-09-06 17:28:05 +0000,,Mpeg-2 Transport Stream,93 bytes,1,/Users/pq/aikagan-web/.opencode/node_modules/zod/src/v4/index.ts,v4,/Users/pq/aikagan-web/.opencode/node_modules/zod/src/v4
v4-mini,2026-09-06 17:28:05 +0000,2026-09-06 17:28:05 +0000,,Folder,1 byte,0,/Users/pq/aikagan-web/.opencode/node_modules/zod/src/v4-mini,src,/Users/pq/aikagan-web/.opencode/node_modules/zod/src/v4-mini
index.ts,2026-09-06 17:28:05 +0000,2026-09-06 17:28:05 +0000,,Mpeg-2 Transport Stream,37 bytes,1,/Users/pq/aikagan-web/.opencode/node_modules/zod/src/v4-mini/index.ts,v4-mini,/Users/pq/aikagan-web/.opencode/node_modules/zod/src/v4-mini
classic,2026-09-06 17:28:05 +0000,2026-09-06 17:28:04 +0000,,Folder,10 bytes,0,/Users/pq/aikagan-web/.opencode/node_modules/zod/src/v4/classic,v4,/Users/pq/aikagan-web/.opencode/node_modules/zod/src/v4/classic
checks.ts,2026-09-06 17:28:04 +0000,2026-09-06 17:28:04 +0000,,Mpeg-2 Transport Stream,738 bytes,1,/Users/pq/aikagan-web/.opencode/node_modules/zod/src/v4/classic/checks.ts,classic,/Users/pq/aikagan-web/.opencode/node_modules/zod/src/v4/classic
coerce.ts,2026-09-06 17:28:04 +0000,2026-09-06 17:28:04 +0000,,Mpeg-2 Transport Stream,2 KB,1,/Users/pq/aikagan-web/.opencode/node_modules/zod/src/v4/classic/coerce.ts,classic,/Users/pq/aikagan-web/.opencode/node_modules/zod/src/v4/classic
compat.ts,2026-09-06 17:28:04 +0000,2026-09-06 17:28:04 +0000,,Mpeg-2 Transport Stream,2 KB,1,/Users/pq/aikagan-web/.opencode/node_modules/zod/src/v4/classic/compat.ts,classic,/Users/pq/aikagan-web/.opencode/node_modules/zod/src/v4/classic
errors.ts,2026-09-06 17:28:04 +0000,2026-09-06 17:28:04 +0000,,Mpeg-2 Transport Stream,3 KB,1,/Users/pq/aikagan-web/.opencode/node_modules/zod/src/v4/classic/errors.ts,classic,/Users/pq/aikagan-web/.opencode/node_modules/zod/src/v4/classic
external.ts,2026-09-06 17:28:04 +0000,2026-09-06 17:28:04 +0000,,Mpeg-2 Transport Stream,1 KB,1,/Users/pq/aikagan-web/.opencode/node_modules/zod/src/v4/classic/external.ts,classic,/Users/pq/aikagan-web/.opencode/node_modules/zod/src/v4/classic
index.ts,2026-09-06 17:28:05 +0000,2026-09-06 17:28:05 +0000,,Mpeg-2 Transport Stream,100 bytes,1,/Users/pq/aikagan-web/.opencode/node_modules/zod/src/v4/classic/index.ts,classic,/Users/pq/aikagan-web/.opencode/node_modules/zod/src/v4/classic
iso.ts,2026-09-06 17:28:05 +0000,2026-09-06 17:28:05 +0000,,Mpeg-2 Transport Stream,3 KB,1,/Users/pq/aikagan-web/.opencode/node_modules/zod/src/v4/classic/iso.ts,classic,/Users/pq/aikagan-web/.opencode/node_modules/zod/src/v4/classic
parse.ts,2026-09-06 17:28:05 +0000,2026-09-06 17:28:05 +0000,,Mpeg-2 Transport Stream,3 KB,1,/Users/pq/aikagan-web/.opencode/node_modules/zod/src/v4/classic/parse.ts,classic,/Users/pq/aikagan-web/.opencode/node_modules/zod/src/v4/classic
schemas.ts,2026-09-06 17:28:05 +0000,2026-09-06 17:28:05 +0000,,Mpeg-2 Transport Stream,78 KB,1,/Users/pq/aikagan-web/.opencode/node_modules/zod/src/v4/classic/schemas.ts,classic,/Users/pq/aikagan-web/.opencode/node_modules/zod/src/v4/classic
tests,2026-09-06 17:28:05 +0000,2026-09-06 17:28:04 +0000,,Folder,67 bytes,0,/Users/pq/aikagan-web/.opencode/node_modules/zod/src/v4/classic/tests,classic,/Users/pq/aikagan-web/.opencode/node_modules/zod/src/v4/classic/tests
anyunknown.test.ts,2026-09-06 17:28:04 +0000,2026-09-06 17:28:04 +0000,,Mpeg-2 Transport Stream,639 bytes,1,/Users/pq/aikagan-web/.opencode/node_modules/zod/src/v4/classic/tests/anyunknown.test.ts,tests,/Users/pq/aikagan-web/.opencode/node_modules/zod/src/v4/classic/tests
array.test.ts,2026-09-06 17:28:04 +0000,2026-09-06 17:28:04 +0000,,Mpeg-2 Transport Stream,7 KB,1,/Users/pq/aikagan-web/.opencode/node_modules/zod/src/v4/classic/tests/array.test.ts,tests,/Users/pq/aikagan-web/.opencode/node_modules/zod/src/v4/classic/tests
assignability.test.ts,2026-09-06 17:28:04 +0000,2026-09-06 17:28:04 +0000,,Mpeg-2 Transport Stream,7 KB,1,/Users/pq/aikagan-web/.opencode/node_modules/zod/src/v4/classic/tests/assignability.test.ts,tests,/Users/pq/aikagan-web/.opencode/node_modules/zod/src/v4/classic/tests
async-parsing.test.ts,2026-09-06 17:28:04 +0000,2026-09-06 17:28:04 +0000,,Mpeg-2 Transport Stream,12 KB,1,/Users/pq/aikagan-web/.opencode/node_modules/zod/src/v4/classic/tests/async-parsing.test.ts,tests,/Users/pq/aikagan-web/.opencode/node_modules/zod/src/v4/classic/tests
async-refinements.test.ts,2026-09-06 17:28:04 +0000,2026-09-06 17:28:04 +0000,,Mpeg-2 Transport Stream,2 KB,1,/Users/pq/aikagan-web/.opencode/node_modules/zod/src/v4/classic/tests/async-refinements.test.ts,tests,/Users/pq/aikagan-web/.opencode/node_modules/zod/src/v4/classic/tests
base.test.ts,2026-09-06 17:28:04 +0000,2026-09-06 17:28:04 +0000,,Mpeg-2 Transport Stream,179 bytes,1,/Users/pq/aikagan-web/.opencode/node_modules/zod/src/v4/classic/tests/base.test.ts,tests,/Users/pq/aikagan-web/.opencode/node_modules/zod/src/v4/classic/tests
bigint.test.ts,2026-09-06 17:28:04 +0000,2026-09-06 17:28:04 +0000,,Mpeg-2 Transport Stream,2 KB,1,/Users/pq/aikagan-web/.opencode/node_modules/zod/src/v4/classic/tests/bigint.test.ts,tests,/Users/pq/aikagan-web/.opencode/node_modules/zod/src/v4/classic/tests
brand.test.ts,2026-09-06 17:28:04 +0000,2026-09-06 17:28:04 +0000,,Mpeg-2 Transport Stream,2 KB,1,/Users/pq/aikagan-web/.opencode/node_modules/zod/src/v4/classic/tests/brand.test.ts,tests,/Users/pq/aikagan-web/.opencode/node_modules/zod/src/v4/classic/tests
catch.test.ts,2026-09-06 17:28:04 +0000,2026-09-06 17:28:04 +0000,,Mpeg-2 Transport Stream,8 KB,1,/Users/pq/aikagan-web/.opencode/node_modules/zod/src/v4/classic/tests/catch.test.ts,tests,/Users/pq/aikagan-web/.opencode/node_modules/zod/src/v4/classic/tests
coalesce.test.ts,2026-09-06 17:28:04 +0000,2026-09-06 17:28:04 +0000,,Mpeg-2 Transport Stream,743 bytes,1,/Users/pq/aikagan-web/.opencode/node_modules/zod/src/v4/classic/tests/coalesce.test.ts,tests,/Users/pq/aikagan-web/.opencode/node_modules/zod/src/v4/classic/tests
codec-examples.test.ts,2026-09-06 17:28:04 +0000,2026-09-06 17:28:04 +0000,,Mpeg-2 Transport Stream,19 KB,1,/Users/pq/aikagan-web/.opencode/node_modules/zod/src/v4/classic/tests/codec-examples.test.ts,tests,/Users/pq/aikagan-web/.opencode/node_modules/zod/src/v4/classic/tests
codec.test.ts,2026-09-06 17:28:04 +0000,2026-09-06 17:28:04 +0000,,Mpeg-2 Transport Stream,19 KB,1,/Users/pq/aikagan-web/.opencode/node_modules/zod/src/v4/classic/tests/codec.test.ts,tests,/Users/pq/aikagan-web/.opencode/node_modules/zod/src/v4/classic/tests
coerce.test.ts,2026-09-06 17:28:04 +0000,2026-09-06 17:28:04 +0000,,Mpeg-2 Transport Stream,8 KB,1,/Users/pq/aikagan-web/.opencode/node_modules/zod/src/v4/classic/tests/coerce.test.ts,tests,/Users/pq/aikagan-web/.opencode/node_modules/zod/src/v4/classic/tests
continuability.test.ts,2026-09-06 17:28:04 +0000,2026-09-06 17:28:04 +0000,,Mpeg-2 Transport Stream,8 KB,1,/Users/pq/aikagan-web/.opencode/node_modules/zod/src/v4/classic/tests/continuability.test.ts,tests,/Users/pq/aikagan-web/.opencode/node_modules/zod/src/v4/classic/tests
custom.test.ts,2026-09-06 17:28:04 +0000,2026-09-06 17:28:04 +0000,,Mpeg-2 Transport Stream,1 KB,1,/Users/pq/aikagan-web/.opencode/node_modules/zod/src/v4/classic/tests/custom.test.ts,tests,/Users/pq/aikagan-web/.opencode/node_modules/zod/src/v4/classic/tests
date.test.ts,2026-09-06 17:28:04 +0000,2026-09-06 17:28:04 +0000,,Mpeg-2 Transport Stream,962 bytes,1,/Users/pq/aikagan-web/.opencode/node_modules/zod/src/v4/classic/tests/date.test.ts,tests,/Users/pq/aikagan-web/.opencode/node_modules/zod/src/v4/classic/tests
datetime.test.ts,2026-09-06 17:28:04 +0000,2026-09-06 17:28:04 +0000,,Mpeg-2 Transport Stream,12 KB,1,/Users/pq/aikagan-web/.opencode/node_modules/zod/src/v4/classic/tests/datetime.test.ts,tests,/Users/pq/aikagan-web/.opencode/node_modules/zod/src/v4/classic/tests
default.test.ts,2026-09-06 17:28:04 +0000,2026-09-06 17:28:04 +0000,,Mpeg-2 Transport Stream,9 KB,1,/Users/pq/aikagan-web/.opencode/node_modules/zod/src/v4/classic/tests/default.test.ts,tests,/Users/pq/aikagan-web/.opencode/node_modules/zod/src/v4/classic/tests
description.test.ts,2026-09-06 17:28:04 +0000,2026-09-06 17:28:04 +0000,,Mpeg-2 Transport Stream,1 KB,1,/Users/pq/aikagan-web/.opencode/node_modules/zod/src/v4/classic/tests/description.test.ts,tests,/Users/pq/aikagan-web/.opencode/node_modules/zod/src/v4/classic/tests
discriminated-unions.test.ts,2026-09-06 17:28:04 +0000,2026-09-06 17:28:04 +0000,,Mpeg-2 Transport Stream,18 KB,1,/Users/pq/aikagan-web/.opencode/node_modules/zod/src/v4/classic/tests/discriminated-unions.test.ts,tests,/Users/pq/aikagan-web/.opencode/node_modules/zod/src/v4/classic/tests
enum.test.ts,2026-09-06 17:28:04 +0000,2026-09-06 17:28:04 +0000,,Mpeg-2 Transport Stream,8 KB,1,/Users/pq/aikagan-web/.opencode/node_modules/zod/src/v4/classic/tests/enum.test.ts,tests,/Users/pq/aikagan-web/.opencode/node_modules/zod/src/v4/classic/tests
error-utils.test.ts,2026-09-06 17:28:04 +0000,2026-09-06 17:28:04 +0000,,Mpeg-2 Transport Stream,14 KB,1,/Users/pq/aikagan-web/.opencode/node_modules/zod/src/v4/classic/tests/error-utils.test.ts,tests,/Users/pq/aikagan-web/.opencode/node_modules/zod/src/v4/classic/tests
error.test.ts,2026-09-06 17:28:04 +0000,2026-09-06 17:28:04 +0000,,Mpeg-2 Transport Stream,20 KB,1,/Users/pq/aikagan-web/.opencode/node_modules/zod/src/v4/classic/tests/error.test.ts,tests,/Users/pq/aikagan-web/.opencode/node_modules/zod/src/v4/classic/tests
file.test.ts,2026-09-06 17:28:04 +0000,2026-09-06 17:28:04 +0000,,Mpeg-2 Transport Stream,3 KB,1,/Users/pq/aikagan-web/.opencode/node_modules/zod/src/v4/classic/tests/file.test.ts,tests,/Users/pq/aikagan-web/.opencode/node_modules/zod/src/v4/classic/tests
firstparty.test.ts,2026-09-06 17:28:04 +0000,2026-09-06 17:28:04 +0000,,Mpeg-2 Transport Stream,3 KB,1,/Users/pq/aikagan-web/.opencode/node_modules/zod/src/v4/classic/tests/firstparty.test.ts,tests,/Users/pq/aikagan-web/.opencode/node_modules/zod/src/v4/classic/tests
function.test.ts,2026-09-06 17:28:04 +0000,2026-09-06 17:28:04 +0000,,Mpeg-2 Transport Stream,7 KB,1,/Users/pq/aikagan-web/.opencode/node_modules/zod/src/v4/classic/tests/function.test.ts,tests,/Users/pq/aikagan-web/.opencode/node_modules/zod/src/v4/classic/tests
generics.test.ts,2026-09-06 17:28:04 +0000,2026-09-06 17:28:04 +0000,,Mpeg-2 Transport Stream,2 KB,1,/Users/pq/aikagan-web/.opencode/node_modules/zod/src/v4/classic/tests/generics.test.ts,tests,/Users/pq/aikagan-web/.opencode/node_modules/zod/src/v4/classic/tests
hash.test.ts,2026-09-06 17:28:04 +0000,2026-09-06 17:28:04 +0000,,Mpeg-2 Transport Stream,3 KB,1,/Users/pq/aikagan-web/.opencode/node_modules/zod/src/v4/classic/tests/hash.test.ts,tests,/Users/pq/aikagan-web/.opencode/node_modules/zod/src/v4/classic/tests
index.test.ts,2026-09-06 17:28:05 +0000,2026-09-06 17:28:05 +0000,,Mpeg-2 Transport Stream,28 KB,1,/Users/pq/aikagan-web/.opencode/node_modules/zod/src/v4/classic/tests/index.test.ts,tests,/Users/pq/aikagan-web/.opencode/node_modules/zod/src/v4/classic/tests
instanceof.test.ts,2026-09-06 17:28:05 +0000,2026-09-06 17:28:05 +0000,,Mpeg-2 Transport Stream,1 KB,1,/Users/pq/aikagan-web/.opencode/node_modules/zod/src/v4/classic/tests/instanceof.test.ts,tests,/Users/pq/aikagan-web/.opencode/node_modules/zod/src/v4/classic/tests
intersection.test.ts,2026-09-06 17:28:05 +0000,2026-09-06 17:28:05 +0000,,Mpeg-2 Transport Stream,5 KB,1,/Users/pq/aikagan-web/.opencode/node_modules/zod/src/v4/classic/tests/intersection.test.ts,tests,/Users/pq/aikagan-web/.opencode/node_modules/zod/src/v4/classic/tests
json.test.ts,2026-09-06 17:28:05 +0000,2026-09-06 17:28:05 +0000,,Mpeg-2 Transport Stream,3 KB,1,/Users/pq/aikagan-web/.opencode/node_modules/zod/src/v4/classic/tests/json.test.ts,tests,/Users/pq/aikagan-web/.opencode/node_modules/zod/src/v4/classic/tests
lazy.test.ts,2026-09-06 17:28:05 +0000,2026-09-06 17:28:05 +0000,,Mpeg-2 Transport Stream,5 KB,1,/Users/pq/aikagan-web/.opencode/node_modules/zod/src/v4/classic/tests/lazy.test.ts,tests,/Users/pq/aikagan-web/.opencode/node_modules/zod/src/v4/classic/tests
literal.test.ts,2026-09-06 17:28:05 +0000,2026-09-06 17:28:05 +0000,,Mpeg-2 Transport Stream,3 KB,1,/Users/pq/aikagan-web/.opencode/node_modules/zod/src/v4/classic/tests/literal.test.ts,tests,/Users/pq/aikagan-web/.opencode/node_modules/zod/src/v4/classic/tests
map.test.ts,2026-09-06 17:28:05 +0000,2026-09-06 17:28:05 +0000,,Mpeg-2 Transport Stream,5 KB,1,/Users/pq/aikagan-web/.opencode/node_modules/zod/src/v4/classic/tests/map.test.ts,tests,/Users/pq/aikagan-web/.opencode/node_modules/zod/src/v4/classic/tests
nan.test.ts,2026-09-06 17:28:05 +0000,2026-09-06 17:28:05 +0000,,Mpeg-2 Transport Stream,645 bytes,1,/Users/pq/aikagan-web/.opencode/node_modules/zod/src/v4/classic/tests/nan.test.ts,tests,/Users/pq/aikagan-web/.opencode/node_modules/zod/src/v4/classic/tests
nested-refine.test.ts,2026-09-06 17:28:05 +0000,2026-09-06 17:28:05 +0000,,Mpeg-2 Transport Stream,4 KB,1,/Users/pq/aikagan-web/.opencode/node_modules/zod/src/v4/classic/tests/nested-refine.test.ts,tests,/Users/pq/aikagan-web/.opencode/node_modules/zod/src/v4/classic/tests
nonoptional.test.ts,2026-09-06 17:28:05 +0000,2026-09-06 17:28:05 +0000,,Mpeg-2 Transport Stream,3 KB,1,/Users/pq/aikagan-web/.opencode/node_modules/zod/src/v4/classic/tests/nonoptional.test.ts,tests,/Users/pq/aikagan-web/.opencode/node_modules/zod/src/v4/classic/tests
nullable.test.ts,2026-09-06 17:28:05 +0000,2026-09-06 17:28:05 +0000,,Mpeg-2 Transport Stream,591 bytes,1,/Users/pq/aikagan-web/.opencode/node_modules/zod/src/v4/classic/tests/nullable.test.ts,tests,/Users/pq/aikagan-web/.opencode/node_modules/zod/src/v4/classic/tests
number.test.ts,2026-09-06 17:28:05 +0000,2026-09-06 17:28:05 +0000,,Mpeg-2 Transport Stream,9 KB,1,/Users/pq/aikagan-web/.opencode/node_modules/zod/src/v4/classic/tests/number.test.ts,tests,/Users/pq/aikagan-web/.opencode/node_modules/zod/src/v4/classic/tests
object.test.ts,2026-09-06 17:28:05 +0000,2026-09-06 17:28:05 +0000,,Mpeg-2 Transport Stream,17 KB,1,/Users/pq/aikagan-web/.opencode/node_modules/zod/src/v4/classic/tests/object.test.ts,tests,/Users/pq/aikagan-web/.opencode/node_modules/zod/src/v4/classic/tests
optional.test.ts,2026-09-06 17:28:05 +0000,2026-09-06 17:28:05 +0000,,Mpeg-2 Transport Stream,4 KB,1,/Users/pq/aikagan-web/.opencode/node_modules/zod/src/v4/classic/tests/optional.test.ts,tests,/Users/pq/aikagan-web/.opencode/node_modules/zod/src/v4/classic/tests
partial.test.ts,2026-09-06 17:28:05 +0000,2026-09-06 17:28:05 +0000,,Mpeg-2 Transport Stream,10 KB,1,/Users/pq/aikagan-web/.opencode/node_modules/zod/src/v4/classic/tests/partial.test.ts,tests,/Users/pq/aikagan-web/.opencode/node_modules/zod/src/v4/classic/tests
pickomit.test.ts,2026-09-06 17:28:05 +0000,2026-09-06 17:28:05 +0000,,Mpeg-2 Transport Stream,4 KB,1,/Users/pq/aikagan-web/.opencode/node_modules/zod/src/v4/classic/tests/pickomit.test.ts,tests,/Users/pq/aikagan-web/.opencode/node_modules/zod/src/v4/classic/tests
pipe.test.ts,2026-09-06 17:28:05 +0000,2026-09-06 17:28:05 +0000,,Mpeg-2 Transport Stream,2 KB,1,/Users/pq/aikagan-web/.opencode/node_modules/zod/src/v4/classic/tests/pipe.test.ts,tests,/Users/pq/aikagan-web/.opencode/node_modules/zod/src/v4/classic/tests
prefault.test.ts,2026-09-06 17:28:05 +0000,2026-09-06 17:28:05 +0000,,Mpeg-2 Transport Stream,2 KB,1,/Users/pq/aikagan-web/.opencode/node_modules/zod/src/v4/classic/tests/prefault.test.ts,tests,/Users/pq/aikagan-web/.opencode/node_modules/zod/src/v4/classic/tests
preprocess.test.ts,2026-09-06 17:28:05 +0000,2026-09-06 17:28:05 +0000,,Mpeg-2 Transport Stream,7 KB,1,/Users/pq/aikagan-web/.opencode/node_modules/zod/src/v4/classic/tests/preprocess.test.ts,tests,/Users/pq/aikagan-web/.opencode/node_modules/zod/src/v4/classic/tests
primitive.test.ts,2026-09-06 17:28:05 +0000,2026-09-06 17:28:05 +0000,,Mpeg-2 Transport Stream,8 KB,1,/Users/pq/aikagan-web/.opencode/node_modules/zod/src/v4/classic/tests/primitive.test.ts,tests,/Users/pq/aikagan-web/.opencode/node_modules/zod/src/v4/classic/tests
promise.test.ts,2026-09-06 17:28:05 +0000,2026-09-06 17:28:05 +0000,,Mpeg-2 Transport Stream,2 KB,1,/Users/pq/aikagan-web/.opencode/node_modules/zod/src/v4/classic/tests/promise.test.ts,tests,/Users/pq/aikagan-web/.opencode/node_modules/zod/src/v4/classic/tests
prototypes.test.ts,2026-09-06 17:28:05 +0000,2026-09-06 17:28:05 +0000,,Mpeg-2 Transport Stream,498 bytes,1,/Users/pq/aikagan-web/.opencode/node_modules/zod/src/v4/classic/tests/prototypes.test.ts,tests,/Users/pq/aikagan-web/.opencode/node_modules/zod/src/v4/classic/tests
readonly.test.ts,2026-09-06 17:28:05 +0000,2026-09-06 17:28:05 +0000,,Mpeg-2 Transport Stream,12 KB,1,/Users/pq/aikagan-web/.opencode/node_modules/zod/src/v4/classic/tests/readonly.test.ts,tests,/Users/pq/aikagan-web/.opencode/node_modules/zod/src/v4/classic/tests
record.test.ts,2026-09-06 17:28:05 +0000,2026-09-06 17:28:05 +0000,,Mpeg-2 Transport Stream,8 KB,1,/Users/pq/aikagan-web/.opencode/node_modules/zod/src/v4/classic/tests/record.test.ts,tests,/Users/pq/aikagan-web/.opencode/node_modules/zod/src/v4/classic/tests
recursive-types.test.ts,2026-09-06 17:28:05 +0000,2026-09-06 17:28:05 +0000,,Mpeg-2 Transport Stream,12 KB,1,/Users/pq/aikagan-web/.opencode/node_modules/zod/src/v4/classic/tests/recursive-types.test.ts,tests,/Users/pq/aikagan-web/.opencode/node_modules/zod/src/v4/classic/tests
refine.test.ts,2026-09-06 17:28:05 +0000,2026-09-06 17:28:05 +0000,,Mpeg-2 Transport Stream,17 KB,1,/Users/pq/aikagan-web/.opencode/node_modules/zod/src/v4/classic/tests/refine.test.ts,tests,/Users/pq/aikagan-web/.opencode/node_modules/zod/src/v4/classic/tests
registries.test.ts,2026-09-06 17:28:05 +0000,2026-09-06 17:28:05 +0000,,Mpeg-2 Transport Stream,6 KB,1,/Users/pq/aikagan-web/.opencode/node_modules/zod/src/v4/classic/tests/registries.test.ts,tests,/Users/pq/aikagan-web/.opencode/node_modules/zod/src/v4/classic/tests
set.test.ts,2026-09-06 17:28:05 +0000,2026-09-06 17:28:05 +0000,,Mpeg-2 Transport Stream,6 KB,1,/Users/pq/aikagan-web/.opencode/node_modules/zod/src/v4/classic/tests/set.test.ts,tests,/Users/pq/aikagan-web/.opencode/node_modules/zod/src/v4/classic/tests
standard-schema.test.ts,2026-09-06 17:28:05 +0000,2026-09-06 17:28:05 +0000,,Mpeg-2 Transport Stream,1 KB,1,/Users/pq/aikagan-web/.opencode/node_modules/zod/src/v4/classic/tests/standard-schema.test.ts,tests,/Users/pq/aikagan-web/.opencode/node_modules/zod/src/v4/classic/tests
string-formats.test.ts,2026-09-06 17:28:05 +0000,2026-09-06 17:28:05 +0000,,Mpeg-2 Transport Stream,4 KB,1,/Users/pq/aikagan-web/.opencode/node_modules/zod/src/v4/classic/tests/string-formats.test.ts,tests,/Users/pq/aikagan-web/.opencode/node_modules/zod/src/v4/classic/tests
string.test.ts,2026-09-06 17:28:05 +0000,2026-09-06 17:28:05 +0000,,Mpeg-2 Transport Stream,74 KB,1,/Users/pq/aikagan-web/.opencode/node_modules/zod/src/v4/classic/tests/string.test.ts,tests,/Users/pq/aikagan-web/.opencode/node_modules/zod/src/v4/classic/tests
stringbool.test.ts,2026-09-06 17:28:05 +0000,2026-09-06 17:28:05 +0000,,Mpeg-2 Transport Stream,4 KB,1,/Users/pq/aikagan-web/.opencode/node_modules/zod/src/v4/classic/tests/stringbool.test.ts,tests,/Users/pq/aikagan-web/.opencode/node_modules/zod/src/v4/classic/tests
template-literal.test.ts,2026-09-06 17:28:05 +0000,2026-09-06 17:28:05 +0000,,Mpeg-2 Transport Stream,35 KB,1,/Users/pq/aikagan-web/.opencode/node_modules/zod/src/v4/classic/tests/template-literal.test.ts,tests,/Users/pq/aikagan-web/.opencode/node_modules/zod/src/v4/classic/tests
to-json-schema.test.ts,2026-09-06 17:28:05 +0000,2026-09-06 17:28:05 +0000,,Mpeg-2 Transport Stream,68 KB,1,/Users/pq/aikagan-web/.opencode/node_modules/zod/src/v4/classic/tests/to-json-schema.test.ts,tests,/Users/pq/aikagan-web/.opencode/node_modules/zod/src/v4/classic/tests
transform.test.ts,2026-09-06 17:28:05 +0000,2026-09-06 17:28:05 +0000,,Mpeg-2 Transport Stream,8 KB,1,/Users/pq/aikagan-web/.opencode/node_modules/zod/src/v4/classic/tests/transform.test.ts,tests,/Users/pq/aikagan-web/.opencode/node_modules/zod/src/v4/classic/tests
tuple.test.ts,2026-09-06 17:28:05 +0000,2026-09-06 17:28:05 +0000,,Mpeg-2 Transport Stream,5 KB,1,/Users/pq/aikagan-web/.opencode/node_modules/zod/src/v4/classic/tests/tuple.test.ts,tests,/Users/pq/aikagan-web/.opencode/node_modules/zod/src/v4/classic/tests
union.test.ts,2026-09-06 17:28:05 +0000,2026-09-06 17:28:05 +0000,,Mpeg-2 Transport Stream,5 KB,1,/Users/pq/aikagan-web/.opencode/node_modules/zod/src/v4/classic/tests/union.test.ts,tests,/Users/pq/aikagan-web/.opencode/node_modules/zod/src/v4/classic/tests
validations.test.ts,2026-09-06 17:28:05 +0000,2026-09-06 17:28:05 +0000,,Mpeg-2 Transport Stream,7 KB,1,/Users/pq/aikagan-web/.opencode/node_modules/zod/src/v4/classic/tests/validations.test.ts,tests,/Users/pq/aikagan-web/.opencode/node_modules/zod/src/v4/classic/tests
void.test.ts,2026-09-06 17:28:05 +0000,2026-09-06 17:28:05 +0000,,Mpeg-2 Transport Stream,306 bytes,1,/Users/pq/aikagan-web/.opencode/node_modules/zod/src/v4/classic/tests/void.test.ts,tests,/Users/pq/aikagan-web/.opencode/node_modules/zod/src/v4/classic/tests
core,2026-09-06 17:28:05 +0000,2026-09-06 17:28:04 +0000,,Folder,18 bytes,0,/Users/pq/aikagan-web/.opencode/node_modules/zod/src/v4/core,v4,/Users/pq/aikagan-web/.opencode/node_modules/zod/src/v4/core
api.ts,2026-09-06 17:28:04 +0000,2026-09-06 17:28:04 +0000,,Mpeg-2 Transport Stream,49 KB,1,/Users/pq/aikagan-web/.opencode/node_modules/zod/src/v4/core/api.ts,core,/Users/pq/aikagan-web/.opencode/node_modules/zod/src/v4/core
checks.ts,2026-09-06 17:28:04 +0000,2026-09-06 17:28:04 +0000,,Mpeg-2 Transport Stream,37 KB,1,/Users/pq/aikagan-web/.opencode/node_modules/zod/src/v4/core/checks.ts,core,/Users/pq/aikagan-web/.opencode/node_modules/zod/src/v4/core
config.ts,2026-09-06 17:28:04 +0000,2026-09-06 17:28:04 +0000,,Mpeg-2 Transport Stream,472 bytes,1,/Users/pq/aikagan-web/.opencode/node_modules/zod/src/v4/core/config.ts,core,/Users/pq/aikagan-web/.opencode/node_modules/zod/src/v4/core
core.ts,2026-09-06 17:28:04 +0000,2026-09-06 17:28:04 +0000,,Mpeg-2 Transport Stream,4 KB,1,/Users/pq/aikagan-web/.opencode/node_modules/zod/src/v4/core/core.ts,core,/Users/pq/aikagan-web/.opencode/node_modules/zod/src/v4/core
doc.ts,2026-09-06 17:28:04 +0000,2026-09-06 17:28:04 +0000,,Mpeg-2 Transport Stream,1 KB,1,/Users/pq/aikagan-web/.opencode/node_modules/zod/src/v4/core/doc.ts,core,/Users/pq/aikagan-web/.opencode/node_modules/zod/src/v4/core
errors.ts,2026-09-06 17:28:04 +0000,2026-09-06 17:28:04 +0000,,Mpeg-2 Transport Stream,13 KB,1,/Users/pq/aikagan-web/.opencode/node_modules/zod/src/v4/core/errors.ts,core,/Users/pq/aikagan-web/.opencode/node_modules/zod/src/v4/core
index.ts,2026-09-06 17:28:05 +0000,2026-09-06 17:28:05 +0000,,Mpeg-2 Transport Stream,468 bytes,1,/Users/pq/aikagan-web/.opencode/node_modules/zod/src/v4/core/index.ts,core,/Users/pq/aikagan-web/.opencode/node_modules/zod/src/v4/core
json-schema.ts,2026-09-06 17:28:05 +0000,2026-09-06 17:28:05 +0000,,Mpeg-2 Transport Stream,4 KB,1,/Users/pq/aikagan-web/.opencode/node_modules/zod/src/v4/core/json-schema.ts,core,/Users/pq/aikagan-web/.opencode/node_modules/zod/src/v4/core
parse.ts,2026-09-06 17:28:05 +0000,2026-09-06 17:28:05 +0000,,Mpeg-2 Transport Stream,8 KB,1,/Users/pq/aikagan-web/.opencode/node_modules/zod/src/v4/core/parse.ts,core,/Users/pq/aikagan-web/.opencode/node_modules/zod/src/v4/core
regexes.ts,2026-09-06 17:28:05 +0000,2026-09-06 17:28:05 +0000,,Mpeg-2 Transport Stream,9 KB,1,/Users/pq/aikagan-web/.opencode/node_modules/zod/src/v4/core/regexes.ts,core,/Users/pq/aikagan-web/.opencode/node_modules/zod/src/v4/core
registries.ts,2026-09-06 17:28:05 +0000,2026-09-06 17:28:05 +0000,,Mpeg-2 Transport Stream,3 KB,1,/Users/pq/aikagan-web/.opencode/node_modules/zod/src/v4/core/registries.ts,core,/Users/pq/aikagan-web/.opencode/node_modules/zod/src/v4/core
schemas.ts,2026-09-06 17:28:05 +0000,2026-09-06 17:28:05 +0000,,Mpeg-2 Transport Stream,134 KB,1,/Users/pq/aikagan-web/.opencode/node_modules/zod/src/v4/core/schemas.ts,core,/Users/pq/aikagan-web/.opencode/node_modules/zod/src/v4/core
standard-schema.ts,2026-09-06 17:28:05 +0000,2026-09-06 17:28:05 +0000,,Mpeg-2 Transport Stream,2 KB,1,/Users/pq/aikagan-web/.opencode/node_modules/zod/src/v4/core/standard-schema.ts,core,/Users/pq/aikagan-web/.opencode/node_modules/zod/src/v4/core
to-json-schema.ts,2026-09-06 17:28:05 +0000,2026-09-06 17:28:05 +0000,,Mpeg-2 Transport Stream,35 KB,1,/Users/pq/aikagan-web/.opencode/node_modules/zod/src/v4/core/to-json-schema.ts,core,/Users/pq/aikagan-web/.opencode/node_modules/zod/src/v4/core
util.ts,2026-09-06 17:28:05 +0000,2026-09-06 17:28:05 +0000,,Mpeg-2 Transport Stream,27 KB,1,/Users/pq/aikagan-web/.opencode/node_modules/zod/src/v4/core/util.ts,core,/Users/pq/aikagan-web/.opencode/node_modules/zod/src/v4/core
versions.ts,2026-09-06 17:28:05 +0000,2026-09-06 17:28:05 +0000,,Mpeg-2 Transport Stream,83 bytes,1,/Users/pq/aikagan-web/.opencode/node_modules/zod/src/v4/core/versions.ts,core,/Users/pq/aikagan-web/.opencode/node_modules/zod/src/v4/core
zsf.ts,2026-09-06 17:28:05 +0000,2026-09-06 17:28:05 +0000,,Mpeg-2 Transport Stream,7 KB,1,/Users/pq/aikagan-web/.opencode/node_modules/zod/src/v4/core/zsf.ts,core,/Users/pq/aikagan-web/.opencode/node_modules/zod/src/v4/core
tests,2026-09-06 17:28:05 +0000,2026-09-06 17:28:04 +0000,,Folder,3 bytes,0,/Users/pq/aikagan-web/.opencode/node_modules/zod/src/v4/core/tests,core,/Users/pq/aikagan-web/.opencode/node_modules/zod/src/v4/core/tests
extend.test.ts,2026-09-06 17:28:04 +0000,2026-09-06 17:28:04 +0000,,Mpeg-2 Transport Stream,422 bytes,1,/Users/pq/aikagan-web/.opencode/node_modules/zod/src/v4/core/tests/extend.test.ts,tests,/Users/pq/aikagan-web/.opencode/node_modules/zod/src/v4/core/tests
index.test.ts,2026-09-06 17:28:05 +0000,2026-09-06 17:28:05 +0000,,Mpeg-2 Transport Stream,1 KB,1,/Users/pq/aikagan-web/.opencode/node_modules/zod/src/v4/core/tests/index.test.ts,tests,/Users/pq/aikagan-web/.opencode/node_modules/zod/src/v4/core/tests
locales,2026-09-06 17:28:05 +0000,2026-09-06 17:28:04 +0000,,Folder,5 bytes,0,/Users/pq/aikagan-web/.opencode/node_modules/zod/src/v4/core/tests/locales,tests,/Users/pq/aikagan-web/.opencode/node_modules/zod/src/v4/core/tests/locales
be.test.ts,2026-09-06 17:28:04 +0000,2026-09-06 17:28:04 +0000,,Mpeg-2 Transport Stream,4 KB,1,/Users/pq/aikagan-web/.opencode/node_modules/zod/src/v4/core/tests/locales/be.test.ts,locales,/Users/pq/aikagan-web/.opencode/node_modules/zod/src/v4/core/tests/locales
en.test.ts,2026-09-06 17:28:04 +0000,2026-09-06 17:28:04 +0000,,Mpeg-2 Transport Stream,837 bytes,1,/Users/pq/aikagan-web/.opencode/node_modules/zod/src/v4/core/tests/locales/en.test.ts,locales,/Users/pq/aikagan-web/.opencode/node_modules/zod/src/v4/core/tests/locales
es.test.ts,2026-09-06 17:28:04 +0000,2026-09-06 17:28:04 +0000,,Mpeg-2 Transport Stream,7 KB,1,/Users/pq/aikagan-web/.opencode/node_modules/zod/src/v4/core/tests/locales/es.test.ts,locales,/Users/pq/aikagan-web/.opencode/node_modules/zod/src/v4/core/tests/locales
ru.test.ts,2026-09-06 17:28:05 +0000,2026-09-06 17:28:05 +0000,,Mpeg-2 Transport Stream,4 KB,1,/Users/pq/aikagan-web/.opencode/node_modules/zod/src/v4/core/tests/locales/ru.test.ts,locales,/Users/pq/aikagan-web/.opencode/node_modules/zod/src/v4/core/tests/locales
tr.test.ts,2026-09-06 17:28:05 +0000,2026-09-06 17:28:05 +0000,,Mpeg-2 Transport Stream,3 KB,1,/Users/pq/aikagan-web/.opencode/node_modules/zod/src/v4/core/tests/locales/tr.test.ts,locales,/Users/pq/aikagan-web/.opencode/node_modules/zod/src/v4/core/tests/locales
locales,2026-09-06 17:28:05 +0000,2026-09-06 17:28:04 +0000,,Folder,48 bytes,0,/Users/pq/aikagan-web/.opencode/node_modules/zod/src/v4/locales,v4,/Users/pq/aikagan-web/.opencode/node_modules/zod/src/v4/locales
ar.ts,2026-09-06 17:28:04 +0000,2026-09-06 17:28:04 +0000,,Mpeg-2 Transport Stream,5 KB,1,/Users/pq/aikagan-web/.opencode/node_modules/zod/src/v4/locales/ar.ts,locales,/Users/pq/aikagan-web/.opencode/node_modules/zod/src/v4/locales
az.ts,2026-09-06 17:28:04 +0000,2026-09-06 17:28:04 +0000,,Mpeg-2 Transport Stream,4 KB,1,/Users/pq/aikagan-web/.opencode/node_modules/zod/src/v4/locales/az.ts,locales,/Users/pq/aikagan-web/.opencode/node_modules/zod/src/v4/locales
be.ts,2026-09-06 17:28:04 +0000,2026-09-06 17:28:04 +0000,,Mpeg-2 Transport Stream,6 KB,1,/Users/pq/aikagan-web/.opencode/node_modules/zod/src/v4/locales/be.ts,locales,/Users/pq/aikagan-web/.opencode/node_modules/zod/src/v4/locales
bg.ts,2026-09-06 17:28:04 +0000,2026-09-06 17:28:04 +0000,,Mpeg-2 Transport Stream,5 KB,1,/Users/pq/aikagan-web/.opencode/node_modules/zod/src/v4/locales/bg.ts,locales,/Users/pq/aikagan-web/.opencode/node_modules/zod/src/v4/locales
ca.ts,2026-09-06 17:28:04 +0000,2026-09-06 17:28:04 +0000,,Mpeg-2 Transport Stream,5 KB,1,/Users/pq/aikagan-web/.opencode/node_modules/zod/src/v4/locales/ca.ts,locales,/Users/pq/aikagan-web/.opencode/node_modules/zod/src/v4/locales
cs.ts,2026-09-06 17:28:04 +0000,2026-09-06 17:28:04 +0000,,Mpeg-2 Transport Stream,5 KB,1,/Users/pq/aikagan-web/.opencode/node_modules/zod/src/v4/locales/cs.ts,locales,/Users/pq/aikagan-web/.opencode/node_modules/zod/src/v4/locales
da.ts,2026-09-06 17:28:04 +0000,2026-09-06 17:28:04 +0000,,Mpeg-2 Transport Stream,5 KB,1,/Users/pq/aikagan-web/.opencode/node_modules/zod/src/v4/locales/da.ts,locales,/Users/pq/aikagan-web/.opencode/node_modules/zod/src/v4/locales
de.ts,2026-09-06 17:28:04 +0000,2026-09-06 17:28:04 +0000,,Mpeg-2 Transport Stream,4 KB,1,/Users/pq/aikagan-web/.opencode/node_modules/zod/src/v4/locales/de.ts,locales,/Users/pq/aikagan-web/.opencode/node_modules/zod/src/v4/locales
en.ts,2026-09-06 17:28:04 +0000,2026-09-06 17:28:04 +0000,,Mpeg-2 Transport Stream,4 KB,1,/Users/pq/aikagan-web/.opencode/node_modules/zod/src/v4/locales/en.ts,locales,/Users/pq/aikagan-web/.opencode/node_modules/zod/src/v4/locales
eo.ts,2026-09-06 17:28:04 +0000,2026-09-06 17:28:04 +0000,,Mpeg-2 Transport Stream,4 KB,1,/Users/pq/aikagan-web/.opencode/node_modules/zod/src/v4/locales/eo.ts,locales,/Users/pq/aikagan-web/.opencode/node_modules/zod/src/v4/locales
es.ts,2026-09-06 17:28:04 +0000,2026-09-06 17:28:04 +0000,,Mpeg-2 Transport Stream,5 KB,1,/Users/pq/aikagan-web/.opencode/node_modules/zod/src/v4/locales/es.ts,locales,/Users/pq/aikagan-web/.opencode/node_modules/zod/src/v4/locales
fa.ts,2026-09-06 17:28:04 +0000,2026-09-06 17:28:04 +0000,,Mpeg-2 Transport Stream,5 KB,1,/Users/pq/aikagan-web/.opencode/node_modules/zod/src/v4/locales/fa.ts,locales,/Users/pq/aikagan-web/.opencode/node_modules/zod/src/v4/locales
fi.ts,2026-09-06 17:28:04 +0000,2026-09-06 17:28:04 +0000,,Mpeg-2 Transport Stream,5 KB,1,/Users/pq/aikagan-web/.opencode/node_modules/zod/src/v4/locales/fi.ts,locales,/Users/pq/aikagan-web/.opencode/node_modules/zod/src/v4/locales
fr-CA.ts,2026-09-06 17:28:04 +0000,2026-09-06 17:28:04 +0000,,Mpeg-2 Transport Stream,4 KB,1,/Users/pq/aikagan-web/.opencode/node_modules/zod/src/v4/locales/fr-CA.ts,locales,/Users/pq/aikagan-web/.opencode/node_modules/zod/src/v4/locales
fr.ts,2026-09-06 17:28:04 +0000,2026-09-06 17:28:04 +0000,,Mpeg-2 Transport Stream,4 KB,1,/Users/pq/aikagan-web/.opencode/node_modules/zod/src/v4/locales/fr.ts,locales,/Users/pq/aikagan-web/.opencode/node_modules/zod/src/v4/locales
he.ts,2026-09-06 17:28:05 +0000,2026-09-06 17:28:05 +0000,,Mpeg-2 Transport Stream,5 KB,1,/Users/pq/aikagan-web/.opencode/node_modules/zod/src/v4/locales/he.ts,locales,/Users/pq/aikagan-web/.opencode/node_modules/zod/src/v4/locales
hu.ts,2026-09-06 17:28:05 +0000,2026-09-06 17:28:05 +0000,,Mpeg-2 Transport Stream,5 KB,1,/Users/pq/aikagan-web/.opencode/node_modules/zod/src/v4/locales/hu.ts,locales,/Users/pq/aikagan-web/.opencode/node_modules/zod/src/v4/locales
id.ts,2026-09-06 17:28:05 +0000,2026-09-06 17:28:05 +0000,,Mpeg-2 Transport Stream,4 KB,1,/Users/pq/aikagan-web/.opencode/node_modules/zod/src/v4/locales/id.ts,locales,/Users/pq/aikagan-web/.opencode/node_modules/zod/src/v4/locales
index.ts,2026-09-06 17:28:05 +0000,2026-09-06 17:28:05 +0000,,Mpeg-2 Transport Stream,2 KB,1,/Users/pq/aikagan-web/.opencode/node_modules/zod/src/v4/locales/index.ts,locales,/Users/pq/aikagan-web/.opencode/node_modules/zod/src/v4/locales
is.ts,2026-09-06 17:28:05 +0000,2026-09-06 17:28:05 +0000,,Mpeg-2 Transport Stream,4 KB,1,/Users/pq/aikagan-web/.opencode/node_modules/zod/src/v4/locales/is.ts,locales,/Users/pq/aikagan-web/.opencode/node_modules/zod/src/v4/locales
it.ts,2026-09-06 17:28:05 +0000,2026-09-06 17:28:05 +0000,,Mpeg-2 Transport Stream,4 KB,1,/Users/pq/aikagan-web/.opencode/node_modules/zod/src/v4/locales/it.ts,locales,/Users/pq/aikagan-web/.opencode/node_modules/zod/src/v4/locales
ja.ts,2026-09-06 17:28:05 +0000,2026-09-06 17:28:05 +0000,,Mpeg-2 Transport Stream,5 KB,1,/Users/pq/aikagan-web/.opencode/node_modules/zod/src/v4/locales/ja.ts,locales,/Users/pq/aikagan-web/.opencode/node_modules/zod/src/v4/locales
ka.ts,2026-09-06 17:28:05 +0000,2026-09-06 17:28:05 +0000,,Mpeg-2 Transport Stream,6 KB,1,/Users/pq/aikagan-web/.opencode/node_modules/zod/src/v4/locales/ka.ts,locales,/Users/pq/aikagan-web/.opencode/node_modules/zod/src/v4/locales
kh.ts,2026-09-06 17:28:05 +0000,2026-09-06 17:28:05 +0000,,Mpeg-2 Transport Stream,198 bytes,1,/Users/pq/aikagan-web/.opencode/node_modules/zod/src/v4/locales/kh.ts,locales,/Users/pq/aikagan-web/.opencode/node_modules/zod/src/v4/locales
km.ts,2026-09-06 17:28:05 +0000,2026-09-06 17:28:05 +0000,,Mpeg-2 Transport Stream,6 KB,1,/Users/pq/aikagan-web/.opencode/node_modules/zod/src/v4/locales/km.ts,locales,/Users/pq/aikagan-web/.opencode/node_modules/zod/src/v4/locales
ko.ts,2026-09-06 17:28:05 +0000,2026-09-06 17:28:05 +0000,,Mpeg-2 Transport Stream,5 KB,1,/Users/pq/aikagan-web/.opencode/node_modules/zod/src/v4/locales/ko.ts,locales,/Users/pq/aikagan-web/.opencode/node_modules/zod/src/v4/locales
lt.ts,2026-09-06 17:28:05 +0000,2026-09-06 17:28:05 +0000,,Mpeg-2 Transport Stream,8 KB,1,/Users/pq/aikagan-web/.opencode/node_modules/zod/src/v4/locales/lt.ts,locales,/Users/pq/aikagan-web/.opencode/node_modules/zod/src/v4/locales
mk.ts,2026-09-06 17:28:05 +0000,2026-09-06 17:28:05 +0000,,Mpeg-2 Transport Stream,5 KB,1,/Users/pq/aikagan-web/.opencode/node_modules/zod/src/v4/locales/mk.ts,locales,/Users/pq/aikagan-web/.opencode/node_modules/zod/src/v4/locales
ms.ts,2026-09-06 17:28:05 +0000,2026-09-06 17:28:05 +0000,,Mpeg-2 Transport Stream,4 KB,1,/Users/pq/aikagan-web/.opencode/node_modules/zod/src/v4/locales/ms.ts,locales,/Users/pq/aikagan-web/.opencode/node_modules/zod/src/v4/locales
nl.ts,2026-09-06 17:28:05 +0000,2026-09-06 17:28:05 +0000,,Mpeg-2 Transport Stream,4 KB,1,/Users/pq/aikagan-web/.opencode/node_modules/zod/src/v4/locales/nl.ts,locales,/Users/pq/aikagan-web/.opencode/node_modules/zod/src/v4/locales
no.ts,2026-09-06 17:28:05 +0000,2026-09-06 17:28:05 +0000,,Mpeg-2 Transport Stream,4 KB,1,/Users/pq/aikagan-web/.opencode/node_modules/zod/src/v4/locales/no.ts,locales,/Users/pq/aikagan-web/.opencode/node_modules/zod/src/v4/locales
ota.ts,2026-09-06 17:28:05 +0000,2026-09-06 17:28:05 +0000,,Mpeg-2 Transport Stream,4 KB,1,/Users/pq/aikagan-web/.opencode/node_modules/zod/src/v4/locales/ota.ts,locales,/Users/pq/aikagan-web/.opencode/node_modules/zod/src/v4/locales
pl.ts,2026-09-06 17:28:05 +0000,2026-09-06 17:28:05 +0000,,Mpeg-2 Transport Stream,5 KB,1,/Users/pq/aikagan-web/.opencode/node_modules/zod/src/v4/locales/pl.ts,locales,/Users/pq/aikagan-web/.opencode/node_modules/zod/src/v4/locales
ps.ts,2026-09-06 17:28:05 +0000,2026-09-06 17:28:05 +0000,,Mpeg-2 Transport Stream,5 KB,1,/Users/pq/aikagan-web/.opencode/node_modules/zod/src/v4/locales/ps.ts,locales,/Users/pq/aikagan-web/.opencode/node_modules/zod/src/v4/locales
pt.ts,2026-09-06 17:28:05 +0000,2026-09-06 17:28:05 +0000,,Mpeg-2 Transport Stream,4 KB,1,/Users/pq/aikagan-web/.opencode/node_modules/zod/src/v4/locales/pt.ts,locales,/Users/pq/aikagan-web/.opencode/node_modules/zod/src/v4/locales
ru.ts,2026-09-06 17:28:05 +0000,2026-09-06 17:28:05 +0000,,Mpeg-2 Transport Stream,6 KB,1,/Users/pq/aikagan-web/.opencode/node_modules/zod/src/v4/locales/ru.ts,locales,/Users/pq/aikagan-web/.opencode/node_modules/zod/src/v4/locales
sl.ts,2026-09-06 17:28:05 +0000,2026-09-06 17:28:05 +0000,,Mpeg-2 Transport Stream,4 KB,1,/Users/pq/aikagan-web/.opencode/node_modules/zod/src/v4/locales/sl.ts,locales,/Users/pq/aikagan-web/.opencode/node_modules/zod/src/v4/locales
sv.ts,2026-09-06 17:28:05 +0000,2026-09-06 17:28:05 +0000,,Mpeg-2 Transport Stream,4 KB,1,/Users/pq/aikagan-web/.opencode/node_modules/zod/src/v4/locales/sv.ts,locales,/Users/pq/aikagan-web/.opencode/node_modules/zod/src/v4/locales
ta.ts,2026-09-06 17:28:05 +0000,2026-09-06 17:28:05 +0000,,Mpeg-2 Transport Stream,6 KB,1,/Users/pq/aikagan-web/.opencode/node_modules/zod/src/v4/locales/ta.ts,locales,/Users/pq/aikagan-web/.opencode/node_modules/zod/src/v4/locales
th.ts,2026-09-06 17:28:05 +0000,2026-09-06 17:28:05 +0000,,Mpeg-2 Transport Stream,6 KB,1,/Users/pq/aikagan-web/.opencode/node_modules/zod/src/v4/locales/th.ts,locales,/Users/pq/aikagan-web/.opencode/node_modules/zod/src/v4/locales
tr.ts,2026-09-06 17:28:05 +0000,2026-09-06 17:28:05 +0000,,Mpeg-2 Transport Stream,4 KB,1,/Users/pq/aikagan-web/.opencode/node_modules/zod/src/v4/locales/tr.ts,locales,/Users/pq/aikagan-web/.opencode/node_modules/zod/src/v4/locales
ua.ts,2026-09-06 17:28:05 +0000,2026-09-06 17:28:05 +0000,,Mpeg-2 Transport Stream,198 bytes,1,/Users/pq/aikagan-web/.opencode/node_modules/zod/src/v4/locales/ua.ts,locales,/Users/pq/aikagan-web/.opencode/node_modules/zod/src/v4/locales
uk.ts,2026-09-06 17:28:05 +0000,2026-09-06 17:28:05 +0000,,Mpeg-2 Transport Stream,5 KB,1,/Users/pq/aikagan-web/.opencode/node_modules/zod/src/v4/locales/uk.ts,locales,/Users/pq/aikagan-web/.opencode/node_modules/zod/src/v4/locales
ur.ts,2026-09-06 17:28:05 +0000,2026-09-06 17:28:05 +0000,,Mpeg-2 Transport Stream,5 KB,1,/Users/pq/aikagan-web/.opencode/node_modules/zod/src/v4/locales/ur.ts,locales,/Users/pq/aikagan-web/.opencode/node_modules/zod/src/v4/locales
vi.ts,2026-09-06 17:28:05 +0000,2026-09-06 17:28:05 +0000,,Mpeg-2 Transport Stream,5 KB,1,/Users/pq/aikagan-web/.opencode/node_modules/zod/src/v4/locales/vi.ts,locales,/Users/pq/aikagan-web/.opencode/node_modules/zod/src/v4/locales
yo.ts,2026-09-06 17:28:05 +0000,2026-09-06 17:28:05 +0000,,Mpeg-2 Transport Stream,4 KB,1,/Users/pq/aikagan-web/.opencode/node_modules/zod/src/v4/locales/yo.ts,locales,/Users/pq/aikagan-web/.opencode/node_modules/zod/src/v4/locales
zh-CN.ts,2026-09-06 17:28:05 +0000,2026-09-06 17:28:05 +0000,,Mpeg-2 Transport Stream,4 KB,1,/Users/pq/aikagan-web/.opencode/node_modules/zod/src/v4/locales/zh-CN.ts,locales,/Users/pq/aikagan-web/.opencode/node_modules/zod/src/v4/locales
zh-TW.ts,2026-09-06 17:28:05 +0000,2026-09-06 17:28:05 +0000,,Mpeg-2 Transport Stream,4 KB,1,/Users/pq/aikagan-web/.opencode/node_modules/zod/src/v4/locales/zh-TW.ts,locales,/Users/pq/aikagan-web/.opencode/node_modules/zod/src/v4/locales
mini,2026-09-06 17:28:05 +0000,2026-09-06 17:28:04 +0000,,Folder,8 bytes,0,/Users/pq/aikagan-web/.opencode/node_modules/zod/src/v4/mini,v4,/Users/pq/aikagan-web/.opencode/node_modules/zod/src/v4/mini
checks.ts,2026-09-06 17:28:04 +0000,2026-09-06 17:28:04 +0000,,Mpeg-2 Transport Stream,736 bytes,1,/Users/pq/aikagan-web/.opencode/node_modules/zod/src/v4/mini/checks.ts,mini,/Users/pq/aikagan-web/.opencode/node_modules/zod/src/v4/mini
coerce.ts,2026-09-06 17:28:04 +0000,2026-09-06 17:28:04 +0000,,Mpeg-2 Transport Stream,1 KB,1,/Users/pq/aikagan-web/.opencode/node_modules/zod/src/v4/mini/coerce.ts,mini,/Users/pq/aikagan-web/.opencode/node_modules/zod/src/v4/mini
external.ts,2026-09-06 17:28:04 +0000,2026-09-06 17:28:04 +0000,,Mpeg-2 Transport Stream,762 bytes,1,/Users/pq/aikagan-web/.opencode/node_modules/zod/src/v4/mini/external.ts,mini,/Users/pq/aikagan-web/.opencode/node_modules/zod/src/v4/mini
index.ts,2026-09-06 17:28:05 +0000,2026-09-06 17:28:05 +0000,,Mpeg-2 Transport Stream,81 bytes,1,/Users/pq/aikagan-web/.opencode/node_modules/zod/src/v4/mini/index.ts,mini,/Users/pq/aikagan-web/.opencode/node_modules/zod/src/v4/mini
iso.ts,2026-09-06 17:28:05 +0000,2026-09-06 17:28:05 +0000,,Mpeg-2 Transport Stream,2 KB,1,/Users/pq/aikagan-web/.opencode/node_modules/zod/src/v4/mini/iso.ts,mini,/Users/pq/aikagan-web/.opencode/node_modules/zod/src/v4/mini
parse.ts,2026-09-06 17:28:05 +0000,2026-09-06 17:28:05 +0000,,Mpeg-2 Transport Stream,206 bytes,1,/Users/pq/aikagan-web/.opencode/node_modules/zod/src/v4/mini/parse.ts,mini,/Users/pq/aikagan-web/.opencode/node_modules/zod/src/v4/mini
schemas.ts,2026-09-06 17:28:05 +0000,2026-09-06 17:28:05 +0000,,Mpeg-2 Transport Stream,55 KB,1,/Users/pq/aikagan-web/.opencode/node_modules/zod/src/v4/mini/schemas.ts,mini,/Users/pq/aikagan-web/.opencode/node_modules/zod/src/v4/mini
tests,2026-09-06 17:28:05 +0000,2026-09-06 17:28:04 +0000,,Folder,13 bytes,0,/Users/pq/aikagan-web/.opencode/node_modules/zod/src/v4/mini/tests,mini,/Users/pq/aikagan-web/.opencode/node_modules/zod/src/v4/mini/tests
assignability.test.ts,2026-09-06 17:28:04 +0000,2026-09-06 17:28:04 +0000,,Mpeg-2 Transport Stream,3 KB,1,/Users/pq/aikagan-web/.opencode/node_modules/zod/src/v4/mini/tests/assignability.test.ts,tests,/Users/pq/aikagan-web/.opencode/node_modules/zod/src/v4/mini/tests
brand.test.ts,2026-09-06 17:28:04 +0000,2026-09-06 17:28:04 +0000,,Mpeg-2 Transport Stream,2 KB,1,/Users/pq/aikagan-web/.opencode/node_modules/zod/src/v4/mini/tests/brand.test.ts,tests,/Users/pq/aikagan-web/.opencode/node_modules/zod/src/v4/mini/tests
checks.test.ts,2026-09-06 17:28:04 +0000,2026-09-06 17:28:04 +0000,,Mpeg-2 Transport Stream,4 KB,1,/Users/pq/aikagan-web/.opencode/node_modules/zod/src/v4/mini/tests/checks.test.ts,tests,/Users/pq/aikagan-web/.opencode/node_modules/zod/src/v4/mini/tests
codec.test.ts,2026-09-06 17:28:04 +0000,2026-09-06 17:28:04 +0000,,Mpeg-2 Transport Stream,18 KB,1,/Users/pq/aikagan-web/.opencode/node_modules/zod/src/v4/mini/tests/codec.test.ts,tests,/Users/pq/aikagan-web/.opencode/node_modules/zod/src/v4/mini/tests
computed.test.ts,2026-09-06 17:28:04 +0000,2026-09-06 17:28:04 +0000,,Mpeg-2 Transport Stream,1 KB,1,/Users/pq/aikagan-web/.opencode/node_modules/zod/src/v4/mini/tests/computed.test.ts,tests,/Users/pq/aikagan-web/.opencode/node_modules/zod/src/v4/mini/tests
error.test.ts,2026-09-06 17:28:04 +0000,2026-09-06 17:28:04 +0000,,Mpeg-2 Transport Stream,641 bytes,1,/Users/pq/aikagan-web/.opencode/node_modules/zod/src/v4/mini/tests/error.test.ts,tests,/Users/pq/aikagan-web/.opencode/node_modules/zod/src/v4/mini/tests
functions.test.ts,2026-09-06 17:28:04 +0000,2026-09-06 17:28:04 +0000,,Mpeg-2 Transport Stream,1 KB,1,/Users/pq/aikagan-web/.opencode/node_modules/zod/src/v4/mini/tests/functions.test.ts,tests,/Users/pq/aikagan-web/.opencode/node_modules/zod/src/v4/mini/tests
index.test.ts,2026-09-06 17:28:05 +0000,2026-09-06 17:28:05 +0000,,Mpeg-2 Transport Stream,30 KB,1,/Users/pq/aikagan-web/.opencode/node_modules/zod/src/v4/mini/tests/index.test.ts,tests,/Users/pq/aikagan-web/.opencode/node_modules/zod/src/v4/mini/tests
number.test.ts,2026-09-06 17:28:05 +0000,2026-09-06 17:28:05 +0000,,Mpeg-2 Transport Stream,4 KB,1,/Users/pq/aikagan-web/.opencode/node_modules/zod/src/v4/mini/tests/number.test.ts,tests,/Users/pq/aikagan-web/.opencode/node_modules/zod/src/v4/mini/tests
object.test.ts,2026-09-06 17:28:05 +0000,2026-09-06 17:28:05 +0000,,Mpeg-2 Transport Stream,6 KB,1,/Users/pq/aikagan-web/.opencode/node_modules/zod/src/v4/mini/tests/object.test.ts,tests,/Users/pq/aikagan-web/.opencode/node_modules/zod/src/v4/mini/tests
prototypes.test.ts,2026-09-06 17:28:05 +0000,2026-09-06 17:28:05 +0000,,Mpeg-2 Transport Stream,867 bytes,1,/Users/pq/aikagan-web/.opencode/node_modules/zod/src/v4/mini/tests/prototypes.test.ts,tests,/Users/pq/aikagan-web/.opencode/node_modules/zod/src/v4/mini/tests
recursive-types.test.ts,2026-09-06 17:28:05 +0000,2026-09-06 17:28:05 +0000,,Mpeg-2 Transport Stream,6 KB,1,/Users/pq/aikagan-web/.opencode/node_modules/zod/src/v4/mini/tests/recursive-types.test.ts,tests,/Users/pq/aikagan-web/.opencode/node_modules/zod/src/v4/mini/tests
string.test.ts,2026-09-06 17:28:05 +0000,2026-09-06 17:28:05 +0000,,Mpeg-2 Transport Stream,12 KB,1,/Users/pq/aikagan-web/.opencode/node_modules/zod/src/v4/mini/tests/string.test.ts,tests,/Users/pq/aikagan-web/.opencode/node_modules/zod/src/v4/mini/tests
v3,2026-09-06 17:28:05 +0000,2026-09-06 17:28:04 +0000,,Folder,27 bytes,0,/Users/pq/aikagan-web/.opencode/node_modules/zod/v3,zod,/Users/pq/aikagan-web/.opencode/node_modules/zod/v3
ZodError.cjs,2026-09-06 17:28:04 +0000,2026-09-06 17:28:04 +0000,,Source Code Document,5 KB,1,/Users/pq/aikagan-web/.opencode/node_modules/zod/v3/ZodError.cjs,v3,/Users/pq/aikagan-web/.opencode/node_modules/zod/v3
ZodError.d.cts,2026-09-06 17:28:04 +0000,2026-09-06 17:28:04 +0000,,,6 KB,1,/Users/pq/aikagan-web/.opencode/node_modules/zod/v3/ZodError.d.cts,v3,/Users/pq/aikagan-web/.opencode/node_modules/zod/v3
ZodError.d.ts,2026-09-06 17:28:05 +0000,2026-09-06 17:28:05 +0000,,Mpeg-2 Transport Stream,6 KB,1,/Users/pq/aikagan-web/.opencode/node_modules/zod/v3/ZodError.d.ts,v3,/Users/pq/aikagan-web/.opencode/node_modules/zod/v3
ZodError.js,2026-09-06 17:28:04 +0000,2026-09-06 17:28:04 +0000,,Javascript,4 KB,1,/Users/pq/aikagan-web/.opencode/node_modules/zod/v3/ZodError.js,v3,/Users/pq/aikagan-web/.opencode/node_modules/zod/v3
errors.cjs,2026-09-06 17:28:04 +0000,2026-09-06 17:28:04 +0000,,Source Code Document,579 bytes,1,/Users/pq/aikagan-web/.opencode/node_modules/zod/v3/errors.cjs,v3,/Users/pq/aikagan-web/.opencode/node_modules/zod/v3
errors.d.cts,2026-09-06 17:28:04 +0000,2026-09-06 17:28:04 +0000,,,240 bytes,1,/Users/pq/aikagan-web/.opencode/node_modules/zod/v3/errors.d.cts,v3,/Users/pq/aikagan-web/.opencode/node_modules/zod/v3
errors.d.ts,2026-09-06 17:28:04 +0000,2026-09-06 17:28:04 +0000,,Mpeg-2 Transport Stream,238 bytes,1,/Users/pq/aikagan-web/.opencode/node_modules/zod/v3/errors.d.ts,v3,/Users/pq/aikagan-web/.opencode/node_modules/zod/v3
errors.js,2026-09-06 17:28:04 +0000,2026-09-06 17:28:04 +0000,,Javascript,243 bytes,1,/Users/pq/aikagan-web/.opencode/node_modules/zod/v3/errors.js,v3,/Users/pq/aikagan-web/.opencode/node_modules/zod/v3
external.cjs,2026-09-06 17:28:04 +0000,2026-09-06 17:28:04 +0000,,Source Code Document,1 KB,1,/Users/pq/aikagan-web/.opencode/node_modules/zod/v3/external.cjs,v3,/Users/pq/aikagan-web/.opencode/node_modules/zod/v3
external.d.cts,2026-09-06 17:28:04 +0000,2026-09-06 17:28:04 +0000,,,211 bytes,1,/Users/pq/aikagan-web/.opencode/node_modules/zod/v3/external.d.cts,v3,/Users/pq/aikagan-web/.opencode/node_modules/zod/v3
external.d.ts,2026-09-06 17:28:04 +0000,2026-09-06 17:28:04 +0000,,Mpeg-2 Transport Stream,205 bytes,1,/Users/pq/aikagan-web/.opencode/node_modules/zod/v3/external.d.ts,v3,/Users/pq/aikagan-web/.opencode/node_modules/zod/v3
external.js,2026-09-06 17:28:04 +0000,2026-09-06 17:28:04 +0000,,Javascript,205 bytes,1,/Users/pq/aikagan-web/.opencode/node_modules/zod/v3/external.js,v3,/Users/pq/aikagan-web/.opencode/node_modules/zod/v3
index.cjs,2026-09-06 17:28:04 +0000,2026-09-06 17:28:04 +0000,,Source Code Document,1 KB,1,/Users/pq/aikagan-web/.opencode/node_modules/zod/v3/index.cjs,v3,/Users/pq/aikagan-web/.opencode/node_modules/zod/v3
index.d.cts,2026-09-06 17:28:04 +0000,2026-09-06 17:28:04 +0000,,,101 bytes,1,/Users/pq/aikagan-web/.opencode/node_modules/zod/v3/index.d.cts,v3,/Users/pq/aikagan-web/.opencode/node_modules/zod/v3
index.d.ts,2026-09-06 17:28:05 +0000,2026-09-06 17:28:05 +0000,,Mpeg-2 Transport Stream,99 bytes,1,/Users/pq/aikagan-web/.opencode/node_modules/zod/v3/index.d.ts,v3,/Users/pq/aikagan-web/.opencode/node_modules/zod/v3
index.js,2026-09-06 17:28:04 +0000,2026-09-06 17:28:04 +0000,,Javascript,99 bytes,1,/Users/pq/aikagan-web/.opencode/node_modules/zod/v3/index.js,v3,/Users/pq/aikagan-web/.opencode/node_modules/zod/v3
package.json,2026-09-06 17:28:04 +0000,2026-09-06 17:28:04 +0000,,Json,104 bytes,1,/Users/pq/aikagan-web/.opencode/node_modules/zod/v3/package.json,v3,/Users/pq/aikagan-web/.opencode/node_modules/zod/v3
standard-schema.cjs,2026-09-06 17:28:04 +0000,2026-09-06 17:28:04 +0000,,Source Code Document,77 bytes,1,/Users/pq/aikagan-web/.opencode/node_modules/zod/v3/standard-schema.cjs,v3,/Users/pq/aikagan-web/.opencode/node_modules/zod/v3
standard-schema.d.cts,2026-09-06 17:28:04 +0000,2026-09-06 17:28:04 +0000,,,3 KB,1,/Users/pq/aikagan-web/.opencode/node_modules/zod/v3/standard-schema.d.cts,v3,/Users/pq/aikagan-web/.opencode/node_modules/zod/v3
standard-schema.d.ts,2026-09-06 17:28:05 +0000,2026-09-06 17:28:05 +0000,,Mpeg-2 Transport Stream,3 KB,1,/Users/pq/aikagan-web/.opencode/node_modules/zod/v3/standard-schema.d.ts,v3,/Users/pq/aikagan-web/.opencode/node_modules/zod/v3
standard-schema.js,2026-09-06 17:28:04 +0000,2026-09-06 17:28:04 +0000,,Javascript,11 bytes,1,/Users/pq/aikagan-web/.opencode/node_modules/zod/v3/standard-schema.js,v3,/Users/pq/aikagan-web/.opencode/node_modules/zod/v3
types.cjs,2026-09-06 17:28:04 +0000,2026-09-06 17:28:04 +0000,,Source Code Document,140 KB,1,/Users/pq/aikagan-web/.opencode/node_modules/zod/v3/types.cjs,v3,/Users/pq/aikagan-web/.opencode/node_modules/zod/v3
types.d.cts,2026-09-06 17:28:04 +0000,2026-09-06 17:28:04 +0000,,,52 KB,1,/Users/pq/aikagan-web/.opencode/node_modules/zod/v3/types.d.cts,v3,/Users/pq/aikagan-web/.opencode/node_modules/zod/v3
types.d.ts,2026-09-06 17:28:05 +0000,2026-09-06 17:28:05 +0000,,Mpeg-2 Transport Stream,52 KB,1,/Users/pq/aikagan-web/.opencode/node_modules/zod/v3/types.d.ts,v3,/Users/pq/aikagan-web/.opencode/node_modules/zod/v3
types.js,2026-09-06 17:28:04 +0000,2026-09-06 17:28:04 +0000,,Javascript,131 KB,1,/Users/pq/aikagan-web/.opencode/node_modules/zod/v3/types.js,v3,/Users/pq/aikagan-web/.opencode/node_modules/zod/v3
helpers,2026-09-06 17:28:05 +0000,2026-09-06 17:28:04 +0000,,Folder,24 bytes,0,/Users/pq/aikagan-web/.opencode/node_modules/zod/v3/helpers,v3,/Users/pq/aikagan-web/.opencode/node_modules/zod/v3/helpers
enumUtil.cjs,2026-09-06 17:28:04 +0000,2026-09-06 17:28:04 +0000,,Source Code Document,77 bytes,1,/Users/pq/aikagan-web/.opencode/node_modules/zod/v3/helpers/enumUtil.cjs,helpers,/Users/pq/aikagan-web/.opencode/node_modules/zod/v3/helpers
enumUtil.d.cts,2026-09-06 17:28:04 +0000,2026-09-06 17:28:04 +0000,,,609 bytes,1,/Users/pq/aikagan-web/.opencode/node_modules/zod/v3/helpers/enumUtil.d.cts,helpers,/Users/pq/aikagan-web/.opencode/node_modules/zod/v3/helpers
enumUtil.d.ts,2026-09-06 17:28:04 +0000,2026-09-06 17:28:04 +0000,,Mpeg-2 Transport Stream,609 bytes,1,/Users/pq/aikagan-web/.opencode/node_modules/zod/v3/helpers/enumUtil.d.ts,helpers,/Users/pq/aikagan-web/.opencode/node_modules/zod/v3/helpers
enumUtil.js,2026-09-06 17:28:04 +0000,2026-09-06 17:28:04 +0000,,Javascript,11 bytes,1,/Users/pq/aikagan-web/.opencode/node_modules/zod/v3/helpers/enumUtil.js,helpers,/Users/pq/aikagan-web/.opencode/node_modules/zod/v3/helpers
errorUtil.cjs,2026-09-06 17:28:04 +0000,2026-09-06 17:28:04 +0000,,Source Code Document,418 bytes,1,/Users/pq/aikagan-web/.opencode/node_modules/zod/v3/helpers/errorUtil.cjs,helpers,/Users/pq/aikagan-web/.opencode/node_modules/zod/v3/helpers
errorUtil.d.cts,2026-09-06 17:28:04 +0000,2026-09-06 17:28:04 +0000,,,276 bytes,1,/Users/pq/aikagan-web/.opencode/node_modules/zod/v3/helpers/errorUtil.d.cts,helpers,/Users/pq/aikagan-web/.opencode/node_modules/zod/v3/helpers
errorUtil.d.ts,2026-09-06 17:28:04 +0000,2026-09-06 17:28:04 +0000,,Mpeg-2 Transport Stream,276 bytes,1,/Users/pq/aikagan-web/.opencode/node_modules/zod/v3/helpers/errorUtil.d.ts,helpers,/Users/pq/aikagan-web/.opencode/node_modules/zod/v3/helpers
errorUtil.js,2026-09-06 17:28:04 +0000,2026-09-06 17:28:04 +0000,,Javascript,300 bytes,1,/Users/pq/aikagan-web/.opencode/node_modules/zod/v3/helpers/errorUtil.js,helpers,/Users/pq/aikagan-web/.opencode/node_modules/zod/v3/helpers
parseUtil.cjs,2026-09-06 17:28:04 +0000,2026-09-06 17:28:04 +0000,,Source Code Document,4 KB,1,/Users/pq/aikagan-web/.opencode/node_modules/zod/v3/helpers/parseUtil.cjs,helpers,/Users/pq/aikagan-web/.opencode/node_modules/zod/v3/helpers
parseUtil.d.cts,2026-09-06 17:28:04 +0000,2026-09-06 17:28:04 +0000,,,3 KB,1,/Users/pq/aikagan-web/.opencode/node_modules/zod/v3/helpers/parseUtil.d.cts,helpers,/Users/pq/aikagan-web/.opencode/node_modules/zod/v3/helpers
parseUtil.d.ts,2026-09-06 17:28:05 +0000,2026-09-06 17:28:05 +0000,,Mpeg-2 Transport Stream,3 KB,1,/Users/pq/aikagan-web/.opencode/node_modules/zod/v3/helpers/parseUtil.d.ts,helpers,/Users/pq/aikagan-web/.opencode/node_modules/zod/v3/helpers
parseUtil.js,2026-09-06 17:28:04 +0000,2026-09-06 17:28:04 +0000,,Javascript,4 KB,1,/Users/pq/aikagan-web/.opencode/node_modules/zod/v3/helpers/parseUtil.js,helpers,/Users/pq/aikagan-web/.opencode/node_modules/zod/v3/helpers
partialUtil.cjs,2026-09-06 17:28:04 +0000,2026-09-06 17:28:04 +0000,,Source Code Document,77 bytes,1,/Users/pq/aikagan-web/.opencode/node_modules/zod/v3/helpers/partialUtil.cjs,helpers,/Users/pq/aikagan-web/.opencode/node_modules/zod/v3/helpers
partialUtil.d.cts,2026-09-06 17:28:04 +0000,2026-09-06 17:28:04 +0000,,,828 bytes,1,/Users/pq/aikagan-web/.opencode/node_modules/zod/v3/helpers/partialUtil.d.cts,helpers,/Users/pq/aikagan-web/.opencode/node_modules/zod/v3/helpers
partialUtil.d.ts,2026-09-06 17:28:05 +0000,2026-09-06 17:28:05 +0000,,Mpeg-2 Transport Stream,827 bytes,1,/Users/pq/aikagan-web/.opencode/node_modules/zod/v3/helpers/partialUtil.d.ts,helpers,/Users/pq/aikagan-web/.opencode/node_modules/zod/v3/helpers
partialUtil.js,2026-09-06 17:28:04 +0000,2026-09-06 17:28:04 +0000,,Javascript,11 bytes,1,/Users/pq/aikagan-web/.opencode/node_modules/zod/v3/helpers/partialUtil.js,helpers,/Users/pq/aikagan-web/.opencode/node_modules/zod/v3/helpers
typeAliases.cjs,2026-09-06 17:28:04 +0000,2026-09-06 17:28:04 +0000,,Source Code Document,77 bytes,1,/Users/pq/aikagan-web/.opencode/node_modules/zod/v3/helpers/typeAliases.cjs,helpers,/Users/pq/aikagan-web/.opencode/node_modules/zod/v3/helpers
typeAliases.d.cts,2026-09-06 17:28:04 +0000,2026-09-06 17:28:04 +0000,,,135 bytes,1,/Users/pq/aikagan-web/.opencode/node_modules/zod/v3/helpers/typeAliases.d.cts,helpers,/Users/pq/aikagan-web/.opencode/node_modules/zod/v3/helpers
typeAliases.d.ts,2026-09-06 17:28:05 +0000,2026-09-06 17:28:05 +0000,,Mpeg-2 Transport Stream,135 bytes,1,/Users/pq/aikagan-web/.opencode/node_modules/zod/v3/helpers/typeAliases.d.ts,helpers,/Users/pq/aikagan-web/.opencode/node_modules/zod/v3/helpers
typeAliases.js,2026-09-06 17:28:04 +0000,2026-09-06 17:28:04 +0000,,Javascript,11 bytes,1,/Users/pq/aikagan-web/.opencode/node_modules/zod/v3/helpers/typeAliases.js,helpers,/Users/pq/aikagan-web/.opencode/node_modules/zod/v3/helpers
util.cjs,2026-09-06 17:28:04 +0000,2026-09-06 17:28:04 +0000,,Source Code Document,4 KB,1,/Users/pq/aikagan-web/.opencode/node_modules/zod/v3/helpers/util.cjs,helpers,/Users/pq/aikagan-web/.opencode/node_modules/zod/v3/helpers
util.d.cts,2026-09-06 17:28:04 +0000,2026-09-06 17:28:04 +0000,,,3 KB,1,/Users/pq/aikagan-web/.opencode/node_modules/zod/v3/helpers/util.d.cts,helpers,/Users/pq/aikagan-web/.opencode/node_modules/zod/v3/helpers
util.d.ts,2026-09-06 17:28:05 +0000,2026-09-06 17:28:05 +0000,,Mpeg-2 Transport Stream,3 KB,1,/Users/pq/aikagan-web/.opencode/node_modules/zod/v3/helpers/util.d.ts,helpers,/Users/pq/aikagan-web/.opencode/node_modules/zod/v3/helpers
util.js,2026-09-06 17:28:04 +0000,2026-09-06 17:28:04 +0000,,Javascript,4 KB,1,/Users/pq/aikagan-web/.opencode/node_modules/zod/v3/helpers/util.js,helpers,/Users/pq/aikagan-web/.opencode/node_modules/zod/v3/helpers
locales,2026-09-06 17:28:04 +0000,2026-09-06 17:28:04 +0000,,Folder,4 bytes,0,/Users/pq/aikagan-web/.opencode/node_modules/zod/v3/locales,v3,/Users/pq/aikagan-web/.opencode/node_modules/zod/v3/locales
en.cjs,2026-09-06 17:28:04 +0000,2026-09-06 17:28:04 +0000,,Source Code Document,6 KB,1,/Users/pq/aikagan-web/.opencode/node_modules/zod/v3/locales/en.cjs,locales,/Users/pq/aikagan-web/.opencode/node_modules/zod/v3/locales
en.d.cts,2026-09-06 17:28:04 +0000,2026-09-06 17:28:04 +0000,,,108 bytes,1,/Users/pq/aikagan-web/.opencode/node_modules/zod/v3/locales/en.d.cts,locales,/Users/pq/aikagan-web/.opencode/node_modules/zod/v3/locales
en.d.ts,2026-09-06 17:28:04 +0000,2026-09-06 17:28:04 +0000,,Mpeg-2 Transport Stream,113 bytes,1,/Users/pq/aikagan-web/.opencode/node_modules/zod/v3/locales/en.d.ts,locales,/Users/pq/aikagan-web/.opencode/node_modules/zod/v3/locales
en.js,2026-09-06 17:28:04 +0000,2026-09-06 17:28:04 +0000,,Javascript,6 KB,1,/Users/pq/aikagan-web/.opencode/node_modules/zod/v3/locales/en.js,locales,/Users/pq/aikagan-web/.opencode/node_modules/zod/v3/locales
v4,2026-09-06 17:28:05 +0000,2026-09-06 17:28:04 +0000,,Folder,9 bytes,0,/Users/pq/aikagan-web/.opencode/node_modules/zod/v4,zod,/Users/pq/aikagan-web/.opencode/node_modules/zod/v4
index.cjs,2026-09-06 17:28:04 +0000,2026-09-06 17:28:04 +0000,,Source Code Document,1 KB,1,/Users/pq/aikagan-web/.opencode/node_modules/zod/v4/index.cjs,v4,/Users/pq/aikagan-web/.opencode/node_modules/zod/v4
index.d.cts,2026-09-06 17:28:04 +0000,2026-09-06 17:28:04 +0000,,,94 bytes,1,/Users/pq/aikagan-web/.opencode/node_modules/zod/v4/index.d.cts,v4,/Users/pq/aikagan-web/.opencode/node_modules/zod/v4
index.d.ts,2026-09-06 17:28:05 +0000,2026-09-06 17:28:05 +0000,,Mpeg-2 Transport Stream,92 bytes,1,/Users/pq/aikagan-web/.opencode/node_modules/zod/v4/index.d.ts,v4,/Users/pq/aikagan-web/.opencode/node_modules/zod/v4
index.js,2026-09-06 17:28:04 +0000,2026-09-06 17:28:04 +0000,,Javascript,92 bytes,1,/Users/pq/aikagan-web/.opencode/node_modules/zod/v4/index.js,v4,/Users/pq/aikagan-web/.opencode/node_modules/zod/v4
package.json,2026-09-06 17:28:04 +0000,2026-09-06 17:28:04 +0000,,Json,104 bytes,1,/Users/pq/aikagan-web/.opencode/node_modules/zod/v4/package.json,v4,/Users/pq/aikagan-web/.opencode/node_modules/zod/v4
v4-mini,2026-09-06 17:28:05 +0000,2026-09-06 17:28:04 +0000,,Folder,5 bytes,0,/Users/pq/aikagan-web/.opencode/node_modules/zod/v4-mini,zod,/Users/pq/aikagan-web/.opencode/node_modules/zod/v4-mini
index.cjs,2026-09-06 17:28:04 +0000,2026-09-06 17:28:04 +0000,,Source Code Document,813 bytes,1,/Users/pq/aikagan-web/.opencode/node_modules/zod/v4-mini/index.cjs,v4-mini,/Users/pq/aikagan-web/.opencode/node_modules/zod/v4-mini
index.d.cts,2026-09-06 17:28:04 +0000,2026-09-06 17:28:04 +0000,,,38 bytes,1,/Users/pq/aikagan-web/.opencode/node_modules/zod/v4-mini/index.d.cts,v4-mini,/Users/pq/aikagan-web/.opencode/node_modules/zod/v4-mini
index.d.ts,2026-09-06 17:28:05 +0000,2026-09-06 17:28:05 +0000,,Mpeg-2 Transport Stream,37 bytes,1,/Users/pq/aikagan-web/.opencode/node_modules/zod/v4-mini/index.d.ts,v4-mini,/Users/pq/aikagan-web/.opencode/node_modules/zod/v4-mini
index.js,2026-09-06 17:28:04 +0000,2026-09-06 17:28:04 +0000,,Javascript,37 bytes,1,/Users/pq/aikagan-web/.opencode/node_modules/zod/v4-mini/index.js,v4-mini,/Users/pq/aikagan-web/.opencode/node_modules/zod/v4-mini
package.json,2026-09-06 17:28:04 +0000,2026-09-06 17:28:04 +0000,,Json,104 bytes,1,/Users/pq/aikagan-web/.opencode/node_modules/zod/v4-mini/package.json,v4-mini,/Users/pq/aikagan-web/.opencode/node_modules/zod/v4-mini
classic,2026-09-06 17:28:05 +0000,2026-09-06 17:28:04 +0000,,Folder,37 bytes,0,/Users/pq/aikagan-web/.opencode/node_modules/zod/v4/classic,v4,/Users/pq/aikagan-web/.opencode/node_modules/zod/v4/classic
checks.cjs,2026-09-06 17:28:04 +0000,2026-09-06 17:28:04 +0000,,Source Code Document,4 KB,1,/Users/pq/aikagan-web/.opencode/node_modules/zod/v4/classic/checks.cjs,classic,/Users/pq/aikagan-web/.opencode/node_modules/zod/v4/classic
checks.d.cts,2026-09-06 17:28:04 +0000,2026-09-06 17:28:04 +0000,,,681 bytes,1,/Users/pq/aikagan-web/.opencode/node_modules/zod/v4/classic/checks.d.cts,classic,/Users/pq/aikagan-web/.opencode/node_modules/zod/v4/classic
checks.d.ts,2026-09-06 17:28:04 +0000,2026-09-06 17:28:04 +0000,,Mpeg-2 Transport Stream,680 bytes,1,/Users/pq/aikagan-web/.opencode/node_modules/zod/v4/classic/checks.d.ts,classic,/Users/pq/aikagan-web/.opencode/node_modules/zod/v4/classic
checks.js,2026-09-06 17:28:04 +0000,2026-09-06 17:28:04 +0000,,Javascript,642 bytes,1,/Users/pq/aikagan-web/.opencode/node_modules/zod/v4/classic/checks.js,classic,/Users/pq/aikagan-web/.opencode/node_modules/zod/v4/classic
coerce.cjs,2026-09-06 17:28:04 +0000,2026-09-06 17:28:04 +0000,,Source Code Document,2 KB,1,/Users/pq/aikagan-web/.opencode/node_modules/zod/v4/classic/coerce.cjs,classic,/Users/pq/aikagan-web/.opencode/node_modules/zod/v4/classic
coerce.d.cts,2026-09-06 17:28:04 +0000,2026-09-06 17:28:04 +0000,,,1 KB,1,/Users/pq/aikagan-web/.opencode/node_modules/zod/v4/classic/coerce.d.cts,classic,/Users/pq/aikagan-web/.opencode/node_modules/zod/v4/classic
coerce.d.ts,2026-09-06 17:28:04 +0000,2026-09-06 17:28:04 +0000,,Mpeg-2 Transport Stream,1 KB,1,/Users/pq/aikagan-web/.opencode/node_modules/zod/v4/classic/coerce.d.ts,classic,/Users/pq/aikagan-web/.opencode/node_modules/zod/v4/classic
coerce.js,2026-09-06 17:28:04 +0000,2026-09-06 17:28:04 +0000,,Javascript,550 bytes,1,/Users/pq/aikagan-web/.opencode/node_modules/zod/v4/classic/coerce.js,classic,/Users/pq/aikagan-web/.opencode/node_modules/zod/v4/classic
compat.cjs,2026-09-06 17:28:04 +0000,2026-09-06 17:28:04 +0000,,Source Code Document,3 KB,1,/Users/pq/aikagan-web/.opencode/node_modules/zod/v4/classic/compat.cjs,classic,/Users/pq/aikagan-web/.opencode/node_modules/zod/v4/classic
compat.d.cts,2026-09-06 17:28:04 +0000,2026-09-06 17:28:04 +0000,,,2 KB,1,/Users/pq/aikagan-web/.opencode/node_modules/zod/v4/classic/compat.d.cts,classic,/Users/pq/aikagan-web/.opencode/node_modules/zod/v4/classic
compat.d.ts,2026-09-06 17:28:04 +0000,2026-09-06 17:28:04 +0000,,Mpeg-2 Transport Stream,2 KB,1,/Users/pq/aikagan-web/.opencode/node_modules/zod/v4/classic/compat.d.ts,classic,/Users/pq/aikagan-web/.opencode/node_modules/zod/v4/classic
compat.js,2026-09-06 17:28:04 +0000,2026-09-06 17:28:04 +0000,,Javascript,1 KB,1,/Users/pq/aikagan-web/.opencode/node_modules/zod/v4/classic/compat.js,classic,/Users/pq/aikagan-web/.opencode/node_modules/zod/v4/classic
errors.cjs,2026-09-06 17:28:04 +0000,2026-09-06 17:28:04 +0000,,Source Code Document,3 KB,1,/Users/pq/aikagan-web/.opencode/node_modules/zod/v4/classic/errors.cjs,classic,/Users/pq/aikagan-web/.opencode/node_modules/zod/v4/classic
errors.d.cts,2026-09-06 17:28:04 +0000,2026-09-06 17:28:04 +0000,,,2 KB,1,/Users/pq/aikagan-web/.opencode/node_modules/zod/v4/classic/errors.d.cts,classic,/Users/pq/aikagan-web/.opencode/node_modules/zod/v4/classic
errors.d.ts,2026-09-06 17:28:04 +0000,2026-09-06 17:28:04 +0000,,Mpeg-2 Transport Stream,2 KB,1,/Users/pq/aikagan-web/.opencode/node_modules/zod/v4/classic/errors.d.ts,classic,/Users/pq/aikagan-web/.opencode/node_modules/zod/v4/classic
errors.js,2026-09-06 17:28:04 +0000,2026-09-06 17:28:04 +0000,,Javascript,2 KB,1,/Users/pq/aikagan-web/.opencode/node_modules/zod/v4/classic/errors.js,classic,/Users/pq/aikagan-web/.opencode/node_modules/zod/v4/classic
external.cjs,2026-09-06 17:28:04 +0000,2026-09-06 17:28:04 +0000,,Source Code Document,5 KB,1,/Users/pq/aikagan-web/.opencode/node_modules/zod/v4/classic/external.cjs,classic,/Users/pq/aikagan-web/.opencode/node_modules/zod/v4/classic
external.d.cts,2026-09-06 17:28:04 +0000,2026-09-06 17:28:04 +0000,,,816 bytes,1,/Users/pq/aikagan-web/.opencode/node_modules/zod/v4/classic/external.d.cts,classic,/Users/pq/aikagan-web/.opencode/node_modules/zod/v4/classic
external.d.ts,2026-09-06 17:28:04 +0000,2026-09-06 17:28:04 +0000,,Mpeg-2 Transport Stream,803 bytes,1,/Users/pq/aikagan-web/.opencode/node_modules/zod/v4/classic/external.d.ts,classic,/Users/pq/aikagan-web/.opencode/node_modules/zod/v4/classic
external.js,2026-09-06 17:28:04 +0000,2026-09-06 17:28:04 +0000,,Javascript,799 bytes,1,/Users/pq/aikagan-web/.opencode/node_modules/zod/v4/classic/external.js,classic,/Users/pq/aikagan-web/.opencode/node_modules/zod/v4/classic
index.cjs,2026-09-06 17:28:04 +0000,2026-09-06 17:28:04 +0000,,Source Code Document,1 KB,1,/Users/pq/aikagan-web/.opencode/node_modules/zod/v4/classic/index.cjs,classic,/Users/pq/aikagan-web/.opencode/node_modules/zod/v4/classic
index.d.cts,2026-09-06 17:28:04 +0000,2026-09-06 17:28:04 +0000,,,101 bytes,1,/Users/pq/aikagan-web/.opencode/node_modules/zod/v4/classic/index.d.cts,classic,/Users/pq/aikagan-web/.opencode/node_modules/zod/v4/classic
index.d.ts,2026-09-06 17:28:05 +0000,2026-09-06 17:28:05 +0000,,Mpeg-2 Transport Stream,99 bytes,1,/Users/pq/aikagan-web/.opencode/node_modules/zod/v4/classic/index.d.ts,classic,/Users/pq/aikagan-web/.opencode/node_modules/zod/v4/classic
index.js,2026-09-06 17:28:04 +0000,2026-09-06 17:28:04 +0000,,Javascript,99 bytes,1,/Users/pq/aikagan-web/.opencode/node_modules/zod/v4/classic/index.js,classic,/Users/pq/aikagan-web/.opencode/node_modules/zod/v4/classic
iso.cjs,2026-09-06 17:28:04 +0000,2026-09-06 17:28:04 +0000,,Source Code Document,2 KB,1,/Users/pq/aikagan-web/.opencode/node_modules/zod/v4/classic/iso.cjs,classic,/Users/pq/aikagan-web/.opencode/node_modules/zod/v4/classic
iso.d.cts,2026-09-06 17:28:04 +0000,2026-09-06 17:28:04 +0000,,,1 KB,1,/Users/pq/aikagan-web/.opencode/node_modules/zod/v4/classic/iso.d.cts,classic,/Users/pq/aikagan-web/.opencode/node_modules/zod/v4/classic
iso.d.ts,2026-09-06 17:28:05 +0000,2026-09-06 17:28:05 +0000,,Mpeg-2 Transport Stream,1 KB,1,/Users/pq/aikagan-web/.opencode/node_modules/zod/v4/classic/iso.d.ts,classic,/Users/pq/aikagan-web/.opencode/node_modules/zod/v4/classic
iso.js,2026-09-06 17:28:04 +0000,2026-09-06 17:28:04 +0000,,Javascript,1 KB,1,/Users/pq/aikagan-web/.opencode/node_modules/zod/v4/classic/iso.js,classic,/Users/pq/aikagan-web/.opencode/node_modules/zod/v4/classic
package.json,2026-09-06 17:28:04 +0000,2026-09-06 17:28:04 +0000,,Json,104 bytes,1,/Users/pq/aikagan-web/.opencode/node_modules/zod/v4/classic/package.json,classic,/Users/pq/aikagan-web/.opencode/node_modules/zod/v4/classic
parse.cjs,2026-09-06 17:28:04 +0000,2026-09-06 17:28:04 +0000,,Source Code Document,2 KB,1,/Users/pq/aikagan-web/.opencode/node_modules/zod/v4/classic/parse.cjs,classic,/Users/pq/aikagan-web/.opencode/node_modules/zod/v4/classic
parse.d.cts,2026-09-06 17:28:04 +0000,2026-09-06 17:28:04 +0000,,,3 KB,1,/Users/pq/aikagan-web/.opencode/node_modules/zod/v4/classic/parse.d.cts,classic,/Users/pq/aikagan-web/.opencode/node_modules/zod/v4/classic
parse.d.ts,2026-09-06 17:28:05 +0000,2026-09-06 17:28:05 +0000,,Mpeg-2 Transport Stream,3 KB,1,/Users/pq/aikagan-web/.opencode/node_modules/zod/v4/classic/parse.d.ts,classic,/Users/pq/aikagan-web/.opencode/node_modules/zod/v4/classic
parse.js,2026-09-06 17:28:04 +0000,2026-09-06 17:28:04 +0000,,Javascript,997 bytes,1,/Users/pq/aikagan-web/.opencode/node_modules/zod/v4/classic/parse.js,classic,/Users/pq/aikagan-web/.opencode/node_modules/zod/v4/classic
schemas.cjs,2026-09-06 17:28:04 +0000,2026-09-06 17:28:04 +0000,,Source Code Document,43 KB,1,/Users/pq/aikagan-web/.opencode/node_modules/zod/v4/classic/schemas.cjs,classic,/Users/pq/aikagan-web/.opencode/node_modules/zod/v4/classic
schemas.d.cts,2026-09-06 17:28:04 +0000,2026-09-06 17:28:04 +0000,,,43 KB,1,/Users/pq/aikagan-web/.opencode/node_modules/zod/v4/classic/schemas.d.cts,classic,/Users/pq/aikagan-web/.opencode/node_modules/zod/v4/classic
schemas.d.ts,2026-09-06 17:28:05 +0000,2026-09-06 17:28:05 +0000,,Mpeg-2 Transport Stream,43 KB,1,/Users/pq/aikagan-web/.opencode/node_modules/zod/v4/classic/schemas.d.ts,classic,/Users/pq/aikagan-web/.opencode/node_modules/zod/v4/classic
schemas.js,2026-09-06 17:28:04 +0000,2026-09-06 17:28:04 +0000,,Javascript,39 KB,1,/Users/pq/aikagan-web/.opencode/node_modules/zod/v4/classic/schemas.js,classic,/Users/pq/aikagan-web/.opencode/node_modules/zod/v4/classic
core,2026-09-06 17:28:05 +0000,2026-09-06 17:28:04 +0000,,Folder,61 bytes,0,/Users/pq/aikagan-web/.opencode/node_modules/zod/v4/core,v4,/Users/pq/aikagan-web/.opencode/node_modules/zod/v4/core
api.cjs,2026-09-06 17:28:04 +0000,2026-09-06 17:28:04 +0000,,Source Code Document,27 KB,1,/Users/pq/aikagan-web/.opencode/node_modules/zod/v4/core/api.cjs,core,/Users/pq/aikagan-web/.opencode/node_modules/zod/v4/core
api.d.cts,2026-09-06 17:28:04 +0000,2026-09-06 17:28:04 +0000,,,31 KB,1,/Users/pq/aikagan-web/.opencode/node_modules/zod/v4/core/api.d.cts,core,/Users/pq/aikagan-web/.opencode/node_modules/zod/v4/core
api.d.ts,2026-09-06 17:28:04 +0000,2026-09-06 17:28:04 +0000,,Mpeg-2 Transport Stream,31 KB,1,/Users/pq/aikagan-web/.opencode/node_modules/zod/v4/core/api.d.ts,core,/Users/pq/aikagan-web/.opencode/node_modules/zod/v4/core
api.js,2026-09-06 17:28:04 +0000,2026-09-06 17:28:04 +0000,,Javascript,24 KB,1,/Users/pq/aikagan-web/.opencode/node_modules/zod/v4/core/api.js,core,/Users/pq/aikagan-web/.opencode/node_modules/zod/v4/core
checks.cjs,2026-09-06 17:28:04 +0000,2026-09-06 17:28:04 +0000,,Source Code Document,21 KB,1,/Users/pq/aikagan-web/.opencode/node_modules/zod/v4/core/checks.cjs,core,/Users/pq/aikagan-web/.opencode/node_modules/zod/v4/core
checks.d.cts,2026-09-06 17:28:04 +0000,2026-09-06 17:28:04 +0000,,,13 KB,1,/Users/pq/aikagan-web/.opencode/node_modules/zod/v4/core/checks.d.cts,core,/Users/pq/aikagan-web/.opencode/node_modules/zod/v4/core
checks.d.ts,2026-09-06 17:28:04 +0000,2026-09-06 17:28:04 +0000,,Mpeg-2 Transport Stream,13 KB,1,/Users/pq/aikagan-web/.opencode/node_modules/zod/v4/core/checks.d.ts,core,/Users/pq/aikagan-web/.opencode/node_modules/zod/v4/core
checks.js,2026-09-06 17:28:04 +0000,2026-09-06 17:28:04 +0000,,Javascript,20 KB,1,/Users/pq/aikagan-web/.opencode/node_modules/zod/v4/core/checks.js,core,/Users/pq/aikagan-web/.opencode/node_modules/zod/v4/core
core.cjs,2026-09-06 17:28:04 +0000,2026-09-06 17:28:04 +0000,,Source Code Document,3 KB,1,/Users/pq/aikagan-web/.opencode/node_modules/zod/v4/core/core.cjs,core,/Users/pq/aikagan-web/.opencode/node_modules/zod/v4/core
core.d.cts,2026-09-06 17:28:04 +0000,2026-09-06 17:28:04 +0000,,,2 KB,1,/Users/pq/aikagan-web/.opencode/node_modules/zod/v4/core/core.d.cts,core,/Users/pq/aikagan-web/.opencode/node_modules/zod/v4/core
core.d.ts,2026-09-06 17:28:04 +0000,2026-09-06 17:28:04 +0000,,Mpeg-2 Transport Stream,2 KB,1,/Users/pq/aikagan-web/.opencode/node_modules/zod/v4/core/core.d.ts,core,/Users/pq/aikagan-web/.opencode/node_modules/zod/v4/core
core.js,2026-09-06 17:28:04 +0000,2026-09-06 17:28:04 +0000,,Javascript,2 KB,1,/Users/pq/aikagan-web/.opencode/node_modules/zod/v4/core/core.js,core,/Users/pq/aikagan-web/.opencode/node_modules/zod/v4/core
doc.cjs,2026-09-06 17:28:04 +0000,2026-09-06 17:28:04 +0000,,Source Code Document,1 KB,1,/Users/pq/aikagan-web/.opencode/node_modules/zod/v4/core/doc.cjs,core,/Users/pq/aikagan-web/.opencode/node_modules/zod/v4/core
doc.d.cts,2026-09-06 17:28:04 +0000,2026-09-06 17:28:04 +0000,,,348 bytes,1,/Users/pq/aikagan-web/.opencode/node_modules/zod/v4/core/doc.d.cts,core,/Users/pq/aikagan-web/.opencode/node_modules/zod/v4/core
doc.d.ts,2026-09-06 17:28:04 +0000,2026-09-06 17:28:04 +0000,,Mpeg-2 Transport Stream,348 bytes,1,/Users/pq/aikagan-web/.opencode/node_modules/zod/v4/core/doc.d.ts,core,/Users/pq/aikagan-web/.opencode/node_modules/zod/v4/core
doc.js,2026-09-06 17:28:04 +0000,2026-09-06 17:28:04 +0000,,Javascript,1 KB,1,/Users/pq/aikagan-web/.opencode/node_modules/zod/v4/core/doc.js,core,/Users/pq/aikagan-web/.opencode/node_modules/zod/v4/core
errors.cjs,2026-09-06 17:28:04 +0000,2026-09-06 17:28:04 +0000,,Source Code Document,8 KB,1,/Users/pq/aikagan-web/.opencode/node_modules/zod/v4/core/errors.cjs,core,/Users/pq/aikagan-web/.opencode/node_modules/zod/v4/core
errors.d.cts,2026-09-06 17:28:04 +0000,2026-09-06 17:28:04 +0000,,,8 KB,1,/Users/pq/aikagan-web/.opencode/node_modules/zod/v4/core/errors.d.cts,core,/Users/pq/aikagan-web/.opencode/node_modules/zod/v4/core
errors.d.ts,2026-09-06 17:28:04 +0000,2026-09-06 17:28:04 +0000,,Mpeg-2 Transport Stream,8 KB,1,/Users/pq/aikagan-web/.opencode/node_modules/zod/v4/core/errors.d.ts,core,/Users/pq/aikagan-web/.opencode/node_modules/zod/v4/core
errors.js,2026-09-06 17:28:04 +0000,2026-09-06 17:28:04 +0000,,Javascript,6 KB,1,/Users/pq/aikagan-web/.opencode/node_modules/zod/v4/core/errors.js,core,/Users/pq/aikagan-web/.opencode/node_modules/zod/v4/core
index.cjs,2026-09-06 17:28:04 +0000,2026-09-06 17:28:04 +0000,,Source Code Document,2 KB,1,/Users/pq/aikagan-web/.opencode/node_modules/zod/v4/core/index.cjs,core,/Users/pq/aikagan-web/.opencode/node_modules/zod/v4/core
index.d.cts,2026-09-06 17:28:04 +0000,2026-09-06 17:28:04 +0000,,,482 bytes,1,/Users/pq/aikagan-web/.opencode/node_modules/zod/v4/core/index.d.cts,core,/Users/pq/aikagan-web/.opencode/node_modules/zod/v4/core
index.d.ts,2026-09-06 17:28:05 +0000,2026-09-06 17:28:05 +0000,,Mpeg-2 Transport Stream,468 bytes,1,/Users/pq/aikagan-web/.opencode/node_modules/zod/v4/core/index.d.ts,core,/Users/pq/aikagan-web/.opencode/node_modules/zod/v4/core
index.js,2026-09-06 17:28:04 +0000,2026-09-06 17:28:04 +0000,,Javascript,468 bytes,1,/Users/pq/aikagan-web/.opencode/node_modules/zod/v4/core/index.js,core,/Users/pq/aikagan-web/.opencode/node_modules/zod/v4/core
json-schema.cjs,2026-09-06 17:28:04 +0000,2026-09-06 17:28:04 +0000,,Source Code Document,77 bytes,1,/Users/pq/aikagan-web/.opencode/node_modules/zod/v4/core/json-schema.cjs,core,/Users/pq/aikagan-web/.opencode/node_modules/zod/v4/core
json-schema.d.cts,2026-09-06 17:28:04 +0000,2026-09-06 17:28:04 +0000,,,3 KB,1,/Users/pq/aikagan-web/.opencode/node_modules/zod/v4/core/json-schema.d.cts,core,/Users/pq/aikagan-web/.opencode/node_modules/zod/v4/core
json-schema.d.ts,2026-09-06 17:28:05 +0000,2026-09-06 17:28:05 +0000,,Mpeg-2 Transport Stream,3 KB,1,/Users/pq/aikagan-web/.opencode/node_modules/zod/v4/core/json-schema.d.ts,core,/Users/pq/aikagan-web/.opencode/node_modules/zod/v4/core
json-schema.js,2026-09-06 17:28:04 +0000,2026-09-06 17:28:04 +0000,,Javascript,11 bytes,1,/Users/pq/aikagan-web/.opencode/node_modules/zod/v4/core/json-schema.js,core,/Users/pq/aikagan-web/.opencode/node_modules/zod/v4/core
package.json,2026-09-06 17:28:04 +0000,2026-09-06 17:28:04 +0000,,Json,104 bytes,1,/Users/pq/aikagan-web/.opencode/node_modules/zod/v4/core/package.json,core,/Users/pq/aikagan-web/.opencode/node_modules/zod/v4/core
parse.cjs,2026-09-06 17:28:04 +0000,2026-09-06 17:28:04 +0000,,Source Code Document,7 KB,1,/Users/pq/aikagan-web/.opencode/node_modules/zod/v4/core/parse.cjs,core,/Users/pq/aikagan-web/.opencode/node_modules/zod/v4/core
parse.d.cts,2026-09-06 17:28:04 +0000,2026-09-06 17:28:04 +0000,,,4 KB,1,/Users/pq/aikagan-web/.opencode/node_modules/zod/v4/core/parse.d.cts,core,/Users/pq/aikagan-web/.opencode/node_modules/zod/v4/core
parse.d.ts,2026-09-06 17:28:05 +0000,2026-09-06 17:28:05 +0000,,Mpeg-2 Transport Stream,4 KB,1,/Users/pq/aikagan-web/.opencode/node_modules/zod/v4/core/parse.d.ts,core,/Users/pq/aikagan-web/.opencode/node_modules/zod/v4/core
parse.js,2026-09-06 17:28:04 +0000,2026-09-06 17:28:04 +0000,,Javascript,5 KB,1,/Users/pq/aikagan-web/.opencode/node_modules/zod/v4/core/parse.js,core,/Users/pq/aikagan-web/.opencode/node_modules/zod/v4/core
regexes.cjs,2026-09-06 17:28:04 +0000,2026-09-06 17:28:04 +0000,,Source Code Document,9 KB,1,/Users/pq/aikagan-web/.opencode/node_modules/zod/v4/core/regexes.cjs,core,/Users/pq/aikagan-web/.opencode/node_modules/zod/v4/core
regexes.d.cts,2026-09-06 17:28:04 +0000,2026-09-06 17:28:04 +0000,,,3 KB,1,/Users/pq/aikagan-web/.opencode/node_modules/zod/v4/core/regexes.d.cts,core,/Users/pq/aikagan-web/.opencode/node_modules/zod/v4/core
regexes.d.ts,2026-09-06 17:28:05 +0000,2026-09-06 17:28:05 +0000,,Mpeg-2 Transport Stream,3 KB,1,/Users/pq/aikagan-web/.opencode/node_modules/zod/v4/core/regexes.d.ts,core,/Users/pq/aikagan-web/.opencode/node_modules/zod/v4/core
regexes.js,2026-09-06 17:28:04 +0000,2026-09-06 17:28:04 +0000,,Javascript,9 KB,1,/Users/pq/aikagan-web/.opencode/node_modules/zod/v4/core/regexes.js,core,/Users/pq/aikagan-web/.opencode/node_modules/zod/v4/core
registries.cjs,2026-09-06 17:28:04 +0000,2026-09-06 17:28:04 +0000,,Source Code Document,2 KB,1,/Users/pq/aikagan-web/.opencode/node_modules/zod/v4/core/registries.cjs,core,/Users/pq/aikagan-web/.opencode/node_modules/zod/v4/core
registries.d.cts,2026-09-06 17:28:04 +0000,2026-09-06 17:28:04 +0000,,,2 KB,1,/Users/pq/aikagan-web/.opencode/node_modules/zod/v4/core/registries.d.cts,core,/Users/pq/aikagan-web/.opencode/node_modules/zod/v4/core
registries.d.ts,2026-09-06 17:28:05 +0000,2026-09-06 17:28:05 +0000,,Mpeg-2 Transport Stream,2 KB,1,/Users/pq/aikagan-web/.opencode/node_modules/zod/v4/core/registries.d.ts,core,/Users/pq/aikagan-web/.opencode/node_modules/zod/v4/core
registries.js,2026-09-06 17:28:04 +0000,2026-09-06 17:28:04 +0000,,Javascript,2 KB,1,/Users/pq/aikagan-web/.opencode/node_modules/zod/v4/core/registries.js,core,/Users/pq/aikagan-web/.opencode/node_modules/zod/v4/core
schemas.cjs,2026-09-06 17:28:04 +0000,2026-09-06 17:28:04 +0000,,Source Code Document,73 KB,1,/Users/pq/aikagan-web/.opencode/node_modules/zod/v4/core/schemas.cjs,core,/Users/pq/aikagan-web/.opencode/node_modules/zod/v4/core
schemas.d.cts,2026-09-06 17:28:04 +0000,2026-09-06 17:28:04 +0000,,,50 KB,1,/Users/pq/aikagan-web/.opencode/node_modules/zod/v4/core/schemas.d.cts,core,/Users/pq/aikagan-web/.opencode/node_modules/zod/v4/core
schemas.d.ts,2026-09-06 17:28:05 +0000,2026-09-06 17:28:05 +0000,,Mpeg-2 Transport Stream,50 KB,1,/Users/pq/aikagan-web/.opencode/node_modules/zod/v4/core/schemas.d.ts,core,/Users/pq/aikagan-web/.opencode/node_modules/zod/v4/core
schemas.js,2026-09-06 17:28:04 +0000,2026-09-06 17:28:04 +0000,,Javascript,71 KB,1,/Users/pq/aikagan-web/.opencode/node_modules/zod/v4/core/schemas.js,core,/Users/pq/aikagan-web/.opencode/node_modules/zod/v4/core
standard-schema.cjs,2026-09-06 17:28:04 +0000,2026-09-06 17:28:04 +0000,,Source Code Document,77 bytes,1,/Users/pq/aikagan-web/.opencode/node_modules/zod/v4/core/standard-schema.cjs,core,/Users/pq/aikagan-web/.opencode/node_modules/zod/v4/core
standard-schema.d.cts,2026-09-06 17:28:04 +0000,2026-09-06 17:28:04 +0000,,,2 KB,1,/Users/pq/aikagan-web/.opencode/node_modules/zod/v4/core/standard-schema.d.cts,core,/Users/pq/aikagan-web/.opencode/node_modules/zod/v4/core
standard-schema.d.ts,2026-09-06 17:28:05 +0000,2026-09-06 17:28:05 +0000,,Mpeg-2 Transport Stream,2 KB,1,/Users/pq/aikagan-web/.opencode/node_modules/zod/v4/core/standard-schema.d.ts,core,/Users/pq/aikagan-web/.opencode/node_modules/zod/v4/core
standard-schema.js,2026-09-06 17:28:04 +0000,2026-09-06 17:28:04 +0000,,Javascript,11 bytes,1,/Users/pq/aikagan-web/.opencode/node_modules/zod/v4/core/standard-schema.js,core,/Users/pq/aikagan-web/.opencode/node_modules/zod/v4/core
to-json-schema.cjs,2026-09-06 17:28:04 +0000,2026-09-06 17:28:04 +0000,,Source Code Document,39 KB,1,/Users/pq/aikagan-web/.opencode/node_modules/zod/v4/core/to-json-schema.cjs,core,/Users/pq/aikagan-web/.opencode/node_modules/zod/v4/core
to-json-schema.d.cts,2026-09-06 17:28:04 +0000,2026-09-06 17:28:04 +0000,,,4 KB,1,/Users/pq/aikagan-web/.opencode/node_modules/zod/v4/core/to-json-schema.d.cts,core,/Users/pq/aikagan-web/.opencode/node_modules/zod/v4/core
to-json-schema.d.ts,2026-09-06 17:28:05 +0000,2026-09-06 17:28:05 +0000,,Mpeg-2 Transport Stream,4 KB,1,/Users/pq/aikagan-web/.opencode/node_modules/zod/v4/core/to-json-schema.d.ts,core,/Users/pq/aikagan-web/.opencode/node_modules/zod/v4/core
to-json-schema.js,2026-09-06 17:28:04 +0000,2026-09-06 17:28:04 +0000,,Javascript,39 KB,1,/Users/pq/aikagan-web/.opencode/node_modules/zod/v4/core/to-json-schema.js,core,/Users/pq/aikagan-web/.opencode/node_modules/zod/v4/core
util.cjs,2026-09-06 17:28:04 +0000,2026-09-06 17:28:04 +0000,,Source Code Document,21 KB,1,/Users/pq/aikagan-web/.opencode/node_modules/zod/v4/core/util.cjs,core,/Users/pq/aikagan-web/.opencode/node_modules/zod/v4/core
util.d.cts,2026-09-06 17:28:04 +0000,2026-09-06 17:28:04 +0000,,,12 KB,1,/Users/pq/aikagan-web/.opencode/node_modules/zod/v4/core/util.d.cts,core,/Users/pq/aikagan-web/.opencode/node_modules/zod/v4/core
util.d.ts,2026-09-06 17:28:05 +0000,2026-09-06 17:28:05 +0000,,Mpeg-2 Transport Stream,12 KB,1,/Users/pq/aikagan-web/.opencode/node_modules/zod/v4/core/util.d.ts,core,/Users/pq/aikagan-web/.opencode/node_modules/zod/v4/core
util.js,2026-09-06 17:28:04 +0000,2026-09-06 17:28:04 +0000,,Javascript,20 KB,1,/Users/pq/aikagan-web/.opencode/node_modules/zod/v4/core/util.js,core,/Users/pq/aikagan-web/.opencode/node_modules/zod/v4/core
versions.cjs,2026-09-06 17:28:04 +0000,2026-09-06 17:28:04 +0000,,Source Code Document,168 bytes,1,/Users/pq/aikagan-web/.opencode/node_modules/zod/v4/core/versions.cjs,core,/Users/pq/aikagan-web/.opencode/node_modules/zod/v4/core
versions.d.cts,2026-09-06 17:28:04 +0000,2026-09-06 17:28:04 +0000,,,109 bytes,1,/Users/pq/aikagan-web/.opencode/node_modules/zod/v4/core/versions.d.cts,core,/Users/pq/aikagan-web/.opencode/node_modules/zod/v4/core
versions.d.ts,2026-09-06 17:28:05 +0000,2026-09-06 17:28:05 +0000,,Mpeg-2 Transport Stream,109 bytes,1,/Users/pq/aikagan-web/.opencode/node_modules/zod/v4/core/versions.d.ts,core,/Users/pq/aikagan-web/.opencode/node_modules/zod/v4/core
versions.js,2026-09-06 17:28:04 +0000,2026-09-06 17:28:04 +0000,,Javascript,70 bytes,1,/Users/pq/aikagan-web/.opencode/node_modules/zod/v4/core/versions.js,core,/Users/pq/aikagan-web/.opencode/node_modules/zod/v4/core
locales,2026-09-06 17:28:05 +0000,2026-09-06 17:28:04 +0000,,Folder,193 bytes,0,/Users/pq/aikagan-web/.opencode/node_modules/zod/v4/locales,v4,/Users/pq/aikagan-web/.opencode/node_modules/zod/v4/locales
ar.cjs,2026-09-06 17:28:04 +0000,2026-09-06 17:28:04 +0000,,Source Code Document,6 KB,1,/Users/pq/aikagan-web/.opencode/node_modules/zod/v4/locales/ar.cjs,locales,/Users/pq/aikagan-web/.opencode/node_modules/zod/v4/locales
ar.d.cts,2026-09-06 17:28:04 +0000,2026-09-06 17:28:04 +0000,,,142 bytes,1,/Users/pq/aikagan-web/.opencode/node_modules/zod/v4/locales/ar.d.cts,locales,/Users/pq/aikagan-web/.opencode/node_modules/zod/v4/locales
ar.d.ts,2026-09-06 17:28:04 +0000,2026-09-06 17:28:04 +0000,,Mpeg-2 Transport Stream,121 bytes,1,/Users/pq/aikagan-web/.opencode/node_modules/zod/v4/locales/ar.d.ts,locales,/Users/pq/aikagan-web/.opencode/node_modules/zod/v4/locales
ar.js,2026-09-06 17:28:04 +0000,2026-09-06 17:28:04 +0000,,Javascript,5 KB,1,/Users/pq/aikagan-web/.opencode/node_modules/zod/v4/locales/ar.js,locales,/Users/pq/aikagan-web/.opencode/node_modules/zod/v4/locales
az.cjs,2026-09-06 17:28:04 +0000,2026-09-06 17:28:04 +0000,,Source Code Document,6 KB,1,/Users/pq/aikagan-web/.opencode/node_modules/zod/v4/locales/az.cjs,locales,/Users/pq/aikagan-web/.opencode/node_modules/zod/v4/locales
az.d.cts,2026-09-06 17:28:04 +0000,2026-09-06 17:28:04 +0000,,,142 bytes,1,/Users/pq/aikagan-web/.opencode/node_modules/zod/v4/locales/az.d.cts,locales,/Users/pq/aikagan-web/.opencode/node_modules/zod/v4/locales
az.d.ts,2026-09-06 17:28:04 +0000,2026-09-06 17:28:04 +0000,,Mpeg-2 Transport Stream,121 bytes,1,/Users/pq/aikagan-web/.opencode/node_modules/zod/v4/locales/az.d.ts,locales,/Users/pq/aikagan-web/.opencode/node_modules/zod/v4/locales
az.js,2026-09-06 17:28:04 +0000,2026-09-06 17:28:04 +0000,,Javascript,5 KB,1,/Users/pq/aikagan-web/.opencode/node_modules/zod/v4/locales/az.js,locales,/Users/pq/aikagan-web/.opencode/node_modules/zod/v4/locales
be.cjs,2026-09-06 17:28:04 +0000,2026-09-06 17:28:04 +0000,,Source Code Document,8 KB,1,/Users/pq/aikagan-web/.opencode/node_modules/zod/v4/locales/be.cjs,locales,/Users/pq/aikagan-web/.opencode/node_modules/zod/v4/locales
be.d.cts,2026-09-06 17:28:04 +0000,2026-09-06 17:28:04 +0000,,,142 bytes,1,/Users/pq/aikagan-web/.opencode/node_modules/zod/v4/locales/be.d.cts,locales,/Users/pq/aikagan-web/.opencode/node_modules/zod/v4/locales
be.d.ts,2026-09-06 17:28:04 +0000,2026-09-06 17:28:04 +0000,,Mpeg-2 Transport Stream,121 bytes,1,/Users/pq/aikagan-web/.opencode/node_modules/zod/v4/locales/be.d.ts,locales,/Users/pq/aikagan-web/.opencode/node_modules/zod/v4/locales
be.js,2026-09-06 17:28:04 +0000,2026-09-06 17:28:04 +0000,,Javascript,7 KB,1,/Users/pq/aikagan-web/.opencode/node_modules/zod/v4/locales/be.js,locales,/Users/pq/aikagan-web/.opencode/node_modules/zod/v4/locales
bg.cjs,2026-09-06 17:28:04 +0000,2026-09-06 17:28:04 +0000,,Source Code Document,7 KB,1,/Users/pq/aikagan-web/.opencode/node_modules/zod/v4/locales/bg.cjs,locales,/Users/pq/aikagan-web/.opencode/node_modules/zod/v4/locales
bg.d.cts,2026-09-06 17:28:04 +0000,2026-09-06 17:28:04 +0000,,,178 bytes,1,/Users/pq/aikagan-web/.opencode/node_modules/zod/v4/locales/bg.d.cts,locales,/Users/pq/aikagan-web/.opencode/node_modules/zod/v4/locales
bg.d.ts,2026-09-06 17:28:04 +0000,2026-09-06 17:28:04 +0000,,Mpeg-2 Transport Stream,177 bytes,1,/Users/pq/aikagan-web/.opencode/node_modules/zod/v4/locales/bg.d.ts,locales,/Users/pq/aikagan-web/.opencode/node_modules/zod/v4/locales
bg.js,2026-09-06 17:28:04 +0000,2026-09-06 17:28:04 +0000,,Javascript,6 KB,1,/Users/pq/aikagan-web/.opencode/node_modules/zod/v4/locales/bg.js,locales,/Users/pq/aikagan-web/.opencode/node_modules/zod/v4/locales
ca.cjs,2026-09-06 17:28:04 +0000,2026-09-06 17:28:04 +0000,,Source Code Document,6 KB,1,/Users/pq/aikagan-web/.opencode/node_modules/zod/v4/locales/ca.cjs,locales,/Users/pq/aikagan-web/.opencode/node_modules/zod/v4/locales
ca.d.cts,2026-09-06 17:28:04 +0000,2026-09-06 17:28:04 +0000,,,142 bytes,1,/Users/pq/aikagan-web/.opencode/node_modules/zod/v4/locales/ca.d.cts,locales,/Users/pq/aikagan-web/.opencode/node_modules/zod/v4/locales
ca.d.ts,2026-09-06 17:28:04 +0000,2026-09-06 17:28:04 +0000,,Mpeg-2 Transport Stream,121 bytes,1,/Users/pq/aikagan-web/.opencode/node_modules/zod/v4/locales/ca.d.ts,locales,/Users/pq/aikagan-web/.opencode/node_modules/zod/v4/locales
ca.js,2026-09-06 17:28:04 +0000,2026-09-06 17:28:04 +0000,,Javascript,5 KB,1,/Users/pq/aikagan-web/.opencode/node_modules/zod/v4/locales/ca.js,locales,/Users/pq/aikagan-web/.opencode/node_modules/zod/v4/locales
cs.cjs,2026-09-06 17:28:04 +0000,2026-09-06 17:28:04 +0000,,Source Code Document,6 KB,1,/Users/pq/aikagan-web/.opencode/node_modules/zod/v4/locales/cs.cjs,locales,/Users/pq/aikagan-web/.opencode/node_modules/zod/v4/locales
cs.d.cts,2026-09-06 17:28:04 +0000,2026-09-06 17:28:04 +0000,,,142 bytes,1,/Users/pq/aikagan-web/.opencode/node_modules/zod/v4/locales/cs.d.cts,locales,/Users/pq/aikagan-web/.opencode/node_modules/zod/v4/locales
cs.d.ts,2026-09-06 17:28:04 +0000,2026-09-06 17:28:04 +0000,,Mpeg-2 Transport Stream,121 bytes,1,/Users/pq/aikagan-web/.opencode/node_modules/zod/v4/locales/cs.d.ts,locales,/Users/pq/aikagan-web/.opencode/node_modules/zod/v4/locales
cs.js,2026-09-06 17:28:04 +0000,2026-09-06 17:28:04 +0000,,Javascript,5 KB,1,/Users/pq/aikagan-web/.opencode/node_modules/zod/v4/locales/cs.js,locales,/Users/pq/aikagan-web/.opencode/node_modules/zod/v4/locales
da.cjs,2026-09-06 17:28:04 +0000,2026-09-06 17:28:04 +0000,,Source Code Document,6 KB,1,/Users/pq/aikagan-web/.opencode/node_modules/zod/v4/locales/da.cjs,locales,/Users/pq/aikagan-web/.opencode/node_modules/zod/v4/locales
da.d.cts,2026-09-06 17:28:04 +0000,2026-09-06 17:28:04 +0000,,,142 bytes,1,/Users/pq/aikagan-web/.opencode/node_modules/zod/v4/locales/da.d.cts,locales,/Users/pq/aikagan-web/.opencode/node_modules/zod/v4/locales
da.d.ts,2026-09-06 17:28:04 +0000,2026-09-06 17:28:04 +0000,,Mpeg-2 Transport Stream,121 bytes,1,/Users/pq/aikagan-web/.opencode/node_modules/zod/v4/locales/da.d.ts,locales,/Users/pq/aikagan-web/.opencode/node_modules/zod/v4/locales
da.js,2026-09-06 17:28:04 +0000,2026-09-06 17:28:04 +0000,,Javascript,5 KB,1,/Users/pq/aikagan-web/.opencode/node_modules/zod/v4/locales/da.js,locales,/Users/pq/aikagan-web/.opencode/node_modules/zod/v4/locales
de.cjs,2026-09-06 17:28:04 +0000,2026-09-06 17:28:04 +0000,,Source Code Document,6 KB,1,/Users/pq/aikagan-web/.opencode/node_modules/zod/v4/locales/de.cjs,locales,/Users/pq/aikagan-web/.opencode/node_modules/zod/v4/locales
de.d.cts,2026-09-06 17:28:04 +0000,2026-09-06 17:28:04 +0000,,,142 bytes,1,/Users/pq/aikagan-web/.opencode/node_modules/zod/v4/locales/de.d.cts,locales,/Users/pq/aikagan-web/.opencode/node_modules/zod/v4/locales
de.d.ts,2026-09-06 17:28:04 +0000,2026-09-06 17:28:04 +0000,,Mpeg-2 Transport Stream,121 bytes,1,/Users/pq/aikagan-web/.opencode/node_modules/zod/v4/locales/de.d.ts,locales,/Users/pq/aikagan-web/.opencode/node_modules/zod/v4/locales
de.js,2026-09-06 17:28:04 +0000,2026-09-06 17:28:04 +0000,,Javascript,5 KB,1,/Users/pq/aikagan-web/.opencode/node_modules/zod/v4/locales/de.js,locales,/Users/pq/aikagan-web/.opencode/node_modules/zod/v4/locales
en.cjs,2026-09-06 17:28:04 +0000,2026-09-06 17:28:04 +0000,,Source Code Document,6 KB,1,/Users/pq/aikagan-web/.opencode/node_modules/zod/v4/locales/en.cjs,locales,/Users/pq/aikagan-web/.opencode/node_modules/zod/v4/locales
en.d.cts,2026-09-06 17:28:04 +0000,2026-09-06 17:28:04 +0000,,,178 bytes,1,/Users/pq/aikagan-web/.opencode/node_modules/zod/v4/locales/en.d.cts,locales,/Users/pq/aikagan-web/.opencode/node_modules/zod/v4/locales
en.d.ts,2026-09-06 17:28:04 +0000,2026-09-06 17:28:04 +0000,,Mpeg-2 Transport Stream,177 bytes,1,/Users/pq/aikagan-web/.opencode/node_modules/zod/v4/locales/en.d.ts,locales,/Users/pq/aikagan-web/.opencode/node_modules/zod/v4/locales
en.js,2026-09-06 17:28:04 +0000,2026-09-06 17:28:04 +0000,,Javascript,4 KB,1,/Users/pq/aikagan-web/.opencode/node_modules/zod/v4/locales/en.js,locales,/Users/pq/aikagan-web/.opencode/node_modules/zod/v4/locales
eo.cjs,2026-09-06 17:28:04 +0000,2026-09-06 17:28:04 +0000,,Source Code Document,6 KB,1,/Users/pq/aikagan-web/.opencode/node_modules/zod/v4/locales/eo.cjs,locales,/Users/pq/aikagan-web/.opencode/node_modules/zod/v4/locales
eo.d.cts,2026-09-06 17:28:04 +0000,2026-09-06 17:28:04 +0000,,,178 bytes,1,/Users/pq/aikagan-web/.opencode/node_modules/zod/v4/locales/eo.d.cts,locales,/Users/pq/aikagan-web/.opencode/node_modules/zod/v4/locales
eo.d.ts,2026-09-06 17:28:04 +0000,2026-09-06 17:28:04 +0000,,Mpeg-2 Transport Stream,177 bytes,1,/Users/pq/aikagan-web/.opencode/node_modules/zod/v4/locales/eo.d.ts,locales,/Users/pq/aikagan-web/.opencode/node_modules/zod/v4/locales
eo.js,2026-09-06 17:28:04 +0000,2026-09-06 17:28:04 +0000,,Javascript,5 KB,1,/Users/pq/aikagan-web/.opencode/node_modules/zod/v4/locales/eo.js,locales,/Users/pq/aikagan-web/.opencode/node_modules/zod/v4/locales
es.cjs,2026-09-06 17:28:04 +0000,2026-09-06 17:28:04 +0000,,Source Code Document,7 KB,1,/Users/pq/aikagan-web/.opencode/node_modules/zod/v4/locales/es.cjs,locales,/Users/pq/aikagan-web/.opencode/node_modules/zod/v4/locales
es.d.cts,2026-09-06 17:28:04 +0000,2026-09-06 17:28:04 +0000,,,142 bytes,1,/Users/pq/aikagan-web/.opencode/node_modules/zod/v4/locales/es.d.cts,locales,/Users/pq/aikagan-web/.opencode/node_modules/zod/v4/locales
es.d.ts,2026-09-06 17:28:04 +0000,2026-09-06 17:28:04 +0000,,Mpeg-2 Transport Stream,121 bytes,1,/Users/pq/aikagan-web/.opencode/node_modules/zod/v4/locales/es.d.ts,locales,/Users/pq/aikagan-web/.opencode/node_modules/zod/v4/locales
es.js,2026-09-06 17:28:04 +0000,2026-09-06 17:28:04 +0000,,Javascript,6 KB,1,/Users/pq/aikagan-web/.opencode/node_modules/zod/v4/locales/es.js,locales,/Users/pq/aikagan-web/.opencode/node_modules/zod/v4/locales
fa.cjs,2026-09-06 17:28:04 +0000,2026-09-06 17:28:04 +0000,,Source Code Document,6 KB,1,/Users/pq/aikagan-web/.opencode/node_modules/zod/v4/locales/fa.cjs,locales,/Users/pq/aikagan-web/.opencode/node_modules/zod/v4/locales
fa.d.cts,2026-09-06 17:28:04 +0000,2026-09-06 17:28:04 +0000,,,142 bytes,1,/Users/pq/aikagan-web/.opencode/node_modules/zod/v4/locales/fa.d.cts,locales,/Users/pq/aikagan-web/.opencode/node_modules/zod/v4/locales
fa.d.ts,2026-09-06 17:28:04 +0000,2026-09-06 17:28:04 +0000,,Mpeg-2 Transport Stream,121 bytes,1,/Users/pq/aikagan-web/.opencode/node_modules/zod/v4/locales/fa.d.ts,locales,/Users/pq/aikagan-web/.opencode/node_modules/zod/v4/locales
fa.js,2026-09-06 17:28:04 +0000,2026-09-06 17:28:04 +0000,,Javascript,5 KB,1,/Users/pq/aikagan-web/.opencode/node_modules/zod/v4/locales/fa.js,locales,/Users/pq/aikagan-web/.opencode/node_modules/zod/v4/locales
fi.cjs,2026-09-06 17:28:04 +0000,2026-09-06 17:28:04 +0000,,Source Code Document,6 KB,1,/Users/pq/aikagan-web/.opencode/node_modules/zod/v4/locales/fi.cjs,locales,/Users/pq/aikagan-web/.opencode/node_modules/zod/v4/locales
fi.d.cts,2026-09-06 17:28:04 +0000,2026-09-06 17:28:04 +0000,,,142 bytes,1,/Users/pq/aikagan-web/.opencode/node_modules/zod/v4/locales/fi.d.cts,locales,/Users/pq/aikagan-web/.opencode/node_modules/zod/v4/locales
fi.d.ts,2026-09-06 17:28:04 +0000,2026-09-06 17:28:04 +0000,,Mpeg-2 Transport Stream,121 bytes,1,/Users/pq/aikagan-web/.opencode/node_modules/zod/v4/locales/fi.d.ts,locales,/Users/pq/aikagan-web/.opencode/node_modules/zod/v4/locales
fi.js,2026-09-06 17:28:04 +0000,2026-09-06 17:28:04 +0000,,Javascript,5 KB,1,/Users/pq/aikagan-web/.opencode/node_modules/zod/v4/locales/fi.js,locales,/Users/pq/aikagan-web/.opencode/node_modules/zod/v4/locales
fr-CA.cjs,2026-09-06 17:28:04 +0000,2026-09-06 17:28:04 +0000,,Source Code Document,6 KB,1,/Users/pq/aikagan-web/.opencode/node_modules/zod/v4/locales/fr-CA.cjs,locales,/Users/pq/aikagan-web/.opencode/node_modules/zod/v4/locales
fr-CA.d.cts,2026-09-06 17:28:04 +0000,2026-09-06 17:28:04 +0000,,,142 bytes,1,/Users/pq/aikagan-web/.opencode/node_modules/zod/v4/locales/fr-CA.d.cts,locales,/Users/pq/aikagan-web/.opencode/node_modules/zod/v4/locales
fr-CA.d.ts,2026-09-06 17:28:04 +0000,2026-09-06 17:28:04 +0000,,Mpeg-2 Transport Stream,121 bytes,1,/Users/pq/aikagan-web/.opencode/node_modules/zod/v4/locales/fr-CA.d.ts,locales,/Users/pq/aikagan-web/.opencode/node_modules/zod/v4/locales
fr-CA.js,2026-09-06 17:28:04 +0000,2026-09-06 17:28:04 +0000,,Javascript,5 KB,1,/Users/pq/aikagan-web/.opencode/node_modules/zod/v4/locales/fr-CA.js,locales,/Users/pq/aikagan-web/.opencode/node_modules/zod/v4/locales
fr.cjs,2026-09-06 17:28:04 +0000,2026-09-06 17:28:04 +0000,,Source Code Document,6 KB,1,/Users/pq/aikagan-web/.opencode/node_modules/zod/v4/locales/fr.cjs,locales,/Users/pq/aikagan-web/.opencode/node_modules/zod/v4/locales
fr.d.cts,2026-09-06 17:28:04 +0000,2026-09-06 17:28:04 +0000,,,142 bytes,1,/Users/pq/aikagan-web/.opencode/node_modules/zod/v4/locales/fr.d.cts,locales,/Users/pq/aikagan-web/.opencode/node_modules/zod/v4/locales
fr.d.ts,2026-09-06 17:28:04 +0000,2026-09-06 17:28:04 +0000,,Mpeg-2 Transport Stream,121 bytes,1,/Users/pq/aikagan-web/.opencode/node_modules/zod/v4/locales/fr.d.ts,locales,/Users/pq/aikagan-web/.opencode/node_modules/zod/v4/locales
fr.js,2026-09-06 17:28:04 +0000,2026-09-06 17:28:04 +0000,,Javascript,5 KB,1,/Users/pq/aikagan-web/.opencode/node_modules/zod/v4/locales/fr.js,locales,/Users/pq/aikagan-web/.opencode/node_modules/zod/v4/locales
he.cjs,2026-09-06 17:28:04 +0000,2026-09-06 17:28:04 +0000,,Source Code Document,6 KB,1,/Users/pq/aikagan-web/.opencode/node_modules/zod/v4/locales/he.cjs,locales,/Users/pq/aikagan-web/.opencode/node_modules/zod/v4/locales
he.d.cts,2026-09-06 17:28:04 +0000,2026-09-06 17:28:04 +0000,,,142 bytes,1,/Users/pq/aikagan-web/.opencode/node_modules/zod/v4/locales/he.d.cts,locales,/Users/pq/aikagan-web/.opencode/node_modules/zod/v4/locales
he.d.ts,2026-09-06 17:28:05 +0000,2026-09-06 17:28:04 +0000,,Mpeg-2 Transport Stream,121 bytes,1,/Users/pq/aikagan-web/.opencode/node_modules/zod/v4/locales/he.d.ts,locales,/Users/pq/aikagan-web/.opencode/node_modules/zod/v4/locales
he.js,2026-09-06 17:28:04 +0000,2026-09-06 17:28:04 +0000,,Javascript,5 KB,1,/Users/pq/aikagan-web/.opencode/node_modules/zod/v4/locales/he.js,locales,/Users/pq/aikagan-web/.opencode/node_modules/zod/v4/locales
hu.cjs,2026-09-06 17:28:04 +0000,2026-09-06 17:28:04 +0000,,Source Code Document,6 KB,1,/Users/pq/aikagan-web/.opencode/node_modules/zod/v4/locales/hu.cjs,locales,/Users/pq/aikagan-web/.opencode/node_modules/zod/v4/locales
hu.d.cts,2026-09-06 17:28:04 +0000,2026-09-06 17:28:04 +0000,,,142 bytes,1,/Users/pq/aikagan-web/.opencode/node_modules/zod/v4/locales/hu.d.cts,locales,/Users/pq/aikagan-web/.opencode/node_modules/zod/v4/locales
hu.d.ts,2026-09-06 17:28:05 +0000,2026-09-06 17:28:05 +0000,,Mpeg-2 Transport Stream,121 bytes,1,/Users/pq/aikagan-web/.opencode/node_modules/zod/v4/locales/hu.d.ts,locales,/Users/pq/aikagan-web/.opencode/node_modules/zod/v4/locales
hu.js,2026-09-06 17:28:04 +0000,2026-09-06 17:28:04 +0000,,Javascript,5 KB,1,/Users/pq/aikagan-web/.opencode/node_modules/zod/v4/locales/hu.js,locales,/Users/pq/aikagan-web/.opencode/node_modules/zod/v4/locales
id.cjs,2026-09-06 17:28:04 +0000,2026-09-06 17:28:04 +0000,,Source Code Document,6 KB,1,/Users/pq/aikagan-web/.opencode/node_modules/zod/v4/locales/id.cjs,locales,/Users/pq/aikagan-web/.opencode/node_modules/zod/v4/locales
id.d.cts,2026-09-06 17:28:04 +0000,2026-09-06 17:28:04 +0000,,,142 bytes,1,/Users/pq/aikagan-web/.opencode/node_modules/zod/v4/locales/id.d.cts,locales,/Users/pq/aikagan-web/.opencode/node_modules/zod/v4/locales
id.d.ts,2026-09-06 17:28:05 +0000,2026-09-06 17:28:05 +0000,,Mpeg-2 Transport Stream,121 bytes,1,/Users/pq/aikagan-web/.opencode/node_modules/zod/v4/locales/id.d.ts,locales,/Users/pq/aikagan-web/.opencode/node_modules/zod/v4/locales
id.js,2026-09-06 17:28:04 +0000,2026-09-06 17:28:04 +0000,,Javascript,5 KB,1,/Users/pq/aikagan-web/.opencode/node_modules/zod/v4/locales/id.js,locales,/Users/pq/aikagan-web/.opencode/node_modules/zod/v4/locales
index.cjs,2026-09-06 17:28:04 +0000,2026-09-06 17:28:04 +0000,,Source Code Document,8 KB,1,/Users/pq/aikagan-web/.opencode/node_modules/zod/v4/locales/index.cjs,locales,/Users/pq/aikagan-web/.opencode/node_modules/zod/v4/locales
index.d.cts,2026-09-06 17:28:04 +0000,2026-09-06 17:28:04 +0000,,,2 KB,1,/Users/pq/aikagan-web/.opencode/node_modules/zod/v4/locales/index.d.cts,locales,/Users/pq/aikagan-web/.opencode/node_modules/zod/v4/locales
index.d.ts,2026-09-06 17:28:05 +0000,2026-09-06 17:28:05 +0000,,Mpeg-2 Transport Stream,2 KB,1,/Users/pq/aikagan-web/.opencode/node_modules/zod/v4/locales/index.d.ts,locales,/Users/pq/aikagan-web/.opencode/node_modules/zod/v4/locales
index.js,2026-09-06 17:28:04 +0000,2026-09-06 17:28:04 +0000,,Javascript,2 KB,1,/Users/pq/aikagan-web/.opencode/node_modules/zod/v4/locales/index.js,locales,/Users/pq/aikagan-web/.opencode/node_modules/zod/v4/locales
is.cjs,2026-09-06 17:28:04 +0000,2026-09-06 17:28:04 +0000,,Source Code Document,6 KB,1,/Users/pq/aikagan-web/.opencode/node_modules/zod/v4/locales/is.cjs,locales,/Users/pq/aikagan-web/.opencode/node_modules/zod/v4/locales
is.d.cts,2026-09-06 17:28:04 +0000,2026-09-06 17:28:04 +0000,,,178 bytes,1,/Users/pq/aikagan-web/.opencode/node_modules/zod/v4/locales/is.d.cts,locales,/Users/pq/aikagan-web/.opencode/node_modules/zod/v4/locales
is.d.ts,2026-09-06 17:28:05 +0000,2026-09-06 17:28:05 +0000,,Mpeg-2 Transport Stream,177 bytes,1,/Users/pq/aikagan-web/.opencode/node_modules/zod/v4/locales/is.d.ts,locales,/Users/pq/aikagan-web/.opencode/node_modules/zod/v4/locales
is.js,2026-09-06 17:28:04 +0000,2026-09-06 17:28:04 +0000,,Javascript,5 KB,1,/Users/pq/aikagan-web/.opencode/node_modules/zod/v4/locales/is.js,locales,/Users/pq/aikagan-web/.opencode/node_modules/zod/v4/locales
it.cjs,2026-09-06 17:28:04 +0000,2026-09-06 17:28:04 +0000,,Source Code Document,6 KB,1,/Users/pq/aikagan-web/.opencode/node_modules/zod/v4/locales/it.cjs,locales,/Users/pq/aikagan-web/.opencode/node_modules/zod/v4/locales
it.d.cts,2026-09-06 17:28:04 +0000,2026-09-06 17:28:04 +0000,,,142 bytes,1,/Users/pq/aikagan-web/.opencode/node_modules/zod/v4/locales/it.d.cts,locales,/Users/pq/aikagan-web/.opencode/node_modules/zod/v4/locales
it.d.ts,2026-09-06 17:28:05 +0000,2026-09-06 17:28:05 +0000,,Mpeg-2 Transport Stream,121 bytes,1,/Users/pq/aikagan-web/.opencode/node_modules/zod/v4/locales/it.d.ts,locales,/Users/pq/aikagan-web/.opencode/node_modules/zod/v4/locales
it.js,2026-09-06 17:28:04 +0000,2026-09-06 17:28:04 +0000,,Javascript,5 KB,1,/Users/pq/aikagan-web/.opencode/node_modules/zod/v4/locales/it.js,locales,/Users/pq/aikagan-web/.opencode/node_modules/zod/v4/locales
ja.cjs,2026-09-06 17:28:04 +0000,2026-09-06 17:28:04 +0000,,Source Code Document,6 KB,1,/Users/pq/aikagan-web/.opencode/node_modules/zod/v4/locales/ja.cjs,locales,/Users/pq/aikagan-web/.opencode/node_modules/zod/v4/locales
ja.d.cts,2026-09-06 17:28:04 +0000,2026-09-06 17:28:04 +0000,,,142 bytes,1,/Users/pq/aikagan-web/.opencode/node_modules/zod/v4/locales/ja.d.cts,locales,/Users/pq/aikagan-web/.opencode/node_modules/zod/v4/locales
ja.d.ts,2026-09-06 17:28:05 +0000,2026-09-06 17:28:05 +0000,,Mpeg-2 Transport Stream,121 bytes,1,/Users/pq/aikagan-web/.opencode/node_modules/zod/v4/locales/ja.d.ts,locales,/Users/pq/aikagan-web/.opencode/node_modules/zod/v4/locales
ja.js,2026-09-06 17:28:04 +0000,2026-09-06 17:28:04 +0000,,Javascript,5 KB,1,/Users/pq/aikagan-web/.opencode/node_modules/zod/v4/locales/ja.js,locales,/Users/pq/aikagan-web/.opencode/node_modules/zod/v4/locales
ka.cjs,2026-09-06 17:28:04 +0000,2026-09-06 17:28:04 +0000,,Source Code Document,8 KB,1,/Users/pq/aikagan-web/.opencode/node_modules/zod/v4/locales/ka.cjs,locales,/Users/pq/aikagan-web/.opencode/node_modules/zod/v4/locales
ka.d.cts,2026-09-06 17:28:04 +0000,2026-09-06 17:28:04 +0000,,,178 bytes,1,/Users/pq/aikagan-web/.opencode/node_modules/zod/v4/locales/ka.d.cts,locales,/Users/pq/aikagan-web/.opencode/node_modules/zod/v4/locales
ka.d.ts,2026-09-06 17:28:05 +0000,2026-09-06 17:28:05 +0000,,Mpeg-2 Transport Stream,177 bytes,1,/Users/pq/aikagan-web/.opencode/node_modules/zod/v4/locales/ka.d.ts,locales,/Users/pq/aikagan-web/.opencode/node_modules/zod/v4/locales
ka.js,2026-09-06 17:28:04 +0000,2026-09-06 17:28:04 +0000,,Javascript,6 KB,1,/Users/pq/aikagan-web/.opencode/node_modules/zod/v4/locales/ka.js,locales,/Users/pq/aikagan-web/.opencode/node_modules/zod/v4/locales
kh.cjs,2026-09-06 17:28:04 +0000,2026-09-06 17:28:04 +0000,,Source Code Document,430 bytes,1,/Users/pq/aikagan-web/.opencode/node_modules/zod/v4/locales/kh.cjs,locales,/Users/pq/aikagan-web/.opencode/node_modules/zod/v4/locales
kh.d.cts,2026-09-06 17:28:04 +0000,2026-09-06 17:28:04 +0000,,,142 bytes,1,/Users/pq/aikagan-web/.opencode/node_modules/zod/v4/locales/kh.d.cts,locales,/Users/pq/aikagan-web/.opencode/node_modules/zod/v4/locales
kh.d.ts,2026-09-06 17:28:05 +0000,2026-09-06 17:28:05 +0000,,Mpeg-2 Transport Stream,158 bytes,1,/Users/pq/aikagan-web/.opencode/node_modules/zod/v4/locales/kh.d.ts,locales,/Users/pq/aikagan-web/.opencode/node_modules/zod/v4/locales
kh.js,2026-09-06 17:28:04 +0000,2026-09-06 17:28:04 +0000,,Javascript,111 bytes,1,/Users/pq/aikagan-web/.opencode/node_modules/zod/v4/locales/kh.js,locales,/Users/pq/aikagan-web/.opencode/node_modules/zod/v4/locales
km.cjs,2026-09-06 17:28:04 +0000,2026-09-06 17:28:04 +0000,,Source Code Document,7 KB,1,/Users/pq/aikagan-web/.opencode/node_modules/zod/v4/locales/km.cjs,locales,/Users/pq/aikagan-web/.opencode/node_modules/zod/v4/locales
km.d.cts,2026-09-06 17:28:04 +0000,2026-09-06 17:28:04 +0000,,,142 bytes,1,/Users/pq/aikagan-web/.opencode/node_modules/zod/v4/locales/km.d.cts,locales,/Users/pq/aikagan-web/.opencode/node_modules/zod/v4/locales
km.d.ts,2026-09-06 17:28:05 +0000,2026-09-06 17:28:05 +0000,,Mpeg-2 Transport Stream,121 bytes,1,/Users/pq/aikagan-web/.opencode/node_modules/zod/v4/locales/km.d.ts,locales,/Users/pq/aikagan-web/.opencode/node_modules/zod/v4/locales
km.js,2026-09-06 17:28:04 +0000,2026-09-06 17:28:04 +0000,,Javascript,6 KB,1,/Users/pq/aikagan-web/.opencode/node_modules/zod/v4/locales/km.js,locales,/Users/pq/aikagan-web/.opencode/node_modules/zod/v4/locales
ko.cjs,2026-09-06 17:28:04 +0000,2026-09-06 17:28:04 +0000,,Source Code Document,6 KB,1,/Users/pq/aikagan-web/.opencode/node_modules/zod/v4/locales/ko.cjs,locales,/Users/pq/aikagan-web/.opencode/node_modules/zod/v4/locales
ko.d.cts,2026-09-06 17:28:04 +0000,2026-09-06 17:28:04 +0000,,,142 bytes,1,/Users/pq/aikagan-web/.opencode/node_modules/zod/v4/locales/ko.d.cts,locales,/Users/pq/aikagan-web/.opencode/node_modules/zod/v4/locales
ko.d.ts,2026-09-06 17:28:05 +0000,2026-09-06 17:28:05 +0000,,Mpeg-2 Transport Stream,121 bytes,1,/Users/pq/aikagan-web/.opencode/node_modules/zod/v4/locales/ko.d.ts,locales,/Users/pq/aikagan-web/.opencode/node_modules/zod/v4/locales
ko.js,2026-09-06 17:28:04 +0000,2026-09-06 17:28:04 +0000,,Javascript,5 KB,1,/Users/pq/aikagan-web/.opencode/node_modules/zod/v4/locales/ko.js,locales,/Users/pq/aikagan-web/.opencode/node_modules/zod/v4/locales
lt.cjs,2026-09-06 17:28:04 +0000,2026-09-06 17:28:04 +0000,,Source Code Document,10 KB,1,/Users/pq/aikagan-web/.opencode/node_modules/zod/v4/locales/lt.cjs,locales,/Users/pq/aikagan-web/.opencode/node_modules/zod/v4/locales
lt.d.cts,2026-09-06 17:28:04 +0000,2026-09-06 17:28:04 +0000,,,178 bytes,1,/Users/pq/aikagan-web/.opencode/node_modules/zod/v4/locales/lt.d.cts,locales,/Users/pq/aikagan-web/.opencode/node_modules/zod/v4/locales
lt.d.ts,2026-09-06 17:28:05 +0000,2026-09-06 17:28:05 +0000,,Mpeg-2 Transport Stream,177 bytes,1,/Users/pq/aikagan-web/.opencode/node_modules/zod/v4/locales/lt.d.ts,locales,/Users/pq/aikagan-web/.opencode/node_modules/zod/v4/locales
lt.js,2026-09-06 17:28:04 +0000,2026-09-06 17:28:04 +0000,,Javascript,9 KB,1,/Users/pq/aikagan-web/.opencode/node_modules/zod/v4/locales/lt.js,locales,/Users/pq/aikagan-web/.opencode/node_modules/zod/v4/locales
mk.cjs,2026-09-06 17:28:04 +0000,2026-09-06 17:28:04 +0000,,Source Code Document,7 KB,1,/Users/pq/aikagan-web/.opencode/node_modules/zod/v4/locales/mk.cjs,locales,/Users/pq/aikagan-web/.opencode/node_modules/zod/v4/locales
mk.d.cts,2026-09-06 17:28:04 +0000,2026-09-06 17:28:04 +0000,,,142 bytes,1,/Users/pq/aikagan-web/.opencode/node_modules/zod/v4/locales/mk.d.cts,locales,/Users/pq/aikagan-web/.opencode/node_modules/zod/v4/locales
mk.d.ts,2026-09-06 17:28:05 +0000,2026-09-06 17:28:05 +0000,,Mpeg-2 Transport Stream,121 bytes,1,/Users/pq/aikagan-web/.opencode/node_modules/zod/v4/locales/mk.d.ts,locales,/Users/pq/aikagan-web/.opencode/node_modules/zod/v4/locales
mk.js,2026-09-06 17:28:04 +0000,2026-09-06 17:28:04 +0000,,Javascript,5 KB,1,/Users/pq/aikagan-web/.opencode/node_modules/zod/v4/locales/mk.js,locales,/Users/pq/aikagan-web/.opencode/node_modules/zod/v4/locales
ms.cjs,2026-09-06 17:28:04 +0000,2026-09-06 17:28:04 +0000,,Source Code Document,6 KB,1,/Users/pq/aikagan-web/.opencode/node_modules/zod/v4/locales/ms.cjs,locales,/Users/pq/aikagan-web/.opencode/node_modules/zod/v4/locales
ms.d.cts,2026-09-06 17:28:04 +0000,2026-09-06 17:28:04 +0000,,,142 bytes,1,/Users/pq/aikagan-web/.opencode/node_modules/zod/v4/locales/ms.d.cts,locales,/Users/pq/aikagan-web/.opencode/node_modules/zod/v4/locales
ms.d.ts,2026-09-06 17:28:05 +0000,2026-09-06 17:28:05 +0000,,Mpeg-2 Transport Stream,121 bytes,1,/Users/pq/aikagan-web/.opencode/node_modules/zod/v4/locales/ms.d.ts,locales,/Users/pq/aikagan-web/.opencode/node_modules/zod/v4/locales
ms.js,2026-09-06 17:28:04 +0000,2026-09-06 17:28:04 +0000,,Javascript,5 KB,1,/Users/pq/aikagan-web/.opencode/node_modules/zod/v4/locales/ms.js,locales,/Users/pq/aikagan-web/.opencode/node_modules/zod/v4/locales
nl.cjs,2026-09-06 17:28:04 +0000,2026-09-06 17:28:04 +0000,,Source Code Document,6 KB,1,/Users/pq/aikagan-web/.opencode/node_modules/zod/v4/locales/nl.cjs,locales,/Users/pq/aikagan-web/.opencode/node_modules/zod/v4/locales
nl.d.cts,2026-09-06 17:28:04 +0000,2026-09-06 17:28:04 +0000,,,142 bytes,1,/Users/pq/aikagan-web/.opencode/node_modules/zod/v4/locales/nl.d.cts,locales,/Users/pq/aikagan-web/.opencode/node_modules/zod/v4/locales
nl.d.ts,2026-09-06 17:28:05 +0000,2026-09-06 17:28:05 +0000,,Mpeg-2 Transport Stream,121 bytes,1,/Users/pq/aikagan-web/.opencode/node_modules/zod/v4/locales/nl.d.ts,locales,/Users/pq/aikagan-web/.opencode/node_modules/zod/v4/locales
nl.js,2026-09-06 17:28:04 +0000,2026-09-06 17:28:04 +0000,,Javascript,5 KB,1,/Users/pq/aikagan-web/.opencode/node_modules/zod/v4/locales/nl.js,locales,/Users/pq/aikagan-web/.opencode/node_modules/zod/v4/locales
no.cjs,2026-09-06 17:28:04 +0000,2026-09-06 17:28:04 +0000,,Source Code Document,6 KB,1,/Users/pq/aikagan-web/.opencode/node_modules/zod/v4/locales/no.cjs,locales,/Users/pq/aikagan-web/.opencode/node_modules/zod/v4/locales
no.d.cts,2026-09-06 17:28:04 +0000,2026-09-06 17:28:04 +0000,,,142 bytes,1,/Users/pq/aikagan-web/.opencode/node_modules/zod/v4/locales/no.d.cts,locales,/Users/pq/aikagan-web/.opencode/node_modules/zod/v4/locales
no.d.ts,2026-09-06 17:28:05 +0000,2026-09-06 17:28:05 +0000,,Mpeg-2 Transport Stream,121 bytes,1,/Users/pq/aikagan-web/.opencode/node_modules/zod/v4/locales/no.d.ts,locales,/Users/pq/aikagan-web/.opencode/node_modules/zod/v4/locales
no.js,2026-09-06 17:28:04 +0000,2026-09-06 17:28:04 +0000,,Javascript,5 KB,1,/Users/pq/aikagan-web/.opencode/node_modules/zod/v4/locales/no.js,locales,/Users/pq/aikagan-web/.opencode/node_modules/zod/v4/locales
ota.cjs,2026-09-06 17:28:04 +0000,2026-09-06 17:28:04 +0000,,Source Code Document,6 KB,1,/Users/pq/aikagan-web/.opencode/node_modules/zod/v4/locales/ota.cjs,locales,/Users/pq/aikagan-web/.opencode/node_modules/zod/v4/locales
ota.d.cts,2026-09-06 17:28:04 +0000,2026-09-06 17:28:04 +0000,,,142 bytes,1,/Users/pq/aikagan-web/.opencode/node_modules/zod/v4/locales/ota.d.cts,locales,/Users/pq/aikagan-web/.opencode/node_modules/zod/v4/locales
ota.d.ts,2026-09-06 17:28:05 +0000,2026-09-06 17:28:05 +0000,,Mpeg-2 Transport Stream,121 bytes,1,/Users/pq/aikagan-web/.opencode/node_modules/zod/v4/locales/ota.d.ts,locales,/Users/pq/aikagan-web/.opencode/node_modules/zod/v4/locales
ota.js,2026-09-06 17:28:04 +0000,2026-09-06 17:28:04 +0000,,Javascript,5 KB,1,/Users/pq/aikagan-web/.opencode/node_modules/zod/v4/locales/ota.js,locales,/Users/pq/aikagan-web/.opencode/node_modules/zod/v4/locales
package.json,2026-09-06 17:28:04 +0000,2026-09-06 17:28:04 +0000,,Json,104 bytes,1,/Users/pq/aikagan-web/.opencode/node_modules/zod/v4/locales/package.json,locales,/Users/pq/aikagan-web/.opencode/node_modules/zod/v4/locales
pl.cjs,2026-09-06 17:28:04 +0000,2026-09-06 17:28:04 +0000,,Source Code Document,6 KB,1,/Users/pq/aikagan-web/.opencode/node_modules/zod/v4/locales/pl.cjs,locales,/Users/pq/aikagan-web/.opencode/node_modules/zod/v4/locales
pl.d.cts,2026-09-06 17:28:04 +0000,2026-09-06 17:28:04 +0000,,,142 bytes,1,/Users/pq/aikagan-web/.opencode/node_modules/zod/v4/locales/pl.d.cts,locales,/Users/pq/aikagan-web/.opencode/node_modules/zod/v4/locales
pl.d.ts,2026-09-06 17:28:05 +0000,2026-09-06 17:28:05 +0000,,Mpeg-2 Transport Stream,121 bytes,1,/Users/pq/aikagan-web/.opencode/node_modules/zod/v4/locales/pl.d.ts,locales,/Users/pq/aikagan-web/.opencode/node_modules/zod/v4/locales
pl.js,2026-09-06 17:28:04 +0000,2026-09-06 17:28:04 +0000,,Javascript,5 KB,1,/Users/pq/aikagan-web/.opencode/node_modules/zod/v4/locales/pl.js,locales,/Users/pq/aikagan-web/.opencode/node_modules/zod/v4/locales
ps.cjs,2026-09-06 17:28:04 +0000,2026-09-06 17:28:04 +0000,,Source Code Document,6 KB,1,/Users/pq/aikagan-web/.opencode/node_modules/zod/v4/locales/ps.cjs,locales,/Users/pq/aikagan-web/.opencode/node_modules/zod/v4/locales
ps.d.cts,2026-09-06 17:28:04 +0000,2026-09-06 17:28:04 +0000,,,142 bytes,1,/Users/pq/aikagan-web/.opencode/node_modules/zod/v4/locales/ps.d.cts,locales,/Users/pq/aikagan-web/.opencode/node_modules/zod/v4/locales
ps.d.ts,2026-09-06 17:28:05 +0000,2026-09-06 17:28:05 +0000,,Mpeg-2 Transport Stream,121 bytes,1,/Users/pq/aikagan-web/.opencode/node_modules/zod/v4/locales/ps.d.ts,locales,/Users/pq/aikagan-web/.opencode/node_modules/zod/v4/locales
ps.js,2026-09-06 17:28:04 +0000,2026-09-06 17:28:04 +0000,,Javascript,5 KB,1,/Users/pq/aikagan-web/.opencode/node_modules/zod/v4/locales/ps.js,locales,/Users/pq/aikagan-web/.opencode/node_modules/zod/v4/locales
pt.cjs,2026-09-06 17:28:04 +0000,2026-09-06 17:28:04 +0000,,Source Code Document,6 KB,1,/Users/pq/aikagan-web/.opencode/node_modules/zod/v4/locales/pt.cjs,locales,/Users/pq/aikagan-web/.opencode/node_modules/zod/v4/locales
pt.d.cts,2026-09-06 17:28:04 +0000,2026-09-06 17:28:04 +0000,,,142 bytes,1,/Users/pq/aikagan-web/.opencode/node_modules/zod/v4/locales/pt.d.cts,locales,/Users/pq/aikagan-web/.opencode/node_modules/zod/v4/locales
pt.d.ts,2026-09-06 17:28:05 +0000,2026-09-06 17:28:05 +0000,,Mpeg-2 Transport Stream,121 bytes,1,/Users/pq/aikagan-web/.opencode/node_modules/zod/v4/locales/pt.d.ts,locales,/Users/pq/aikagan-web/.opencode/node_modules/zod/v4/locales
pt.js,2026-09-06 17:28:04 +0000,2026-09-06 17:28:04 +0000,,Javascript,5 KB,1,/Users/pq/aikagan-web/.opencode/node_modules/zod/v4/locales/pt.js,locales,/Users/pq/aikagan-web/.opencode/node_modules/zod/v4/locales
ru.cjs,2026-09-06 17:28:04 +0000,2026-09-06 17:28:04 +0000,,Source Code Document,8 KB,1,/Users/pq/aikagan-web/.opencode/node_modules/zod/v4/locales/ru.cjs,locales,/Users/pq/aikagan-web/.opencode/node_modules/zod/v4/locales
ru.d.cts,2026-09-06 17:28:04 +0000,2026-09-06 17:28:04 +0000,,,142 bytes,1,/Users/pq/aikagan-web/.opencode/node_modules/zod/v4/locales/ru.d.cts,locales,/Users/pq/aikagan-web/.opencode/node_modules/zod/v4/locales
ru.d.ts,2026-09-06 17:28:05 +0000,2026-09-06 17:28:05 +0000,,Mpeg-2 Transport Stream,121 bytes,1,/Users/pq/aikagan-web/.opencode/node_modules/zod/v4/locales/ru.d.ts,locales,/Users/pq/aikagan-web/.opencode/node_modules/zod/v4/locales
ru.js,2026-09-06 17:28:04 +0000,2026-09-06 17:28:04 +0000,,Javascript,7 KB,1,/Users/pq/aikagan-web/.opencode/node_modules/zod/v4/locales/ru.js,locales,/Users/pq/aikagan-web/.opencode/node_modules/zod/v4/locales
sl.cjs,2026-09-06 17:28:04 +0000,2026-09-06 17:28:04 +0000,,Source Code Document,6 KB,1,/Users/pq/aikagan-web/.opencode/node_modules/zod/v4/locales/sl.cjs,locales,/Users/pq/aikagan-web/.opencode/node_modules/zod/v4/locales
sl.d.cts,2026-09-06 17:28:04 +0000,2026-09-06 17:28:04 +0000,,,142 bytes,1,/Users/pq/aikagan-web/.opencode/node_modules/zod/v4/locales/sl.d.cts,locales,/Users/pq/aikagan-web/.opencode/node_modules/zod/v4/locales
sl.d.ts,2026-09-06 17:28:05 +0000,2026-09-06 17:28:05 +0000,,Mpeg-2 Transport Stream,121 bytes,1,/Users/pq/aikagan-web/.opencode/node_modules/zod/v4/locales/sl.d.ts,locales,/Users/pq/aikagan-web/.opencode/node_modules/zod/v4/locales
sl.js,2026-09-06 17:28:04 +0000,2026-09-06 17:28:04 +0000,,Javascript,5 KB,1,/Users/pq/aikagan-web/.opencode/node_modules/zod/v4/locales/sl.js,locales,/Users/pq/aikagan-web/.opencode/node_modules/zod/v4/locales
sv.cjs,2026-09-06 17:28:04 +0000,2026-09-06 17:28:04 +0000,,Source Code Document,6 KB,1,/Users/pq/aikagan-web/.opencode/node_modules/zod/v4/locales/sv.cjs,locales,/Users/pq/aikagan-web/.opencode/node_modules/zod/v4/locales
sv.d.cts,2026-09-06 17:28:04 +0000,2026-09-06 17:28:04 +0000,,,142 bytes,1,/Users/pq/aikagan-web/.opencode/node_modules/zod/v4/locales/sv.d.cts,locales,/Users/pq/aikagan-web/.opencode/node_modules/zod/v4/locales
sv.d.ts,2026-09-06 17:28:05 +0000,2026-09-06 17:28:05 +0000,,Mpeg-2 Transport Stream,121 bytes,1,/Users/pq/aikagan-web/.opencode/node_modules/zod/v4/locales/sv.d.ts,locales,/Users/pq/aikagan-web/.opencode/node_modules/zod/v4/locales
sv.js,2026-09-06 17:28:04 +0000,2026-09-06 17:28:04 +0000,,Javascript,5 KB,1,/Users/pq/aikagan-web/.opencode/node_modules/zod/v4/locales/sv.js,locales,/Users/pq/aikagan-web/.opencode/node_modules/zod/v4/locales
ta.cjs,2026-09-06 17:28:04 +0000,2026-09-06 17:28:04 +0000,,Source Code Document,8 KB,1,/Users/pq/aikagan-web/.opencode/node_modules/zod/v4/locales/ta.cjs,locales,/Users/pq/aikagan-web/.opencode/node_modules/zod/v4/locales
ta.d.cts,2026-09-06 17:28:04 +0000,2026-09-06 17:28:04 +0000,,,142 bytes,1,/Users/pq/aikagan-web/.opencode/node_modules/zod/v4/locales/ta.d.cts,locales,/Users/pq/aikagan-web/.opencode/node_modules/zod/v4/locales
ta.d.ts,2026-09-06 17:28:05 +0000,2026-09-06 17:28:05 +0000,,Mpeg-2 Transport Stream,121 bytes,1,/Users/pq/aikagan-web/.opencode/node_modules/zod/v4/locales/ta.d.ts,locales,/Users/pq/aikagan-web/.opencode/node_modules/zod/v4/locales
ta.js,2026-09-06 17:28:04 +0000,2026-09-06 17:28:04 +0000,,Javascript,6 KB,1,/Users/pq/aikagan-web/.opencode/node_modules/zod/v4/locales/ta.js,locales,/Users/pq/aikagan-web/.opencode/node_modules/zod/v4/locales
th.cjs,2026-09-06 17:28:04 +0000,2026-09-06 17:28:04 +0000,,Source Code Document,7 KB,1,/Users/pq/aikagan-web/.opencode/node_modules/zod/v4/locales/th.cjs,locales,/Users/pq/aikagan-web/.opencode/node_modules/zod/v4/locales
th.d.cts,2026-09-06 17:28:04 +0000,2026-09-06 17:28:04 +0000,,,142 bytes,1,/Users/pq/aikagan-web/.opencode/node_modules/zod/v4/locales/th.d.cts,locales,/Users/pq/aikagan-web/.opencode/node_modules/zod/v4/locales
th.d.ts,2026-09-06 17:28:05 +0000,2026-09-06 17:28:05 +0000,,Mpeg-2 Transport Stream,121 bytes,1,/Users/pq/aikagan-web/.opencode/node_modules/zod/v4/locales/th.d.ts,locales,/Users/pq/aikagan-web/.opencode/node_modules/zod/v4/locales
th.js,2026-09-06 17:28:04 +0000,2026-09-06 17:28:04 +0000,,Javascript,6 KB,1,/Users/pq/aikagan-web/.opencode/node_modules/zod/v4/locales/th.js,locales,/Users/pq/aikagan-web/.opencode/node_modules/zod/v4/locales
tr.cjs,2026-09-06 17:28:04 +0000,2026-09-06 17:28:04 +0000,,Source Code Document,6 KB,1,/Users/pq/aikagan-web/.opencode/node_modules/zod/v4/locales/tr.cjs,locales,/Users/pq/aikagan-web/.opencode/node_modules/zod/v4/locales
tr.d.cts,2026-09-06 17:28:04 +0000,2026-09-06 17:28:04 +0000,,,178 bytes,1,/Users/pq/aikagan-web/.opencode/node_modules/zod/v4/locales/tr.d.cts,locales,/Users/pq/aikagan-web/.opencode/node_modules/zod/v4/locales
tr.d.ts,2026-09-06 17:28:05 +0000,2026-09-06 17:28:05 +0000,,Mpeg-2 Transport Stream,177 bytes,1,/Users/pq/aikagan-web/.opencode/node_modules/zod/v4/locales/tr.d.ts,locales,/Users/pq/aikagan-web/.opencode/node_modules/zod/v4/locales
tr.js,2026-09-06 17:28:04 +0000,2026-09-06 17:28:04 +0000,,Javascript,5 KB,1,/Users/pq/aikagan-web/.opencode/node_modules/zod/v4/locales/tr.js,locales,/Users/pq/aikagan-web/.opencode/node_modules/zod/v4/locales
ua.cjs,2026-09-06 17:28:04 +0000,2026-09-06 17:28:04 +0000,,Source Code Document,430 bytes,1,/Users/pq/aikagan-web/.opencode/node_modules/zod/v4/locales/ua.cjs,locales,/Users/pq/aikagan-web/.opencode/node_modules/zod/v4/locales
ua.d.cts,2026-09-06 17:28:04 +0000,2026-09-06 17:28:04 +0000,,,142 bytes,1,/Users/pq/aikagan-web/.opencode/node_modules/zod/v4/locales/ua.d.cts,locales,/Users/pq/aikagan-web/.opencode/node_modules/zod/v4/locales
ua.d.ts,2026-09-06 17:28:05 +0000,2026-09-06 17:28:05 +0000,,Mpeg-2 Transport Stream,158 bytes,1,/Users/pq/aikagan-web/.opencode/node_modules/zod/v4/locales/ua.d.ts,locales,/Users/pq/aikagan-web/.opencode/node_modules/zod/v4/locales
ua.js,2026-09-06 17:28:04 +0000,2026-09-06 17:28:04 +0000,,Javascript,111 bytes,1,/Users/pq/aikagan-web/.opencode/node_modules/zod/v4/locales/ua.js,locales,/Users/pq/aikagan-web/.opencode/node_modules/zod/v4/locales
uk.cjs,2026-09-06 17:28:04 +0000,2026-09-06 17:28:04 +0000,,Source Code Document,7 KB,1,/Users/pq/aikagan-web/.opencode/node_modules/zod/v4/locales/uk.cjs,locales,/Users/pq/aikagan-web/.opencode/node_modules/zod/v4/locales
uk.d.cts,2026-09-06 17:28:04 +0000,2026-09-06 17:28:04 +0000,,,142 bytes,1,/Users/pq/aikagan-web/.opencode/node_modules/zod/v4/locales/uk.d.cts,locales,/Users/pq/aikagan-web/.opencode/node_modules/zod/v4/locales
uk.d.ts,2026-09-06 17:28:05 +0000,2026-09-06 17:28:05 +0000,,Mpeg-2 Transport Stream,121 bytes,1,/Users/pq/aikagan-web/.opencode/node_modules/zod/v4/locales/uk.d.ts,locales,/Users/pq/aikagan-web/.opencode/node_modules/zod/v4/locales
uk.js,2026-09-06 17:28:04 +0000,2026-09-06 17:28:04 +0000,,Javascript,6 KB,1,/Users/pq/aikagan-web/.opencode/node_modules/zod/v4/locales/uk.js,locales,/Users/pq/aikagan-web/.opencode/node_modules/zod/v4/locales
ur.cjs,2026-09-06 17:28:04 +0000,2026-09-06 17:28:04 +0000,,Source Code Document,6 KB,1,/Users/pq/aikagan-web/.opencode/node_modules/zod/v4/locales/ur.cjs,locales,/Users/pq/aikagan-web/.opencode/node_modules/zod/v4/locales
ur.d.cts,2026-09-06 17:28:04 +0000,2026-09-06 17:28:04 +0000,,,142 bytes,1,/Users/pq/aikagan-web/.opencode/node_modules/zod/v4/locales/ur.d.cts,locales,/Users/pq/aikagan-web/.opencode/node_modules/zod/v4/locales
ur.d.ts,2026-09-06 17:28:05 +0000,2026-09-06 17:28:05 +0000,,Mpeg-2 Transport Stream,121 bytes,1,/Users/pq/aikagan-web/.opencode/node_modules/zod/v4/locales/ur.d.ts,locales,/Users/pq/aikagan-web/.opencode/node_modules/zod/v4/locales
ur.js,2026-09-06 17:28:04 +0000,2026-09-06 17:28:04 +0000,,Javascript,5 KB,1,/Users/pq/aikagan-web/.opencode/node_modules/zod/v4/locales/ur.js,locales,/Users/pq/aikagan-web/.opencode/node_modules/zod/v4/locales
vi.cjs,2026-09-06 17:28:04 +0000,2026-09-06 17:28:04 +0000,,Source Code Document,6 KB,1,/Users/pq/aikagan-web/.opencode/node_modules/zod/v4/locales/vi.cjs,locales,/Users/pq/aikagan-web/.opencode/node_modules/zod/v4/locales
vi.d.cts,2026-09-06 17:28:04 +0000,2026-09-06 17:28:04 +0000,,,142 bytes,1,/Users/pq/aikagan-web/.opencode/node_modules/zod/v4/locales/vi.d.cts,locales,/Users/pq/aikagan-web/.opencode/node_modules/zod/v4/locales
vi.d.ts,2026-09-06 17:28:05 +0000,2026-09-06 17:28:05 +0000,,Mpeg-2 Transport Stream,121 bytes,1,/Users/pq/aikagan-web/.opencode/node_modules/zod/v4/locales/vi.d.ts,locales,/Users/pq/aikagan-web/.opencode/node_modules/zod/v4/locales
vi.js,2026-09-06 17:28:04 +0000,2026-09-06 17:28:04 +0000,,Javascript,5 KB,1,/Users/pq/aikagan-web/.opencode/node_modules/zod/v4/locales/vi.js,locales,/Users/pq/aikagan-web/.opencode/node_modules/zod/v4/locales
yo.cjs,2026-09-06 17:28:04 +0000,2026-09-06 17:28:04 +0000,,Source Code Document,6 KB,1,/Users/pq/aikagan-web/.opencode/node_modules/zod/v4/locales/yo.cjs,locales,/Users/pq/aikagan-web/.opencode/node_modules/zod/v4/locales
yo.d.cts,2026-09-06 17:28:04 +0000,2026-09-06 17:28:04 +0000,,,142 bytes,1,/Users/pq/aikagan-web/.opencode/node_modules/zod/v4/locales/yo.d.cts,locales,/Users/pq/aikagan-web/.opencode/node_modules/zod/v4/locales
yo.d.ts,2026-09-06 17:28:05 +0000,2026-09-06 17:28:05 +0000,,Mpeg-2 Transport Stream,121 bytes,1,/Users/pq/aikagan-web/.opencode/node_modules/zod/v4/locales/yo.d.ts,locales,/Users/pq/aikagan-web/.opencode/node_modules/zod/v4/locales
yo.js,2026-09-06 17:28:04 +0000,2026-09-06 17:28:04 +0000,,Javascript,5 KB,1,/Users/pq/aikagan-web/.opencode/node_modules/zod/v4/locales/yo.js,locales,/Users/pq/aikagan-web/.opencode/node_modules/zod/v4/locales
zh-CN.cjs,2026-09-06 17:28:04 +0000,2026-09-06 17:28:04 +0000,,Source Code Document,6 KB,1,/Users/pq/aikagan-web/.opencode/node_modules/zod/v4/locales/zh-CN.cjs,locales,/Users/pq/aikagan-web/.opencode/node_modules/zod/v4/locales
zh-CN.d.cts,2026-09-06 17:28:04 +0000,2026-09-06 17:28:04 +0000,,,142 bytes,1,/Users/pq/aikagan-web/.opencode/node_modules/zod/v4/locales/zh-CN.d.cts,locales,/Users/pq/aikagan-web/.opencode/node_modules/zod/v4/locales
zh-CN.d.ts,2026-09-06 17:28:05 +0000,2026-09-06 17:28:05 +0000,,Mpeg-2 Transport Stream,121 bytes,1,/Users/pq/aikagan-web/.opencode/node_modules/zod/v4/locales/zh-CN.d.ts,locales,/Users/pq/aikagan-web/.opencode/node_modules/zod/v4/locales
zh-CN.js,2026-09-06 17:28:04 +0000,2026-09-06 17:28:04 +0000,,Javascript,5 KB,1,/Users/pq/aikagan-web/.opencode/node_modules/zod/v4/locales/zh-CN.js,locales,/Users/pq/aikagan-web/.opencode/node_modules/zod/v4/locales
zh-TW.cjs,2026-09-06 17:28:04 +0000,2026-09-06 17:28:04 +0000,,Source Code Document,6 KB,1,/Users/pq/aikagan-web/.opencode/node_modules/zod/v4/locales/zh-TW.cjs,locales,/Users/pq/aikagan-web/.opencode/node_modules/zod/v4/locales
zh-TW.d.cts,2026-09-06 17:28:04 +0000,2026-09-06 17:28:04 +0000,,,142 bytes,1,/Users/pq/aikagan-web/.opencode/node_modules/zod/v4/locales/zh-TW.d.cts,locales,/Users/pq/aikagan-web/.opencode/node_modules/zod/v4/locales
zh-TW.d.ts,2026-09-06 17:28:05 +0000,2026-09-06 17:28:05 +0000,,Mpeg-2 Transport Stream,121 bytes,1,/Users/pq/aikagan-web/.opencode/node_modules/zod/v4/locales/zh-TW.d.ts,locales,/Users/pq/aikagan-web/.opencode/node_modules/zod/v4/locales
zh-TW.js,2026-09-06 17:28:04 +0000,2026-09-06 17:28:04 +0000,,Javascript,5 KB,1,/Users/pq/aikagan-web/.opencode/node_modules/zod/v4/locales/zh-TW.js,locales,/Users/pq/aikagan-web/.opencode/node_modules/zod/v4/locales
mini,2026-09-06 17:28:05 +0000,2026-09-06 17:28:04 +0000,,Folder,29 bytes,0,/Users/pq/aikagan-web/.opencode/node_modules/zod/v4/mini,v4,/Users/pq/aikagan-web/.opencode/node_modules/zod/v4/mini
checks.cjs,2026-09-06 17:28:04 +0000,2026-09-06 17:28:04 +0000,,Source Code Document,4 KB,1,/Users/pq/aikagan-web/.opencode/node_modules/zod/v4/mini/checks.cjs,mini,/Users/pq/aikagan-web/.opencode/node_modules/zod/v4/mini
checks.d.cts,2026-09-06 17:28:04 +0000,2026-09-06 17:28:04 +0000,,,677 bytes,1,/Users/pq/aikagan-web/.opencode/node_modules/zod/v4/mini/checks.d.cts,mini,/Users/pq/aikagan-web/.opencode/node_modules/zod/v4/mini
checks.d.ts,2026-09-06 17:28:04 +0000,2026-09-06 17:28:04 +0000,,Mpeg-2 Transport Stream,676 bytes,1,/Users/pq/aikagan-web/.opencode/node_modules/zod/v4/mini/checks.d.ts,mini,/Users/pq/aikagan-web/.opencode/node_modules/zod/v4/mini
checks.js,2026-09-06 17:28:04 +0000,2026-09-06 17:28:04 +0000,,Javascript,676 bytes,1,/Users/pq/aikagan-web/.opencode/node_modules/zod/v4/mini/checks.js,mini,/Users/pq/aikagan-web/.opencode/node_modules/zod/v4/mini
coerce.cjs,2026-09-06 17:28:04 +0000,2026-09-06 17:28:04 +0000,,Source Code Document,2 KB,1,/Users/pq/aikagan-web/.opencode/node_modules/zod/v4/mini/coerce.cjs,mini,/Users/pq/aikagan-web/.opencode/node_modules/zod/v4/mini
coerce.d.cts,2026-09-06 17:28:04 +0000,2026-09-06 17:28:04 +0000,,,642 bytes,1,/Users/pq/aikagan-web/.opencode/node_modules/zod/v4/mini/coerce.d.cts,mini,/Users/pq/aikagan-web/.opencode/node_modules/zod/v4/mini
coerce.d.ts,2026-09-06 17:28:04 +0000,2026-09-06 17:28:04 +0000,,Mpeg-2 Transport Stream,640 bytes,1,/Users/pq/aikagan-web/.opencode/node_modules/zod/v4/mini/coerce.d.ts,mini,/Users/pq/aikagan-web/.opencode/node_modules/zod/v4/mini
coerce.js,2026-09-06 17:28:04 +0000,2026-09-06 17:28:04 +0000,,Javascript,570 bytes,1,/Users/pq/aikagan-web/.opencode/node_modules/zod/v4/mini/coerce.js,mini,/Users/pq/aikagan-web/.opencode/node_modules/zod/v4/mini
external.cjs,2026-09-06 17:28:04 +0000,2026-09-06 17:28:04 +0000,,Source Code Document,5 KB,1,/Users/pq/aikagan-web/.opencode/node_modules/zod/v4/mini/external.cjs,mini,/Users/pq/aikagan-web/.opencode/node_modules/zod/v4/mini
external.d.cts,2026-09-06 17:28:04 +0000,2026-09-06 17:28:04 +0000,,,674 bytes,1,/Users/pq/aikagan-web/.opencode/node_modules/zod/v4/mini/external.d.cts,mini,/Users/pq/aikagan-web/.opencode/node_modules/zod/v4/mini
external.d.ts,2026-09-06 17:28:04 +0000,2026-09-06 17:28:04 +0000,,Mpeg-2 Transport Stream,664 bytes,1,/Users/pq/aikagan-web/.opencode/node_modules/zod/v4/mini/external.d.ts,mini,/Users/pq/aikagan-web/.opencode/node_modules/zod/v4/mini
external.js,2026-09-06 17:28:04 +0000,2026-09-06 17:28:04 +0000,,Javascript,656 bytes,1,/Users/pq/aikagan-web/.opencode/node_modules/zod/v4/mini/external.js,mini,/Users/pq/aikagan-web/.opencode/node_modules/zod/v4/mini
index.cjs,2026-09-06 17:28:04 +0000,2026-09-06 17:28:04 +0000,,Source Code Document,1 KB,1,/Users/pq/aikagan-web/.opencode/node_modules/zod/v4/mini/index.cjs,mini,/Users/pq/aikagan-web/.opencode/node_modules/zod/v4/mini
index.d.cts,2026-09-06 17:28:04 +0000,2026-09-06 17:28:04 +0000,,,83 bytes,1,/Users/pq/aikagan-web/.opencode/node_modules/zod/v4/mini/index.d.cts,mini,/Users/pq/aikagan-web/.opencode/node_modules/zod/v4/mini
index.d.ts,2026-09-06 17:28:05 +0000,2026-09-06 17:28:05 +0000,,Mpeg-2 Transport Stream,81 bytes,1,/Users/pq/aikagan-web/.opencode/node_modules/zod/v4/mini/index.d.ts,mini,/Users/pq/aikagan-web/.opencode/node_modules/zod/v4/mini
index.js,2026-09-06 17:28:04 +0000,2026-09-06 17:28:04 +0000,,Javascript,81 bytes,1,/Users/pq/aikagan-web/.opencode/node_modules/zod/v4/mini/index.js,mini,/Users/pq/aikagan-web/.opencode/node_modules/zod/v4/mini
iso.cjs,2026-09-06 17:28:04 +0000,2026-09-06 17:28:04 +0000,,Source Code Document,2 KB,1,/Users/pq/aikagan-web/.opencode/node_modules/zod/v4/mini/iso.cjs,mini,/Users/pq/aikagan-web/.opencode/node_modules/zod/v4/mini
iso.d.cts,2026-09-06 17:28:04 +0000,2026-09-06 17:28:04 +0000,,,1 KB,1,/Users/pq/aikagan-web/.opencode/node_modules/zod/v4/mini/iso.d.cts,mini,/Users/pq/aikagan-web/.opencode/node_modules/zod/v4/mini
iso.d.ts,2026-09-06 17:28:05 +0000,2026-09-06 17:28:05 +0000,,Mpeg-2 Transport Stream,1 KB,1,/Users/pq/aikagan-web/.opencode/node_modules/zod/v4/mini/iso.d.ts,mini,/Users/pq/aikagan-web/.opencode/node_modules/zod/v4/mini
iso.js,2026-09-06 17:28:04 +0000,2026-09-06 17:28:04 +0000,,Javascript,1 KB,1,/Users/pq/aikagan-web/.opencode/node_modules/zod/v4/mini/iso.js,mini,/Users/pq/aikagan-web/.opencode/node_modules/zod/v4/mini
package.json,2026-09-06 17:28:04 +0000,2026-09-06 17:28:04 +0000,,Json,104 bytes,1,/Users/pq/aikagan-web/.opencode/node_modules/zod/v4/mini/package.json,mini,/Users/pq/aikagan-web/.opencode/node_modules/zod/v4/mini
parse.cjs,2026-09-06 17:28:04 +0000,2026-09-06 17:28:04 +0000,,Source Code Document,2 KB,1,/Users/pq/aikagan-web/.opencode/node_modules/zod/v4/mini/parse.cjs,mini,/Users/pq/aikagan-web/.opencode/node_modules/zod/v4/mini
parse.d.cts,2026-09-06 17:28:04 +0000,2026-09-06 17:28:04 +0000,,,183 bytes,1,/Users/pq/aikagan-web/.opencode/node_modules/zod/v4/mini/parse.d.cts,mini,/Users/pq/aikagan-web/.opencode/node_modules/zod/v4/mini
parse.d.ts,2026-09-06 17:28:05 +0000,2026-09-06 17:28:05 +0000,,Mpeg-2 Transport Stream,182 bytes,1,/Users/pq/aikagan-web/.opencode/node_modules/zod/v4/mini/parse.d.ts,mini,/Users/pq/aikagan-web/.opencode/node_modules/zod/v4/mini
parse.js,2026-09-06 17:28:04 +0000,2026-09-06 17:28:04 +0000,,Javascript,182 bytes,1,/Users/pq/aikagan-web/.opencode/node_modules/zod/v4/mini/parse.js,mini,/Users/pq/aikagan-web/.opencode/node_modules/zod/v4/mini
schemas.cjs,2026-09-06 17:28:04 +0000,2026-09-06 17:28:04 +0000,,Source Code Document,31 KB,1,/Users/pq/aikagan-web/.opencode/node_modules/zod/v4/mini/schemas.cjs,mini,/Users/pq/aikagan-web/.opencode/node_modules/zod/v4/mini
schemas.d.cts,2026-09-06 17:28:04 +0000,2026-09-06 17:28:04 +0000,,,30 KB,1,/Users/pq/aikagan-web/.opencode/node_modules/zod/v4/mini/schemas.d.cts,mini,/Users/pq/aikagan-web/.opencode/node_modules/zod/v4/mini
schemas.d.ts,2026-09-06 17:28:05 +0000,2026-09-06 17:28:05 +0000,,Mpeg-2 Transport Stream,30 KB,1,/Users/pq/aikagan-web/.opencode/node_modules/zod/v4/mini/schemas.d.ts,mini,/Users/pq/aikagan-web/.opencode/node_modules/zod/v4/mini
schemas.js,2026-09-06 17:28:04 +0000,2026-09-06 17:28:04 +0000,,Javascript,26 KB,1,/Users/pq/aikagan-web/.opencode/node_modules/zod/v4/mini/schemas.js,mini,/Users/pq/aikagan-web/.opencode/node_modules/zod/v4/mini
CHIMERA_BUILD,2026-09-15 03:36:49 +0000,2026-09-15 03:36:18 +0000,,Folder,18 KB,11,/Users/pq/aikagan-web/CHIMERA_BUILD,aikagan-web,/Users/pq/aikagan-web/CHIMERA_BUILD
.DS_Store,2026-09-15 04:33:39 +0000,2026-09-15 03:36:19 +0000,,,8 KB,1,/Users/pq/aikagan-web/CHIMERA_BUILD/.DS_Store,CHIMERA_BUILD,/Users/pq/aikagan-web/CHIMERA_BUILD
Dockerfile,2026-09-15 03:36:49 +0000,2026-09-15 03:36:49 +0000,,Data,452 bytes,1,/Users/pq/aikagan-web/CHIMERA_BUILD/Dockerfile,CHIMERA_BUILD,/Users/pq/aikagan-web/CHIMERA_BUILD
railway.toml,2026-09-15 03:36:49 +0000,2026-09-15 03:36:49 +0000,,Toml Source File,255 bytes,1,/Users/pq/aikagan-web/CHIMERA_BUILD/railway.toml,CHIMERA_BUILD,/Users/pq/aikagan-web/CHIMERA_BUILD
requirements.txt,2026-09-15 03:36:49 +0000,2026-09-15 03:36:49 +0000,,Text,233 bytes,1,/Users/pq/aikagan-web/CHIMERA_BUILD/requirements.txt,CHIMERA_BUILD,/Users/pq/aikagan-web/CHIMERA_BUILD
api,2026-09-15 04:33:34 +0000,2026-09-15 03:36:18 +0000,,Folder,2 KB,3,/Users/pq/aikagan-web/CHIMERA_BUILD/api,CHIMERA_BUILD,/Users/pq/aikagan-web/CHIMERA_BUILD/api
.DS_Store,2026-09-15 04:33:34 +0000,2026-09-15 04:33:34 +0000,,,6 KB,1,/Users/pq/aikagan-web/CHIMERA_BUILD/api/.DS_Store,api,/Users/pq/aikagan-web/CHIMERA_BUILD/api
middleware,2026-09-15 03:36:49 +0000,2026-09-15 03:36:18 +0000,,Folder,2 KB,2,/Users/pq/aikagan-web/CHIMERA_BUILD/api/middleware,api,/Users/pq/aikagan-web/CHIMERA_BUILD/api/middleware
auth.py,2026-09-15 03:36:49 +0000,2026-09-15 03:36:49 +0000,,Python Script,998 bytes,1,/Users/pq/aikagan-web/CHIMERA_BUILD/api/middleware/auth.py,middleware,/Users/pq/aikagan-web/CHIMERA_BUILD/api/middleware
rate_limit.py,2026-09-15 03:36:49 +0000,2026-09-15 03:36:49 +0000,,Python Script,820 bytes,1,/Users/pq/aikagan-web/CHIMERA_BUILD/api/middleware/rate_limit.py,middleware,/Users/pq/aikagan-web/CHIMERA_BUILD/api/middleware
routes,2026-09-15 03:36:49 +0000,2026-09-15 03:36:18 +0000,,Folder,236 bytes,1,/Users/pq/aikagan-web/CHIMERA_BUILD/api/routes,api,/Users/pq/aikagan-web/CHIMERA_BUILD/api/routes
health.py,2026-09-15 03:36:49 +0000,2026-09-15 03:36:49 +0000,,Python Script,236 bytes,1,/Users/pq/aikagan-web/CHIMERA_BUILD/api/routes/health.py,routes,/Users/pq/aikagan-web/CHIMERA_BUILD/api/routes
schemas,2026-09-15 03:36:18 +0000,2026-09-15 03:36:18 +0000,,Folder,Zero KB,0,/Users/pq/aikagan-web/CHIMERA_BUILD/api/schemas,api,/Users/pq/aikagan-web/CHIMERA_BUILD/api/schemas
configs,2026-09-15 03:36:18 +0000,2026-09-15 03:36:18 +0000,,Folder,Zero KB,0,/Users/pq/aikagan-web/CHIMERA_BUILD/configs,CHIMERA_BUILD,/Users/pq/aikagan-web/CHIMERA_BUILD/configs
core,2026-09-15 03:36:49 +0000,2026-09-15 03:36:18 +0000,,Folder,13 KB,5,/Users/pq/aikagan-web/CHIMERA_BUILD/core,CHIMERA_BUILD,/Users/pq/aikagan-web/CHIMERA_BUILD/core
handoff_bus.py,2026-09-15 03:36:49 +0000,2026-09-15 03:36:49 +0000,,Python Script,3 KB,1,/Users/pq/aikagan-web/CHIMERA_BUILD/core/handoff_bus.py,core,/Users/pq/aikagan-web/CHIMERA_BUILD/core
innovation_loop.py,2026-09-15 03:36:49 +0000,2026-09-15 03:36:49 +0000,,Python Script,3 KB,1,/Users/pq/aikagan-web/CHIMERA_BUILD/core/innovation_loop.py,core,/Users/pq/aikagan-web/CHIMERA_BUILD/core
progress_bus.py,2026-09-15 03:36:49 +0000,2026-09-15 03:36:49 +0000,,Python Script,2 KB,1,/Users/pq/aikagan-web/CHIMERA_BUILD/core/progress_bus.py,core,/Users/pq/aikagan-web/CHIMERA_BUILD/core
revenue_tracker.py,2026-09-15 03:36:49 +0000,2026-09-15 03:36:49 +0000,,Python Script,2 KB,1,/Users/pq/aikagan-web/CHIMERA_BUILD/core/revenue_tracker.py,core,/Users/pq/aikagan-web/CHIMERA_BUILD/core
scoring_gates.py,2026-09-15 03:36:49 +0000,2026-09-15 03:36:49 +0000,,Python Script,3 KB,1,/Users/pq/aikagan-web/CHIMERA_BUILD/core/scoring_gates.py,core,/Users/pq/aikagan-web/CHIMERA_BUILD/core
database,2026-09-15 03:36:18 +0000,2026-09-15 03:36:18 +0000,,Folder,Zero KB,0,/Users/pq/aikagan-web/CHIMERA_BUILD/database,CHIMERA_BUILD,/Users/pq/aikagan-web/CHIMERA_BUILD/database
docs,2026-09-15 03:36:18 +0000,2026-09-15 03:36:18 +0000,,Folder,Zero KB,0,/Users/pq/aikagan-web/CHIMERA_BUILD/docs,CHIMERA_BUILD,/Users/pq/aikagan-web/CHIMERA_BUILD/docs
evidence,2026-09-15 03:36:18 +0000,2026-09-15 03:36:18 +0000,,Folder,Zero KB,0,/Users/pq/aikagan-web/CHIMERA_BUILD/evidence,CHIMERA_BUILD,/Users/pq/aikagan-web/CHIMERA_BUILD/evidence
frontend,2026-09-15 03:36:18 +0000,2026-09-15 03:36:18 +0000,,Folder,128 bytes,0,/Users/pq/aikagan-web/CHIMERA_BUILD/frontend,CHIMERA_BUILD,/Users/pq/aikagan-web/CHIMERA_BUILD/frontend
app,2026-09-15 03:36:18 +0000,2026-09-15 03:36:18 +0000,,Folder,Zero KB,0,/Users/pq/aikagan-web/CHIMERA_BUILD/frontend/app,frontend,/Users/pq/aikagan-web/CHIMERA_BUILD/frontend/app
components,2026-09-15 03:36:18 +0000,2026-09-15 03:36:18 +0000,,Folder,Zero KB,0,/Users/pq/aikagan-web/CHIMERA_BUILD/frontend/components,frontend,/Users/pq/aikagan-web/CHIMERA_BUILD/frontend/components
github,2026-09-15 03:36:18 +0000,2026-09-15 03:36:18 +0000,,Folder,64 bytes,0,/Users/pq/aikagan-web/CHIMERA_BUILD/github,CHIMERA_BUILD,/Users/pq/aikagan-web/CHIMERA_BUILD/github
workflows,2026-09-15 03:36:18 +0000,2026-09-15 03:36:18 +0000,,Folder,Zero KB,0,/Users/pq/aikagan-web/CHIMERA_BUILD/github/workflows,github,/Users/pq/aikagan-web/CHIMERA_BUILD/github/workflows
infrastructure,2026-09-15 03:36:18 +0000,2026-09-15 03:36:18 +0000,,Folder,160 bytes,0,/Users/pq/aikagan-web/CHIMERA_BUILD/infrastructure,CHIMERA_BUILD,/Users/pq/aikagan-web/CHIMERA_BUILD/infrastructure
nginx,2026-09-15 03:36:18 +0000,2026-09-15 03:36:18 +0000,,Folder,64 bytes,0,/Users/pq/aikagan-web/CHIMERA_BUILD/infrastructure/nginx,infrastructure,/Users/pq/aikagan-web/CHIMERA_BUILD/infrastructure/nginx
scripts,2026-09-15 03:36:18 +0000,2026-09-15 03:36:18 +0000,,Folder,Zero KB,0,/Users/pq/aikagan-web/CHIMERA_BUILD/infrastructure/nginx/scripts,nginx,/Users/pq/aikagan-web/CHIMERA_BUILD/infrastructure/nginx/scripts
modules,2026-09-15 03:36:18 +0000,2026-09-15 03:36:18 +0000,,Folder,Zero KB,0,/Users/pq/aikagan-web/CHIMERA_BUILD/modules,CHIMERA_BUILD,/Users/pq/aikagan-web/CHIMERA_BUILD/modules
services,2026-09-15 03:36:18 +0000,2026-09-15 03:36:18 +0000,,Folder,Zero KB,0,/Users/pq/aikagan-web/CHIMERA_BUILD/services,CHIMERA_BUILD,/Users/pq/aikagan-web/CHIMERA_BUILD/services
tests,2026-09-15 03:36:18 +0000,2026-09-15 03:36:18 +0000,,Folder,Zero KB,0,/Users/pq/aikagan-web/CHIMERA_BUILD/tests,CHIMERA_BUILD,/Users/pq/aikagan-web/CHIMERA_BUILD/tests
LAUNCH_PROGRAM,2026-09-15 02:01:16 +0000,2026-09-15 01:23:40 +0000,,Folder,19 KB,12,/Users/pq/aikagan-web/LAUNCH_PROGRAM,aikagan-web,/Users/pq/aikagan-web/LAUNCH_PROGRAM
.DS_Store,2026-09-15 02:07:24 +0000,2026-09-15 02:01:16 +0000,,,6 KB,1,/Users/pq/aikagan-web/LAUNCH_PROGRAM/.DS_Store,LAUNCH_PROGRAM,/Users/pq/aikagan-web/LAUNCH_PROGRAM
ASSETS,2026-09-15 01:24:24 +0000,2026-09-15 01:23:40 +0000,,Folder,3 KB,3,/Users/pq/aikagan-web/LAUNCH_PROGRAM/ASSETS,LAUNCH_PROGRAM,/Users/pq/aikagan-web/LAUNCH_PROGRAM/ASSETS
Free_Offers_List.md,2026-09-15 01:24:16 +0000,2026-09-15 01:24:16 +0000,,Markdown Text,1 KB,1,/Users/pq/aikagan-web/LAUNCH_PROGRAM/ASSETS/Free_Offers_List.md,ASSETS,/Users/pq/aikagan-web/LAUNCH_PROGRAM/ASSETS
Registration_Checklist.md,2026-09-15 01:24:24 +0000,2026-09-15 01:24:24 +0000,,Markdown Text,1 KB,1,/Users/pq/aikagan-web/LAUNCH_PROGRAM/ASSETS/Registration_Checklist.md,ASSETS,/Users/pq/aikagan-web/LAUNCH_PROGRAM/ASSETS
Visual_Production_Briefs.md,2026-09-15 01:24:19 +0000,2026-09-15 01:24:19 +0000,,Markdown Text,1 KB,1,/Users/pq/aikagan-web/LAUNCH_PROGRAM/ASSETS/Visual_Production_Briefs.md,ASSETS,/Users/pq/aikagan-web/LAUNCH_PROGRAM/ASSETS
CONTENT,2026-09-15 02:04:32 +0000,2026-09-15 01:23:40 +0000,,Folder,6 KB,3,/Users/pq/aikagan-web/LAUNCH_PROGRAM/CONTENT,LAUNCH_PROGRAM,/Users/pq/aikagan-web/LAUNCH_PROGRAM/CONTENT
.DS_Store,2026-09-15 02:05:40 +0000,2026-09-15 02:04:32 +0000,,,6 KB,1,/Users/pq/aikagan-web/LAUNCH_PROGRAM/CONTENT/.DS_Store,CONTENT,/Users/pq/aikagan-web/LAUNCH_PROGRAM/CONTENT
Blog_Posts,2026-09-15 01:24:02 +0000,2026-09-15 01:23:40 +0000,,Folder,2 KB,1,/Users/pq/aikagan-web/LAUNCH_PROGRAM/CONTENT/Blog_Posts,CONTENT,/Users/pq/aikagan-web/LAUNCH_PROGRAM/CONTENT/Blog_Posts
Authority_Articles.md,2026-09-15 01:24:02 +0000,2026-09-15 01:24:02 +0000,,Markdown Text,2 KB,1,/Users/pq/aikagan-web/LAUNCH_PROGRAM/CONTENT/Blog_Posts/Authority_Articles.md,Blog_Posts,/Users/pq/aikagan-web/LAUNCH_PROGRAM/CONTENT/Blog_Posts
Outreach_Scripts,2026-09-15 01:24:11 +0000,2026-09-15 01:23:40 +0000,,Folder,2 KB,1,/Users/pq/aikagan-web/LAUNCH_PROGRAM/CONTENT/Outreach_Scripts,CONTENT,/Users/pq/aikagan-web/LAUNCH_PROGRAM/CONTENT/Outreach_Scripts
Global_Outreach.md,2026-09-15 01:24:11 +0000,2026-09-15 01:24:11 +0000,,Markdown Text,2 KB,1,/Users/pq/aikagan-web/LAUNCH_PROGRAM/CONTENT/Outreach_Scripts/Global_Outreach.md,Outreach_Scripts,/Users/pq/aikagan-web/LAUNCH_PROGRAM/CONTENT/Outreach_Scripts
Social_Posts,2026-09-15 01:23:58 +0000,2026-09-15 01:23:40 +0000,,Folder,2 KB,1,/Users/pq/aikagan-web/LAUNCH_PROGRAM/CONTENT/Social_Posts,CONTENT,/Users/pq/aikagan-web/LAUNCH_PROGRAM/CONTENT/Social_Posts
Omnichannel_Templates.md,2026-09-15 01:23:58 +0000,2026-09-15 01:23:58 +0000,,Markdown Text,2 KB,1,/Users/pq/aikagan-web/LAUNCH_PROGRAM/CONTENT/Social_Posts/Omnichannel_Templates.md,Social_Posts,/Users/pq/aikagan-web/LAUNCH_PROGRAM/CONTENT/Social_Posts
OPERATIONS,2026-09-15 01:24:33 +0000,2026-09-15 01:23:40 +0000,,Folder,4 KB,3,/Users/pq/aikagan-web/LAUNCH_PROGRAM/OPERATIONS,LAUNCH_PROGRAM,/Users/pq/aikagan-web/LAUNCH_PROGRAM/OPERATIONS
Influencer_Detection_Method.md,2026-09-15 01:24:27 +0000,2026-09-15 01:24:27 +0000,,Markdown Text,1 KB,1,/Users/pq/aikagan-web/LAUNCH_PROGRAM/OPERATIONS/Influencer_Detection_Method.md,OPERATIONS,/Users/pq/aikagan-web/LAUNCH_PROGRAM/OPERATIONS
Legal_Compliance_Guidelines.md,2026-09-15 01:24:29 +0000,2026-09-15 01:24:29 +0000,,Markdown Text,1 KB,1,/Users/pq/aikagan-web/LAUNCH_PROGRAM/OPERATIONS/Legal_Compliance_Guidelines.md,OPERATIONS,/Users/pq/aikagan-web/LAUNCH_PROGRAM/OPERATIONS
Portfolio_Outcome_Samples.md,2026-09-15 01:24:33 +0000,2026-09-15 01:24:33 +0000,,Markdown Text,2 KB,1,/Users/pq/aikagan-web/LAUNCH_PROGRAM/OPERATIONS/Portfolio_Outcome_Samples.md,OPERATIONS,/Users/pq/aikagan-web/LAUNCH_PROGRAM/OPERATIONS
STRATEGY,2026-09-15 01:23:53 +0000,2026-09-15 01:23:40 +0000,,Folder,5 KB,3,/Users/pq/aikagan-web/LAUNCH_PROGRAM/STRATEGY,LAUNCH_PROGRAM,/Users/pq/aikagan-web/LAUNCH_PROGRAM/STRATEGY
GTM_ZeroToHero.md,2026-09-15 01:23:45 +0000,2026-09-15 01:23:45 +0000,,Markdown Text,2 KB,1,/Users/pq/aikagan-web/LAUNCH_PROGRAM/STRATEGY/GTM_ZeroToHero.md,STRATEGY,/Users/pq/aikagan-web/LAUNCH_PROGRAM/STRATEGY
Partnership_Model.md,2026-09-15 01:23:49 +0000,2026-09-15 01:23:49 +0000,,Markdown Text,1 KB,1,/Users/pq/aikagan-web/LAUNCH_PROGRAM/STRATEGY/Partnership_Model.md,STRATEGY,/Users/pq/aikagan-web/LAUNCH_PROGRAM/STRATEGY
Sprint_Roadmap.md,2026-09-15 01:23:53 +0000,2026-09-15 01:23:53 +0000,,Markdown Text,1 KB,1,/Users/pq/aikagan-web/LAUNCH_PROGRAM/STRATEGY/Sprint_Roadmap.md,STRATEGY,/Users/pq/aikagan-web/LAUNCH_PROGRAM/STRATEGY
ORG_SETUP,2026-09-15 02:35:46 +0000,2026-09-15 02:34:46 +0000,,Folder,13 KB,5,/Users/pq/aikagan-web/ORG_SETUP,aikagan-web,/Users/pq/aikagan-web/ORG_SETUP
.DS_Store,2026-09-15 02:49:23 +0000,2026-09-15 02:35:46 +0000,,,6 KB,1,/Users/pq/aikagan-web/ORG_SETUP/.DS_Store,ORG_SETUP,/Users/pq/aikagan-web/ORG_SETUP
CREATIVE,2026-09-15 02:35:41 +0000,2026-09-15 02:34:46 +0000,,Folder,2 KB,1,/Users/pq/aikagan-web/ORG_SETUP/CREATIVE,ORG_SETUP,/Users/pq/aikagan-web/ORG_SETUP/CREATIVE
Lazy_Larry_Production_Engine.md,2026-09-15 02:35:41 +0000,2026-09-15 02:35:41 +0000,,Markdown Text,2 KB,1,/Users/pq/aikagan-web/ORG_SETUP/CREATIVE/Lazy_Larry_Production_Engine.md,CREATIVE,/Users/pq/aikagan-web/ORG_SETUP/CREATIVE
IMPLEMENTATION,2026-09-15 02:35:52 +0000,2026-09-15 02:34:46 +0000,,Folder,3 KB,1,/Users/pq/aikagan-web/ORG_SETUP/IMPLEMENTATION,ORG_SETUP,/Users/pq/aikagan-web/ORG_SETUP/IMPLEMENTATION
Implementation_Cron.md,2026-09-15 02:35:52 +0000,2026-09-15 02:35:52 +0000,,Markdown Text,3 KB,1,/Users/pq/aikagan-web/ORG_SETUP/IMPLEMENTATION/Implementation_Cron.md,IMPLEMENTATION,/Users/pq/aikagan-web/ORG_SETUP/IMPLEMENTATION
TEAM,2026-09-15 02:35:04 +0000,2026-09-15 02:34:46 +0000,,Folder,3 KB,1,/Users/pq/aikagan-web/ORG_SETUP/TEAM,ORG_SETUP,/Users/pq/aikagan-web/ORG_SETUP/TEAM
Dragon_Squad_Org.md,2026-09-15 02:35:04 +0000,2026-09-15 02:35:04 +0000,,Markdown Text,3 KB,1,/Users/pq/aikagan-web/ORG_SETUP/TEAM/Dragon_Squad_Org.md,TEAM,/Users/pq/aikagan-web/ORG_SETUP/TEAM
WORKFLOWS,2026-09-15 02:35:29 +0000,2026-09-15 02:34:46 +0000,,Folder,4 KB,2,/Users/pq/aikagan-web/ORG_SETUP/WORKFLOWS,ORG_SETUP,/Users/pq/aikagan-web/ORG_SETUP/WORKFLOWS
Orchestration_Engine.md,2026-09-15 02:35:17 +0000,2026-09-15 02:35:17 +0000,,Markdown Text,3 KB,1,/Users/pq/aikagan-web/ORG_SETUP/WORKFLOWS/Orchestration_Engine.md,WORKFLOWS,/Users/pq/aikagan-web/ORG_SETUP/WORKFLOWS
Sessions_And_Gates.md,2026-09-15 02:35:29 +0000,2026-09-15 02:35:29 +0000,,Markdown Text,2 KB,1,/Users/pq/aikagan-web/ORG_SETUP/WORKFLOWS/Sessions_And_Gates.md,WORKFLOWS,/Users/pq/aikagan-web/ORG_SETUP/WORKFLOWS
PRODUCTION_SPRINT,2026-09-15 02:37:04 +0000,2026-09-15 02:36:56 +0000,,Folder,9 KB,3,/Users/pq/aikagan-web/PRODUCTION_SPRINT,aikagan-web,/Users/pq/aikagan-web/PRODUCTION_SPRINT
.DS_Store,2026-09-15 03:01:52 +0000,2026-09-15 02:37:04 +0000,,,6 KB,1,/Users/pq/aikagan-web/PRODUCTION_SPRINT/.DS_Store,PRODUCTION_SPRINT,/Users/pq/aikagan-web/PRODUCTION_SPRINT
Landing_Page,2026-09-15 02:37:10 +0000,2026-09-15 02:36:56 +0000,,Folder,5 KB,1,/Users/pq/aikagan-web/PRODUCTION_SPRINT/Landing_Page,PRODUCTION_SPRINT,/Users/pq/aikagan-web/PRODUCTION_SPRINT/Landing_Page
index.html,2026-09-15 03:01:47 +0000,2026-09-15 02:37:10 +0000,,Html Text,5 KB,1,/Users/pq/aikagan-web/PRODUCTION_SPRINT/Landing_Page/index.html,Landing_Page,/Users/pq/aikagan-web/PRODUCTION_SPRINT/Landing_Page
Lead_Magnet,2026-09-15 02:37:04 +0000,2026-09-15 02:36:56 +0000,,Folder,3 KB,1,/Users/pq/aikagan-web/PRODUCTION_SPRINT/Lead_Magnet,PRODUCTION_SPRINT,/Users/pq/aikagan-web/PRODUCTION_SPRINT/Lead_Magnet
Strategic_Operators_Toolkit.md,2026-09-15 02:37:04 +0000,2026-09-15 02:37:04 +0000,,Markdown Text,3 KB,1,/Users/pq/aikagan-web/PRODUCTION_SPRINT/Lead_Magnet/Strategic_Operators_Toolkit.md,Lead_Magnet,/Users/pq/aikagan-web/PRODUCTION_SPRINT/Lead_Magnet
Pipeline,2026-09-15 02:37:14 +0000,2026-09-15 02:36:56 +0000,,Folder,905 bytes,1,/Users/pq/aikagan-web/PRODUCTION_SPRINT/Pipeline,PRODUCTION_SPRINT,/Users/pq/aikagan-web/PRODUCTION_SPRINT/Pipeline
Intent_Audit_Questions.md,2026-09-15 02:37:14 +0000,2026-09-15 02:37:14 +0000,,Markdown Text,905 bytes,1,/Users/pq/aikagan-web/PRODUCTION_SPRINT/Pipeline/Intent_Audit_Questions.md,Pipeline,/Users/pq/aikagan-web/PRODUCTION_SPRINT/Pipeline
backend,2026-09-15 03:02:03 +0000,2026-09-15 03:01:41 +0000,,Folder,6 KB,3,/Users/pq/aikagan-web/backend,aikagan-web,/Users/pq/aikagan-web/backend
opportunity_generator.js,2026-09-15 03:02:03 +0000,2026-09-15 03:02:03 +0000,,Javascript,2 KB,1,/Users/pq/aikagan-web/backend/opportunity_generator.js,backend,/Users/pq/aikagan-web/backend
pipeline_monitor.js,2026-09-15 03:01:52 +0000,2026-09-15 03:01:52 +0000,,Javascript,2 KB,1,/Users/pq/aikagan-web/backend/pipeline_monitor.js,backend,/Users/pq/aikagan-web/backend
server.js,2026-09-15 03:01:41 +0000,2026-09-15 03:01:41 +0000,,Javascript,1 KB,1,/Users/pq/aikagan-web/backend/server.js,backend,/Users/pq/aikagan-web/backend
